Linked: (/root/ros_ws/devel/.private/kortex_driver/include/kortex_driver/CartesianReferenceFrame.h, /root/ros_ws/devel/include/kortex_driver/CartesianReferenceFrame.h)
Linked: (/root/ros_ws/devel/.private/kortex_driver/include/kortex_driver/GetFirmwareVersionRequest.h, /root/ros_ws/devel/include/kortex_driver/GetFirmwareVersionRequest.h)
Linked: (/root/ros_ws/devel/.private/kortex_driver/include/kortex_driver/InterconnectConfig_SafetyIdentifier.h, /root/ros_ws/devel/include/kortex_driver/InterconnectConfig_SafetyIdentifier.h)
Linked: (/root/ros_ws/devel/.private/kortex_driver/include/kortex_driver/SetSafetyErrorThresholdResponse.h, /root/ros_ws/devel/include/kortex_driver/SetSafetyErrorThresholdResponse.h)
Linked: (/root/ros_ws/devel/.private/kortex_driver/include/kortex_driver/UpdateSequenceTaskResponse.h, /root/ros_ws/devel/include/kortex_driver/UpdateSequenceTaskResponse.h)
Linked: (/root/ros_ws/devel/.private/kortex_driver/include/kortex_driver/ActuatorConfig_ClearFaultsResponse.h, /root/ros_ws/devel/include/kortex_driver/ActuatorConfig_ClearFaultsResponse.h)
Linked: (/root/ros_ws/devel/.private/kortex_driver/include/kortex_driver/MapEvent.h, /root/ros_ws/devel/include/kortex_driver/MapEvent.h)
Linked: (/root/ros_ws/devel/.private/kortex_driver/include/kortex_driver/ControlConfig_Unsubscribe.h, /root/ros_ws/devel/include/kortex_driver/ControlConfig_Unsubscribe.h)
Linked: (/root/ros_ws/devel/.private/kortex_driver/include/kortex_driver/PauseActionRequest.h, /root/ros_ws/devel/include/kortex_driver/PauseActionRequest.h)
Linked: (/root/ros_ws/devel/.private/kortex_driver/include/kortex_driver/RobotEventNotificationList.h, /root/ros_ws/devel/include/kortex_driver/RobotEventNotificationList.h)
Linked: (/root/ros_ws/devel/.private/kortex_driver/include/kortex_driver/GetRunModeRequest.h, /root/ros_ws/devel/include/kortex_driver/GetRunModeRequest.h)
Linked: (/root/ros_ws/devel/.private/kortex_driver/include/kortex_driver/DeleteSequenceRequest.h, /root/ros_ws/devel/include/kortex_driver/DeleteSequenceRequest.h)
Linked: (/root/ros_ws/devel/.private/kortex_driver/include/kortex_driver/MotorFeedback.h, /root/ros_ws/devel/include/kortex_driver/MotorFeedback.h)
Linked: (/root/ros_ws/devel/.private/kortex_driver/include/kortex_driver/ActuatorConfig_ControlModeInformation.h, /root/ros_ws/devel/include/kortex_driver/ActuatorConfig_ControlModeInformation.h)
Linked: (/root/ros_ws/devel/.private/kortex_driver/include/kortex_driver/GetTrajectoryErrorReport.h, /root/ros_ws/devel/include/kortex_driver/GetTrajectoryErrorReport.h)
Linked: (/root/ros_ws/devel/.private/kortex_driver/include/kortex_driver/ConnectWifiRequest.h, /root/ros_ws/devel/include/kortex_driver/ConnectWifiRequest.h)
Linked: (/root/ros_ws/devel/.private/kortex_driver/include/kortex_driver/ConstrainedPose.h, /root/ros_ws/devel/include/kortex_driver/ConstrainedPose.h)
Linked: (/root/ros_ws/devel/.private/kortex_driver/include/kortex_driver/GetSensorSettingsRequest.h, /root/ros_ws/devel/include/kortex_driver/GetSensorSettingsRequest.h)
Linked: (/root/ros_ws/devel/.private/kortex_driver/include/kortex_driver/SetBluetoothEnableState.h, /root/ros_ws/devel/include/kortex_driver/SetBluetoothEnableState.h)
Linked: (/root/ros_ws/devel/.private/kortex_driver/include/kortex_driver/PlayCartesianTrajectoryOrientation.h, /root/ros_ws/devel/include/kortex_driver/PlayCartesianTrajectoryOrientation.h)
Linked: (/root/ros_ws/devel/.private/kortex_driver/include/kortex_driver/CountryCode.h, /root/ros_ws/devel/include/kortex_driver/CountryCode.h)
Linked: (/root/ros_ws/devel/.private/kortex_driver/include/kortex_driver/DeleteSequenceTaskRequest.h, /root/ros_ws/devel/include/kortex_driver/DeleteSequenceTaskRequest.h)
Linked: (/root/ros_ws/devel/.private/kortex_driver/include/kortex_driver/CartesianSpeed.h, /root/ros_ws/devel/include/kortex_driver/CartesianSpeed.h)
Linked: (/root/ros_ws/devel/.private/kortex_driver/include/kortex_driver/DeleteMapping.h, /root/ros_ws/devel/include/kortex_driver/DeleteMapping.h)
Linked: (/root/ros_ws/devel/.private/kortex_driver/include/kortex_driver/AddSequenceTasksResponse.h, /root/ros_ws/devel/include/kortex_driver/AddSequenceTasksResponse.h)
Linked: (/root/ros_ws/devel/.private/kortex_driver/include/kortex_driver/OnNotificationMappingInfoTopic.h, /root/ros_ws/devel/include/kortex_driver/OnNotificationMappingInfoTopic.h)
Linked: (/root/ros_ws/devel/.private/kortex_driver/include/kortex_driver/GetPartNumberRevisionResponse.h, /root/ros_ws/devel/include/kortex_driver/GetPartNumberRevisionResponse.h)
Linked: (/root/ros_ws/devel/.private/kortex_driver/include/kortex_driver/SetSensorSettingsRequest.h, /root/ros_ws/devel/include/kortex_driver/SetSensorSettingsRequest.h)
Linked: (/root/ros_ws/devel/.private/kortex_driver/include/kortex_driver/SendJointSpeedsJoystickCommandRequest.h, /root/ros_ws/devel/include/kortex_driver/SendJointSpeedsJoystickCommandRequest.h)
Linked: (/root/ros_ws/devel/.private/kortex_driver/include/kortex_driver/GetArmStateResponse.h, /root/ros_ws/devel/include/kortex_driver/GetArmStateResponse.h)
Linked: (/root/ros_ws/devel/.private/kortex_driver/include/kortex_driver/VisionEvent.h, /root/ros_ws/devel/include/kortex_driver/VisionEvent.h)
Linked: (/root/ros_ws/devel/.private/kortex_driver/include/kortex_driver/ReadAllMappingsRequest.h, /root/ros_ws/devel/include/kortex_driver/ReadAllMappingsRequest.h)
Linked: (/root/ros_ws/devel/.private/kortex_driver/include/kortex_driver/SetDesiredLinearTwist.h, /root/ros_ws/devel/include/kortex_driver/SetDesiredLinearTwist.h)
Linked: (/root/ros_ws/devel/.private/kortex_driver/include/kortex_driver/SendJointSpeedsCommandResponse.h, /root/ros_ws/devel/include/kortex_driver/SendJointSpeedsCommandResponse.h)
Linked: (/root/ros_ws/devel/.private/kortex_driver/include/kortex_driver/SensorSettings.h, /root/ros_ws/devel/include/kortex_driver/SensorSettings.h)
Linked: (/root/ros_ws/devel/.private/kortex_driver/include/kortex_driver/ControlConfigurationEvent.h, /root/ros_ws/devel/include/kortex_driver/ControlConfigurationEvent.h)
Linked: (/root/ros_ws/devel/.private/kortex_driver/include/kortex_driver/Xbox360AnalogInputIdentifier.h, /root/ros_ws/devel/include/kortex_driver/Xbox360AnalogInputIdentifier.h)
Linked: (/root/ros_ws/devel/.private/kortex_driver/include/kortex_driver/GetCalibrationResult.h, /root/ros_ws/devel/include/kortex_driver/GetCalibrationResult.h)
Linked: (/root/ros_ws/devel/.private/kortex_driver/include/kortex_driver/ErrorCodes.h, /root/ros_ws/devel/include/kortex_driver/ErrorCodes.h)
Linked: (/root/ros_ws/devel/.private/kortex_driver/include/kortex_driver/SetJointAccelerationSoftLimits.h, /root/ros_ws/devel/include/kortex_driver/SetJointAccelerationSoftLimits.h)
Linked: (/root/ros_ws/devel/.private/kortex_driver/include/kortex_driver/GetCalibrationResultResponse.h, /root/ros_ws/devel/include/kortex_driver/GetCalibrationResultResponse.h)
Linked: (/root/ros_ws/devel/.private/kortex_driver/include/kortex_driver/StartTeachingResponse.h, /root/ros_ws/devel/include/kortex_driver/StartTeachingResponse.h)
Linked: (/root/ros_ws/devel/.private/kortex_driver/include/kortex_driver/SetWifiEnableStateRequest.h, /root/ros_ws/devel/include/kortex_driver/SetWifiEnableStateRequest.h)
Linked: (/root/ros_ws/devel/.private/kortex_driver/include/kortex_driver/GetTwistSoftLimitationResponse.h, /root/ros_ws/devel/include/kortex_driver/GetTwistSoftLimitationResponse.h)
Linked: (/root/ros_ws/devel/.private/kortex_driver/include/kortex_driver/ControlConfig_GetControlModeResponse.h, /root/ros_ws/devel/include/kortex_driver/ControlConfig_GetControlModeResponse.h)
Linked: (/root/ros_ws/devel/.private/kortex_driver/include/kortex_driver/SetWifiCountryCode.h, /root/ros_ws/devel/include/kortex_driver/SetWifiCountryCode.h)
Linked: (/root/ros_ws/devel/.private/kortex_driver/include/kortex_driver/I2CData.h, /root/ros_ws/devel/include/kortex_driver/I2CData.h)
Linked: (/root/ros_ws/devel/.private/kortex_driver/include/kortex_driver/Unit.h, /root/ros_ws/devel/include/kortex_driver/Unit.h)
Linked: (/root/ros_ws/devel/.private/kortex_driver/include/kortex_driver/ControlConfig_OnNotificationControlModeTopic.h, /root/ros_ws/devel/include/kortex_driver/ControlConfig_OnNotificationControlModeTopic.h)
Linked: (/root/ros_ws/devel/.private/kortex_driver/include/kortex_driver/UserNotification.h, /root/ros_ws/devel/include/kortex_driver/UserNotification.h)
Linked: (/root/ros_ws/devel/.private/kortex_driver/include/kortex_driver/GetAllControllerConfigurations.h, /root/ros_ws/devel/include/kortex_driver/GetAllControllerConfigurations.h)
Linked: (/root/ros_ws/devel/.private/kortex_driver/include/kortex_driver/ResetPayloadInformation.h, /root/ros_ws/devel/include/kortex_driver/ResetPayloadInformation.h)
Linked: (/root/ros_ws/devel/.private/kortex_driver/include/kortex_driver/Gripper.h, /root/ros_ws/devel/include/kortex_driver/Gripper.h)
Linked: (/root/ros_ws/devel/.private/kortex_driver/include/kortex_driver/OnNotificationArmStateTopic.h, /root/ros_ws/devel/include/kortex_driver/OnNotificationArmStateTopic.h)
Linked: (/root/ros_ws/devel/.private/kortex_driver/include/kortex_driver/GPIOMode.h, /root/ros_ws/devel/include/kortex_driver/GPIOMode.h)
Linked: (/root/ros_ws/devel/.private/kortex_driver/include/kortex_driver/ActuatorConfig_ControlMode.h, /root/ros_ws/devel/include/kortex_driver/ActuatorConfig_ControlMode.h)
Linked: (/root/ros_ws/devel/.private/kortex_driver/include/kortex_driver/DeleteActionResponse.h, /root/ros_ws/devel/include/kortex_driver/DeleteActionResponse.h)
Linked: (/root/ros_ws/devel/.private/kortex_driver/include/kortex_driver/SetControlLoopParameters.h, /root/ros_ws/devel/include/kortex_driver/SetControlLoopParameters.h)
Linked: (/root/ros_ws/devel/.private/kortex_driver/include/kortex_driver/BaseCyclic_CustomData.h, /root/ros_ws/devel/include/kortex_driver/BaseCyclic_CustomData.h)
Linked: (/root/ros_ws/devel/.private/kortex_driver/include/kortex_driver/MappingInfoNotification.h, /root/ros_ws/devel/include/kortex_driver/MappingInfoNotification.h)
Linked: (/root/ros_ws/devel/.private/kortex_driver/include/kortex_driver/GetMeasuredJointAngles.h, /root/ros_ws/devel/include/kortex_driver/GetMeasuredJointAngles.h)
Linked: (/root/ros_ws/devel/.private/kortex_driver/include/kortex_driver/CalibrationResult.h, /root/ros_ws/devel/include/kortex_driver/CalibrationResult.h)
Linked: (/root/ros_ws/devel/.private/kortex_driver/include/kortex_driver/CartesianTrajectoryConstraint.h, /root/ros_ws/devel/include/kortex_driver/CartesianTrajectoryConstraint.h)
Linked: (/root/ros_ws/devel/.private/kortex_driver/include/kortex_driver/GetKinematicHardLimits.h, /root/ros_ws/devel/include/kortex_driver/GetKinematicHardLimits.h)
Linked: (/root/ros_ws/devel/.private/kortex_driver/include/kortex_driver/ControlConfig_ControlMode.h, /root/ros_ws/devel/include/kortex_driver/ControlConfig_ControlMode.h)
Linked: (/root/ros_ws/devel/.private/kortex_driver/include/kortex_driver/ControllerNotificationList.h, /root/ros_ws/devel/include/kortex_driver/ControllerNotificationList.h)
Linked: (/root/ros_ws/devel/.private/kortex_driver/include/kortex_driver/GetI2CConfigurationRequest.h, /root/ros_ws/devel/include/kortex_driver/GetI2CConfigurationRequest.h)
Linked: (/root/ros_ws/devel/.private/kortex_driver/include/kortex_driver/DeviceManager_ServiceVersion.h, /root/ros_ws/devel/include/kortex_driver/DeviceManager_ServiceVersion.h)
Linked: (/root/ros_ws/devel/.private/kortex_driver/include/kortex_driver/AxisPosition.h, /root/ros_ws/devel/include/kortex_driver/AxisPosition.h)
Linked: (/root/ros_ws/devel/.private/kortex_driver/include/kortex_driver/SetControlLoopParametersRequest.h, /root/ros_ws/devel/include/kortex_driver/SetControlLoopParametersRequest.h)
Linked: (/root/ros_ws/devel/.private/kortex_driver/include/kortex_driver/OptionInformation.h, /root/ros_ws/devel/include/kortex_driver/OptionInformation.h)
Linked: (/root/ros_ws/devel/.private/kortex_driver/include/kortex_driver/AppendActionInformation.h, /root/ros_ws/devel/include/kortex_driver/AppendActionInformation.h)
Linked: (/root/ros_ws/devel/.private/kortex_driver/include/kortex_driver/GetWifiInformationResponse.h, /root/ros_ws/devel/include/kortex_driver/GetWifiInformationResponse.h)
Linked: (/root/ros_ws/devel/.private/kortex_driver/include/kortex_driver/WifiInformation.h, /root/ros_ws/devel/include/kortex_driver/WifiInformation.h)
Linked: (/root/ros_ws/devel/.private/kortex_driver/include/kortex_driver/GetModelNumber.h, /root/ros_ws/devel/include/kortex_driver/GetModelNumber.h)
Linked: (/root/ros_ws/devel/.private/kortex_driver/include/kortex_driver/Base_GetCapSenseConfig.h, /root/ros_ws/devel/include/kortex_driver/Base_GetCapSenseConfig.h)
Linked: (/root/ros_ws/devel/.private/kortex_driver/include/kortex_driver/PositionCommand.h, /root/ros_ws/devel/include/kortex_driver/PositionCommand.h)
Linked: (/root/ros_ws/devel/.private/kortex_driver/include/kortex_driver/GetDeviceType.h, /root/ros_ws/devel/include/kortex_driver/GetDeviceType.h)
Linked: (/root/ros_ws/devel/.private/kortex_driver/include/kortex_driver/SetUARTConfigurationRequest.h, /root/ros_ws/devel/include/kortex_driver/SetUARTConfigurationRequest.h)
Linked: (/root/ros_ws/devel/.private/kortex_driver/include/kortex_driver/SendSelectedJointSpeedJoystickCommandRequest.h, /root/ros_ws/devel/include/kortex_driver/SendSelectedJointSpeedJoystickCommandRequest.h)
Linked: (/root/ros_ws/devel/.private/kortex_driver/include/kortex_driver/Base_Position.h, /root/ros_ws/devel/include/kortex_driver/Base_Position.h)
Linked: (/root/ros_ws/devel/.private/kortex_driver/include/kortex_driver/AddWifiConfigurationRequest.h, /root/ros_ws/devel/include/kortex_driver/AddWifiConfigurationRequest.h)
Linked: (/root/ros_ws/devel/.private/kortex_driver/include/kortex_driver/OptionValue.h, /root/ros_ws/devel/include/kortex_driver/OptionValue.h)
Linked: (/root/ros_ws/devel/.private/kortex_driver/include/kortex_driver/WifiInformationList.h, /root/ros_ws/devel/include/kortex_driver/WifiInformationList.h)
Linked: (/root/ros_ws/devel/.private/kortex_driver/include/kortex_driver/SafetyConfiguration.h, /root/ros_ws/devel/include/kortex_driver/SafetyConfiguration.h)
Linked: (/root/ros_ws/devel/.private/kortex_driver/include/kortex_driver/GetDeviceTypeRequest.h, /root/ros_ws/devel/include/kortex_driver/GetDeviceTypeRequest.h)
Linked: (/root/ros_ws/devel/.private/kortex_driver/include/kortex_driver/SetAxisOffsetsRequest.h, /root/ros_ws/devel/include/kortex_driver/SetAxisOffsetsRequest.h)
Linked: (/root/ros_ws/devel/.private/kortex_driver/include/kortex_driver/GetEthernetConfigurationRequest.h, /root/ros_ws/devel/include/kortex_driver/GetEthernetConfigurationRequest.h)
Linked: (/root/ros_ws/devel/.private/kortex_driver/include/kortex_driver/IPv4Configuration.h, /root/ros_ws/devel/include/kortex_driver/IPv4Configuration.h)
Linked: (/root/ros_ws/devel/.private/kortex_driver/include/kortex_driver/Empty.h, /root/ros_ws/devel/include/kortex_driver/Empty.h)
Linked: (/root/ros_ws/devel/.private/kortex_driver/include/kortex_driver/ChangeTwist.h, /root/ros_ws/devel/include/kortex_driver/ChangeTwist.h)
Linked: (/root/ros_ws/devel/.private/kortex_driver/include/kortex_driver/SetBluetoothEnableStateResponse.h, /root/ros_ws/devel/include/kortex_driver/SetBluetoothEnableStateResponse.h)
Linked: (/root/ros_ws/devel/.private/kortex_driver/include/kortex_driver/GetPayloadInformation.h, /root/ros_ws/devel/include/kortex_driver/GetPayloadInformation.h)
Linked: (/root/ros_ws/devel/.private/kortex_driver/include/kortex_driver/ResumeSequence.h, /root/ros_ws/devel/include/kortex_driver/ResumeSequence.h)
Linked: (/root/ros_ws/devel/.private/kortex_driver/include/kortex_driver/SwitchControlMapping.h, /root/ros_ws/devel/include/kortex_driver/SwitchControlMapping.h)
Linked: (/root/ros_ws/devel/.private/kortex_driver/include/kortex_driver/UpdateEndEffectorTypeConfiguration.h, /root/ros_ws/devel/include/kortex_driver/UpdateEndEffectorTypeConfiguration.h)
Linked: (/root/ros_ws/devel/.private/kortex_driver/include/kortex_driver/Twist.h, /root/ros_ws/devel/include/kortex_driver/Twist.h)
Linked: (/root/ros_ws/devel/.private/kortex_driver/include/kortex_driver/SetDesiredJointSpeedsRequest.h, /root/ros_ws/devel/include/kortex_driver/SetDesiredJointSpeedsRequest.h)
Linked: (/root/ros_ws/devel/.private/kortex_driver/include/kortex_driver/SensorFocusAction_action_parameters.h, /root/ros_ws/devel/include/kortex_driver/SensorFocusAction_action_parameters.h)
Linked: (/root/ros_ws/devel/.private/kortex_driver/include/kortex_driver/ExecuteCalibration.h, /root/ros_ws/devel/include/kortex_driver/ExecuteCalibration.h)
Linked: (/root/ros_ws/devel/.private/kortex_driver/include/kortex_driver/GetActivatedControlLoop.h, /root/ros_ws/devel/include/kortex_driver/GetActivatedControlLoop.h)
Linked: (/root/ros_ws/devel/.private/kortex_driver/include/kortex_driver/DeleteWifiConfiguration.h, /root/ros_ws/devel/include/kortex_driver/DeleteWifiConfiguration.h)
Linked: (/root/ros_ws/devel/.private/kortex_driver/include/kortex_driver/JointAngle.h, /root/ros_ws/devel/include/kortex_driver/JointAngle.h)
Linked: (/root/ros_ws/devel/.private/kortex_driver/include/kortex_driver/GetAllJointsSpeedHardLimitation.h, /root/ros_ws/devel/include/kortex_driver/GetAllJointsSpeedHardLimitation.h)
Linked: (/root/ros_ws/devel/.private/kortex_driver/include/kortex_driver/ReadAllSequences.h, /root/ros_ws/devel/include/kortex_driver/ReadAllSequences.h)
Linked: (/root/ros_ws/devel/.private/kortex_driver/include/kortex_driver/ServoingModeNotificationList.h, /root/ros_ws/devel/include/kortex_driver/ServoingModeNotificationList.h)
Linked: (/root/ros_ws/devel/.private/kortex_driver/include/kortex_driver/DuplicateMapRequest.h, /root/ros_ws/devel/include/kortex_driver/DuplicateMapRequest.h)
Linked: (/root/ros_ws/devel/.private/kortex_driver/include/kortex_driver/CreateUserProfileRequest.h, /root/ros_ws/devel/include/kortex_driver/CreateUserProfileRequest.h)
Linked: (/root/ros_ws/devel/.private/kortex_driver/include/kortex_driver/GetOptionValueResponse.h, /root/ros_ws/devel/include/kortex_driver/GetOptionValueResponse.h)
Linked: (/root/ros_ws/devel/.private/kortex_driver/include/kortex_driver/GetServoingMode.h, /root/ros_ws/devel/include/kortex_driver/GetServoingMode.h)
Linked: (/root/ros_ws/devel/.private/kortex_driver/include/kortex_driver/CreateSequenceResponse.h, /root/ros_ws/devel/include/kortex_driver/CreateSequenceResponse.h)
Linked: (/root/ros_ws/devel/.private/kortex_driver/include/kortex_driver/DeviceTypes.h, /root/ros_ws/devel/include/kortex_driver/DeviceTypes.h)
Linked: (/root/ros_ws/devel/.private/kortex_driver/include/kortex_driver/SetControlLoopParametersResponse.h, /root/ros_ws/devel/include/kortex_driver/SetControlLoopParametersResponse.h)
Linked: (/root/ros_ws/devel/.private/kortex_driver/include/kortex_driver/TransformationMatrix.h, /root/ros_ws/devel/include/kortex_driver/TransformationMatrix.h)
Linked: (/root/ros_ws/devel/.private/kortex_driver/include/kortex_driver/Action_action_parameters.h, /root/ros_ws/devel/include/kortex_driver/Action_action_parameters.h)
Linked: (/root/ros_ws/devel/.private/kortex_driver/include/kortex_driver/ReadAllMapsRequest.h, /root/ros_ws/devel/include/kortex_driver/ReadAllMapsRequest.h)
Linked: (/root/ros_ws/devel/.private/kortex_driver/include/kortex_driver/ResetJointAccelerationSoftLimits.h, /root/ros_ws/devel/include/kortex_driver/ResetJointAccelerationSoftLimits.h)
Linked: (/root/ros_ws/devel/.private/kortex_driver/include/kortex_driver/Base_Unsubscribe.h, /root/ros_ws/devel/include/kortex_driver/Base_Unsubscribe.h)
Linked: (/root/ros_ws/devel/.private/kortex_driver/include/kortex_driver/GetMACAddressResponse.h, /root/ros_ws/devel/include/kortex_driver/GetMACAddressResponse.h)
Linked: (/root/ros_ws/devel/.private/kortex_driver/include/kortex_driver/IPv4Settings.h, /root/ros_ws/devel/include/kortex_driver/IPv4Settings.h)
Linked: (/root/ros_ws/devel/.private/kortex_driver/include/kortex_driver/SequenceTaskHandle.h, /root/ros_ws/devel/include/kortex_driver/SequenceTaskHandle.h)
Linked: (/root/ros_ws/devel/.private/kortex_driver/include/kortex_driver/CountryCodeIdentifier.h, /root/ros_ws/devel/include/kortex_driver/CountryCodeIdentifier.h)
Linked: (/root/ros_ws/devel/.private/kortex_driver/include/kortex_driver/UpdateProtectionZoneResponse.h, /root/ros_ws/devel/include/kortex_driver/UpdateProtectionZoneResponse.h)
Linked: (/root/ros_ws/devel/.private/kortex_driver/include/kortex_driver/StopTeachingRequest.h, /root/ros_ws/devel/include/kortex_driver/StopTeachingRequest.h)
Linked: (/root/ros_ws/devel/.private/kortex_driver/include/kortex_driver/GetEthernetConfigurationResponse.h, /root/ros_ws/devel/include/kortex_driver/GetEthernetConfigurationResponse.h)
Linked: (/root/ros_ws/devel/.private/kortex_driver/include/kortex_driver/SafetyInformationList.h, /root/ros_ws/devel/include/kortex_driver/SafetyInformationList.h)
Linked: (/root/ros_ws/devel/.private/kortex_driver/include/kortex_driver/ClearSafetyStatusRequest.h, /root/ros_ws/devel/include/kortex_driver/ClearSafetyStatusRequest.h)
Linked: (/root/ros_ws/devel/.private/kortex_driver/include/kortex_driver/GetAllSafetyConfigurationRequest.h, /root/ros_ws/devel/include/kortex_driver/GetAllSafetyConfigurationRequest.h)
Linked: (/root/ros_ws/devel/.private/kortex_driver/include/kortex_driver/GetAvailableWifiRequest.h, /root/ros_ws/devel/include/kortex_driver/GetAvailableWifiRequest.h)
Linked: (/root/ros_ws/devel/.private/kortex_driver/include/kortex_driver/ReadAllSequenceTasksRequest.h, /root/ros_ws/devel/include/kortex_driver/ReadAllSequenceTasksRequest.h)
Linked: (/root/ros_ws/devel/.private/kortex_driver/include/kortex_driver/SendSelectedJointSpeedCommandResponse.h, /root/ros_ws/devel/include/kortex_driver/SendSelectedJointSpeedCommandResponse.h)
Linked: (/root/ros_ws/devel/.private/kortex_driver/include/kortex_driver/StopCalibration.h, /root/ros_ws/devel/include/kortex_driver/StopCalibration.h)
Linked: (/root/ros_ws/devel/.private/kortex_driver/include/kortex_driver/ArmState.h, /root/ros_ws/devel/include/kortex_driver/ArmState.h)
Linked: (/root/ros_ws/devel/.private/kortex_driver/include/kortex_driver/MoveSequenceTaskRequest.h, /root/ros_ws/devel/include/kortex_driver/MoveSequenceTaskRequest.h)
Linked: (/root/ros_ws/devel/.private/kortex_driver/include/kortex_driver/I2CReadResponse.h, /root/ros_ws/devel/include/kortex_driver/I2CReadResponse.h)
Linked: (/root/ros_ws/devel/.private/kortex_driver/include/kortex_driver/UpdateActionRequest.h, /root/ros_ws/devel/include/kortex_driver/UpdateActionRequest.h)
Linked: (/root/ros_ws/devel/.private/kortex_driver/include/kortex_driver/MappingHandle.h, /root/ros_ws/devel/include/kortex_driver/MappingHandle.h)
Linked: (/root/ros_ws/devel/.private/kortex_driver/include/kortex_driver/DeviceConfig_SetCapSenseConfig.h, /root/ros_ws/devel/include/kortex_driver/DeviceConfig_SetCapSenseConfig.h)
Linked: (/root/ros_ws/devel/.private/kortex_driver/include/kortex_driver/ActuatorCommand.h, /root/ros_ws/devel/include/kortex_driver/ActuatorCommand.h)
Linked: (/root/ros_ws/devel/.private/kortex_driver/include/kortex_driver/GetBluetoothEnableState.h, /root/ros_ws/devel/include/kortex_driver/GetBluetoothEnableState.h)
Linked: (/root/ros_ws/devel/.private/kortex_driver/include/kortex_driver/GetGPIOStateResponse.h, /root/ros_ws/devel/include/kortex_driver/GetGPIOStateResponse.h)
Linked: (/root/ros_ws/devel/.private/kortex_driver/include/kortex_driver/SetSafetyConfigurationRequest.h, /root/ros_ws/devel/include/kortex_driver/SetSafetyConfigurationRequest.h)
Linked: (/root/ros_ws/devel/.private/kortex_driver/include/kortex_driver/GetServoingRequest.h, /root/ros_ws/devel/include/kortex_driver/GetServoingRequest.h)
Linked: (/root/ros_ws/devel/.private/kortex_driver/include/kortex_driver/PartNumber.h, /root/ros_ws/devel/include/kortex_driver/PartNumber.h)
Linked: (/root/ros_ws/devel/.private/kortex_driver/include/kortex_driver/InterconnectCyclic_MessageId.h, /root/ros_ws/devel/include/kortex_driver/InterconnectCyclic_MessageId.h)
Linked: (/root/ros_ws/devel/.private/kortex_driver/include/kortex_driver/FollowCartesianTrajectoryResult.h, /root/ros_ws/devel/include/kortex_driver/FollowCartesianTrajectoryResult.h)
Linked: (/root/ros_ws/devel/.private/kortex_driver/include/kortex_driver/ArmLaterality.h, /root/ros_ws/devel/include/kortex_driver/ArmLaterality.h)
Linked: (/root/ros_ws/devel/.private/kortex_driver/include/kortex_driver/ValidateWaypointListResponse.h, /root/ros_ws/devel/include/kortex_driver/ValidateWaypointListResponse.h)
Linked: (/root/ros_ws/devel/.private/kortex_driver/include/kortex_driver/ProtectionZoneList.h, /root/ros_ws/devel/include/kortex_driver/ProtectionZoneList.h)
Linked: (/root/ros_ws/devel/.private/kortex_driver/include/kortex_driver/GetSafetyInformationRequest.h, /root/ros_ws/devel/include/kortex_driver/GetSafetyInformationRequest.h)
Linked: (/root/ros_ws/devel/.private/kortex_driver/include/kortex_driver/GetAllJointsSpeedHardLimitationResponse.h, /root/ros_ws/devel/include/kortex_driver/GetAllJointsSpeedHardLimitationResponse.h)
Linked: (/root/ros_ws/devel/.private/kortex_driver/include/kortex_driver/DisconnectWifi.h, /root/ros_ws/devel/include/kortex_driver/DisconnectWifi.h)
Linked: (/root/ros_ws/devel/.private/kortex_driver/include/kortex_driver/ReadProtectionZone.h, /root/ros_ws/devel/include/kortex_driver/ReadProtectionZone.h)
Linked: (/root/ros_ws/devel/.private/kortex_driver/include/kortex_driver/GetAllJointsSpeedSoftLimitationRequest.h, /root/ros_ws/devel/include/kortex_driver/GetAllJointsSpeedSoftLimitationRequest.h)
Linked: (/root/ros_ws/devel/.private/kortex_driver/include/kortex_driver/I2CWriteRegister.h, /root/ros_ws/devel/include/kortex_driver/I2CWriteRegister.h)
Linked: (/root/ros_ws/devel/.private/kortex_driver/include/kortex_driver/ClearSafetyStatus.h, /root/ros_ws/devel/include/kortex_driver/ClearSafetyStatus.h)
Linked: (/root/ros_ws/devel/.private/kortex_driver/include/kortex_driver/DeviceHandles.h, /root/ros_ws/devel/include/kortex_driver/DeviceHandles.h)
Linked: (/root/ros_ws/devel/.private/kortex_driver/include/kortex_driver/SetControllerConfigurationRequest.h, /root/ros_ws/devel/include/kortex_driver/SetControllerConfigurationRequest.h)
Linked: (/root/ros_ws/devel/.private/kortex_driver/include/kortex_driver/JointSpeedSoftLimits.h, /root/ros_ws/devel/include/kortex_driver/JointSpeedSoftLimits.h)
Linked: (/root/ros_ws/devel/.private/kortex_driver/include/kortex_driver/GetActivatedControlLoopResponse.h, /root/ros_ws/devel/include/kortex_driver/GetActivatedControlLoopResponse.h)
Linked: (/root/ros_ws/devel/.private/kortex_driver/include/kortex_driver/GetOperatingModeRequest.h, /root/ros_ws/devel/include/kortex_driver/GetOperatingModeRequest.h)
Linked: (/root/ros_ws/devel/.private/kortex_driver/include/kortex_driver/DeleteMappingResponse.h, /root/ros_ws/devel/include/kortex_driver/DeleteMappingResponse.h)
Linked: (/root/ros_ws/devel/.private/kortex_driver/include/kortex_driver/FrequencyResponse.h, /root/ros_ws/devel/include/kortex_driver/FrequencyResponse.h)
Linked: (/root/ros_ws/devel/.private/kortex_driver/include/kortex_driver/I2CWriteRegisterRequest.h, /root/ros_ws/devel/include/kortex_driver/I2CWriteRegisterRequest.h)
Linked: (/root/ros_ws/devel/.private/kortex_driver/include/kortex_driver/VisionModuleType.h, /root/ros_ws/devel/include/kortex_driver/VisionModuleType.h)
Linked: (/root/ros_ws/devel/.private/kortex_driver/include/kortex_driver/FullIPv4Configuration.h, /root/ros_ws/devel/include/kortex_driver/FullIPv4Configuration.h)
Linked: (/root/ros_ws/devel/.private/kortex_driver/include/kortex_driver/RestoreFactorySettings.h, /root/ros_ws/devel/include/kortex_driver/RestoreFactorySettings.h)
Linked: (/root/ros_ws/devel/.private/kortex_driver/include/kortex_driver/GetAllConnectedControllers.h, /root/ros_ws/devel/include/kortex_driver/GetAllConnectedControllers.h)
Linked: (/root/ros_ws/devel/.private/kortex_driver/include/kortex_driver/GetRunMode.h, /root/ros_ws/devel/include/kortex_driver/GetRunMode.h)
Linked: (/root/ros_ws/devel/.private/kortex_driver/include/kortex_driver/Stop.h, /root/ros_ws/devel/include/kortex_driver/Stop.h)
Linked: (/root/ros_ws/devel/.private/kortex_driver/include/kortex_driver/CalibrationStatus.h, /root/ros_ws/devel/include/kortex_driver/CalibrationStatus.h)
Linked: (/root/ros_ws/devel/.private/kortex_driver/include/kortex_driver/SelectCustomDataResponse.h, /root/ros_ws/devel/include/kortex_driver/SelectCustomDataResponse.h)
Linked: (/root/ros_ws/devel/.private/kortex_driver/include/kortex_driver/ReadSequenceResponse.h, /root/ros_ws/devel/include/kortex_driver/ReadSequenceResponse.h)
Linked: (/root/ros_ws/devel/.private/kortex_driver/include/kortex_driver/ReadUserProfileResponse.h, /root/ros_ws/devel/include/kortex_driver/ReadUserProfileResponse.h)
Linked: (/root/ros_ws/devel/.private/kortex_driver/include/kortex_driver/StopActionRequest.h, /root/ros_ws/devel/include/kortex_driver/StopActionRequest.h)
Linked: (/root/ros_ws/devel/.private/kortex_driver/include/kortex_driver/LedState.h, /root/ros_ws/devel/include/kortex_driver/LedState.h)
Linked: (/root/ros_ws/devel/.private/kortex_driver/include/kortex_driver/LimitationType.h, /root/ros_ws/devel/include/kortex_driver/LimitationType.h)
Linked: (/root/ros_ws/devel/.private/kortex_driver/include/kortex_driver/ProtectionZone.h, /root/ros_ws/devel/include/kortex_driver/ProtectionZone.h)
Linked: (/root/ros_ws/devel/.private/kortex_driver/include/kortex_driver/SequenceTasks.h, /root/ros_ws/devel/include/kortex_driver/SequenceTasks.h)
Linked: (/root/ros_ws/devel/.private/kortex_driver/include/kortex_driver/Finger.h, /root/ros_ws/devel/include/kortex_driver/Finger.h)
Linked: (/root/ros_ws/devel/.private/kortex_driver/include/kortex_driver/ReadActionResponse.h, /root/ros_ws/devel/include/kortex_driver/ReadActionResponse.h)
Linked: (/root/ros_ws/devel/.private/kortex_driver/include/kortex_driver/StepResponse.h, /root/ros_ws/devel/include/kortex_driver/StepResponse.h)
Linked: (/root/ros_ws/devel/.private/kortex_driver/include/kortex_driver/ActuatorConfig_GetControlMode.h, /root/ros_ws/devel/include/kortex_driver/ActuatorConfig_GetControlMode.h)
Linked: (/root/ros_ws/devel/.private/kortex_driver/include/kortex_driver/Base_ControlMode.h, /root/ros_ws/devel/include/kortex_driver/Base_ControlMode.h)
Linked: (/root/ros_ws/devel/.private/kortex_driver/include/kortex_driver/SequenceTasksPair.h, /root/ros_ws/devel/include/kortex_driver/SequenceTasksPair.h)
Linked: (/root/ros_ws/devel/.private/kortex_driver/include/kortex_driver/Faults.h, /root/ros_ws/devel/include/kortex_driver/Faults.h)
Linked: (/root/ros_ws/devel/.private/kortex_driver/include/kortex_driver/UpdateMappingRequest.h, /root/ros_ws/devel/include/kortex_driver/UpdateMappingRequest.h)
Linked: (/root/ros_ws/devel/.private/kortex_driver/include/kortex_driver/ConstrainedJointAngles.h, /root/ros_ws/devel/include/kortex_driver/ConstrainedJointAngles.h)
Linked: (/root/ros_ws/devel/.private/kortex_driver/include/kortex_driver/GetKinematicHardLimitsRequest.h, /root/ros_ws/devel/include/kortex_driver/GetKinematicHardLimitsRequest.h)
Linked: (/root/ros_ws/devel/.private/kortex_driver/include/kortex_driver/GetBootloaderVersionRequest.h, /root/ros_ws/devel/include/kortex_driver/GetBootloaderVersionRequest.h)
Linked: (/root/ros_ws/devel/.private/kortex_driver/include/kortex_driver/SoundType.h, /root/ros_ws/devel/include/kortex_driver/SoundType.h)
Linked: (/root/ros_ws/devel/.private/kortex_driver/include/kortex_driver/SetIPv4Configuration.h, /root/ros_ws/devel/include/kortex_driver/SetIPv4Configuration.h)
Linked: (/root/ros_ws/devel/.private/kortex_driver/include/kortex_driver/GripperMode.h, /root/ros_ws/devel/include/kortex_driver/GripperMode.h)
Linked: (/root/ros_ws/devel/.private/kortex_driver/include/kortex_driver/ReadAllMappings.h, /root/ros_ws/devel/include/kortex_driver/ReadAllMappings.h)
Linked: (/root/ros_ws/devel/.private/kortex_driver/include/kortex_driver/ActuatorCyclic_ServiceVersion.h, /root/ros_ws/devel/include/kortex_driver/ActuatorCyclic_ServiceVersion.h)
Linked: (/root/ros_ws/devel/.private/kortex_driver/include/kortex_driver/MapHandle.h, /root/ros_ws/devel/include/kortex_driver/MapHandle.h)
Linked: (/root/ros_ws/devel/.private/kortex_driver/include/kortex_driver/Permission.h, /root/ros_ws/devel/include/kortex_driver/Permission.h)
Linked: (/root/ros_ws/devel/.private/kortex_driver/include/kortex_driver/GetFirmwareBundleVersionsRequest.h, /root/ros_ws/devel/include/kortex_driver/GetFirmwareBundleVersionsRequest.h)
Linked: (/root/ros_ws/devel/.private/kortex_driver/include/kortex_driver/SendJointSpeedsCommand.h, /root/ros_ws/devel/include/kortex_driver/SendJointSpeedsCommand.h)
Linked: (/root/ros_ws/devel/.private/kortex_driver/include/kortex_driver/ValidateWaypointListRequest.h, /root/ros_ws/devel/include/kortex_driver/ValidateWaypointListRequest.h)
Linked: (/root/ros_ws/devel/.private/kortex_driver/include/kortex_driver/GetIPv4Information.h, /root/ros_ws/devel/include/kortex_driver/GetIPv4Information.h)
Linked: (/root/ros_ws/devel/.private/kortex_driver/include/kortex_driver/I2CDeviceAddressing.h, /root/ros_ws/devel/include/kortex_driver/I2CDeviceAddressing.h)
Linked: (/root/ros_ws/devel/.private/kortex_driver/include/kortex_driver/ResetTwistLinearSoftLimitResponse.h, /root/ros_ws/devel/include/kortex_driver/ResetTwistLinearSoftLimitResponse.h)
Linked: (/root/ros_ws/devel/.private/kortex_driver/include/kortex_driver/OnNotificationNetworkTopicRequest.h, /root/ros_ws/devel/include/kortex_driver/OnNotificationNetworkTopicRequest.h)
Linked: (/root/ros_ws/devel/.private/kortex_driver/include/kortex_driver/SetToolConfigurationRequest.h, /root/ros_ws/devel/include/kortex_driver/SetToolConfigurationRequest.h)
Linked: (/root/ros_ws/devel/.private/kortex_driver/include/kortex_driver/SetSafetyEnableRequest.h, /root/ros_ws/devel/include/kortex_driver/SetSafetyEnableRequest.h)
Linked: (/root/ros_ws/devel/.private/kortex_driver/include/kortex_driver/GetAllJointsTorqueHardLimitation.h, /root/ros_ws/devel/include/kortex_driver/GetAllJointsTorqueHardLimitation.h)
Linked: (/root/ros_ws/devel/.private/kortex_driver/include/kortex_driver/ServoingMode.h, /root/ros_ws/devel/include/kortex_driver/ServoingMode.h)
Linked: (/root/ros_ws/devel/.private/kortex_driver/include/kortex_driver/Base_GetControlMode.h, /root/ros_ws/devel/include/kortex_driver/Base_GetControlMode.h)
Linked: (/root/ros_ws/devel/.private/kortex_driver/include/kortex_driver/GetGravityVectorRequest.h, /root/ros_ws/devel/include/kortex_driver/GetGravityVectorRequest.h)
Linked: (/root/ros_ws/devel/.private/kortex_driver/include/kortex_driver/TwistCommand.h, /root/ros_ws/devel/include/kortex_driver/TwistCommand.h)
Linked: (/root/ros_ws/devel/.private/kortex_driver/include/kortex_driver/Base_UnsubscribeResponse.h, /root/ros_ws/devel/include/kortex_driver/Base_UnsubscribeResponse.h)
Linked: (/root/ros_ws/devel/.private/kortex_driver/include/kortex_driver/GetTwistHardLimitationResponse.h, /root/ros_ws/devel/include/kortex_driver/GetTwistHardLimitationResponse.h)
Linked: (/root/ros_ws/devel/.private/kortex_driver/include/kortex_driver/GetCoggingFeedforwardModeRequest.h, /root/ros_ws/devel/include/kortex_driver/GetCoggingFeedforwardModeRequest.h)
Linked: (/root/ros_ws/devel/.private/kortex_driver/include/kortex_driver/SendWrenchCommand.h, /root/ros_ws/devel/include/kortex_driver/SendWrenchCommand.h)
Linked: (/root/ros_ws/devel/.private/kortex_driver/include/kortex_driver/DeleteWifiConfigurationResponse.h, /root/ros_ws/devel/include/kortex_driver/DeleteWifiConfigurationResponse.h)
Linked: (/root/ros_ws/devel/.private/kortex_driver/include/kortex_driver/SequenceInfoNotificationList.h, /root/ros_ws/devel/include/kortex_driver/SequenceInfoNotificationList.h)
Linked: (/root/ros_ws/devel/.private/kortex_driver/include/kortex_driver/ReadUserProfile.h, /root/ros_ws/devel/include/kortex_driver/ReadUserProfile.h)
Linked: (/root/ros_ws/devel/.private/kortex_driver/include/kortex_driver/JointTrajectoryConstraint.h, /root/ros_ws/devel/include/kortex_driver/JointTrajectoryConstraint.h)
Linked: (/root/ros_ws/devel/.private/kortex_driver/include/kortex_driver/AdvancedSequenceHandle.h, /root/ros_ws/devel/include/kortex_driver/AdvancedSequenceHandle.h)
Linked: (/root/ros_ws/devel/.private/kortex_driver/include/kortex_driver/Pose.h, /root/ros_ws/devel/include/kortex_driver/Pose.h)
Linked: (/root/ros_ws/devel/.private/kortex_driver/include/kortex_driver/BaseCyclic_Command.h, /root/ros_ws/devel/include/kortex_driver/BaseCyclic_Command.h)
Linked: (/root/ros_ws/devel/.private/kortex_driver/include/kortex_driver/ProtectionZoneHandle.h, /root/ros_ws/devel/include/kortex_driver/ProtectionZoneHandle.h)
Linked: (/root/ros_ws/devel/.private/kortex_driver/include/kortex_driver/StopSequenceResponse.h, /root/ros_ws/devel/include/kortex_driver/StopSequenceResponse.h)
Linked: (/root/ros_ws/devel/.private/kortex_driver/include/kortex_driver/SendTwistJoystickCommand.h, /root/ros_ws/devel/include/kortex_driver/SendTwistJoystickCommand.h)
Linked: (/root/ros_ws/devel/.private/kortex_driver/include/kortex_driver/ClearAllSafetyStatus.h, /root/ros_ws/devel/include/kortex_driver/ClearAllSafetyStatus.h)
Linked: (/root/ros_ws/devel/.private/kortex_driver/include/kortex_driver/WristDigitalInputIdentifier.h, /root/ros_ws/devel/include/kortex_driver/WristDigitalInputIdentifier.h)
Linked: (/root/ros_ws/devel/.private/kortex_driver/include/kortex_driver/Delay.h, /root/ros_ws/devel/include/kortex_driver/Delay.h)
Linked: (/root/ros_ws/devel/.private/kortex_driver/include/kortex_driver/ReadSequence.h, /root/ros_ws/devel/include/kortex_driver/ReadSequence.h)
Linked: (/root/ros_ws/devel/.private/kortex_driver/include/kortex_driver/SendWrenchCommandResponse.h, /root/ros_ws/devel/include/kortex_driver/SendWrenchCommandResponse.h)
Linked: (/root/ros_ws/devel/.private/kortex_driver/include/kortex_driver/StartTeachingRequest.h, /root/ros_ws/devel/include/kortex_driver/StartTeachingRequest.h)
Linked: (/root/ros_ws/devel/.private/kortex_driver/include/kortex_driver/StopSequence.h, /root/ros_ws/devel/include/kortex_driver/StopSequence.h)
Linked: (/root/ros_ws/devel/.private/kortex_driver/include/kortex_driver/SetSafetyErrorThreshold.h, /root/ros_ws/devel/include/kortex_driver/SetSafetyErrorThreshold.h)
Linked: (/root/ros_ws/devel/.private/kortex_driver/include/kortex_driver/SetServoingModeResponse.h, /root/ros_ws/devel/include/kortex_driver/SetServoingModeResponse.h)
Linked: (/root/ros_ws/devel/.private/kortex_driver/include/kortex_driver/CreateProtectionZoneRequest.h, /root/ros_ws/devel/include/kortex_driver/CreateProtectionZoneRequest.h)
Linked: (/root/ros_ws/devel/.private/kortex_driver/include/kortex_driver/ResumeActionRequest.h, /root/ros_ws/devel/include/kortex_driver/ResumeActionRequest.h)
Linked: (/root/ros_ws/devel/.private/kortex_driver/include/kortex_driver/WifiEnableState.h, /root/ros_ws/devel/include/kortex_driver/WifiEnableState.h)
Linked: (/root/ros_ws/devel/.private/kortex_driver/include/kortex_driver/AngularTwist.h, /root/ros_ws/devel/include/kortex_driver/AngularTwist.h)
Linked: (/root/ros_ws/devel/.private/kortex_driver/include/kortex_driver/ReadAllDevicesRequest.h, /root/ros_ws/devel/include/kortex_driver/ReadAllDevicesRequest.h)
Linked: (/root/ros_ws/devel/.private/kortex_driver/include/kortex_driver/ControllerType.h, /root/ros_ws/devel/include/kortex_driver/ControllerType.h)
Linked: (/root/ros_ws/devel/.private/kortex_driver/include/kortex_driver/IntrinsicProfileIdentifier.h, /root/ros_ws/devel/include/kortex_driver/IntrinsicProfileIdentifier.h)
Linked: (/root/ros_ws/devel/.private/kortex_driver/include/kortex_driver/ActivateMapHandle.h, /root/ros_ws/devel/include/kortex_driver/ActivateMapHandle.h)
Linked: (/root/ros_ws/devel/.private/kortex_driver/include/kortex_driver/GetPartNumber.h, /root/ros_ws/devel/include/kortex_driver/GetPartNumber.h)
Linked: (/root/ros_ws/devel/.private/kortex_driver/include/kortex_driver/UpdateUserProfile.h, /root/ros_ws/devel/include/kortex_driver/UpdateUserProfile.h)
Linked: (/root/ros_ws/devel/.private/kortex_driver/include/kortex_driver/GetBridgeList.h, /root/ros_ws/devel/include/kortex_driver/GetBridgeList.h)
Linked: (/root/ros_ws/devel/.private/kortex_driver/include/kortex_driver/InterconnectCyclic_Command_tool_command.h, /root/ros_ws/devel/include/kortex_driver/InterconnectCyclic_Command_tool_command.h)
Linked: (/root/ros_ws/devel/.private/kortex_driver/include/kortex_driver/ExecuteWaypointTrajectoryRequest.h, /root/ros_ws/devel/include/kortex_driver/ExecuteWaypointTrajectoryRequest.h)
Linked: (/root/ros_ws/devel/.private/kortex_driver/include/kortex_driver/DeviceConfig_CapSenseMode.h, /root/ros_ws/devel/include/kortex_driver/DeviceConfig_CapSenseMode.h)
Linked: (/root/ros_ws/devel/.private/kortex_driver/include/kortex_driver/NotificationHandle.h, /root/ros_ws/devel/include/kortex_driver/NotificationHandle.h)
Linked: (/root/ros_ws/devel/.private/kortex_driver/include/kortex_driver/GPIOIdentification.h, /root/ros_ws/devel/include/kortex_driver/GPIOIdentification.h)
Linked: (/root/ros_ws/devel/.private/kortex_driver/include/kortex_driver/UARTStopBits.h, /root/ros_ws/devel/include/kortex_driver/UARTStopBits.h)
Linked: (/root/ros_ws/devel/.private/kortex_driver/include/kortex_driver/UpdateProtectionZoneRequest.h, /root/ros_ws/devel/include/kortex_driver/UpdateProtectionZoneRequest.h)
Linked: (/root/ros_ws/devel/.private/kortex_driver/include/kortex_driver/GetTwistSoftLimitation.h, /root/ros_ws/devel/include/kortex_driver/GetTwistSoftLimitation.h)
Linked: (/root/ros_ws/devel/.private/kortex_driver/include/kortex_driver/StartWifiScanRequest.h, /root/ros_ws/devel/include/kortex_driver/StartWifiScanRequest.h)
Linked: (/root/ros_ws/devel/.private/kortex_driver/include/kortex_driver/InterconnectConfig_ServiceVersion.h, /root/ros_ws/devel/include/kortex_driver/InterconnectConfig_ServiceVersion.h)
Linked: (/root/ros_ws/devel/.private/kortex_driver/include/kortex_driver/I2CWriteParameter.h, /root/ros_ws/devel/include/kortex_driver/I2CWriteParameter.h)
Linked: (/root/ros_ws/devel/.private/kortex_driver/include/kortex_driver/DeviceConfig_SetCapSenseConfigResponse.h, /root/ros_ws/devel/include/kortex_driver/DeviceConfig_SetCapSenseConfigResponse.h)
Linked: (/root/ros_ws/devel/.private/kortex_driver/include/kortex_driver/SetTwistLinearSoftLimitRequest.h, /root/ros_ws/devel/include/kortex_driver/SetTwistLinearSoftLimitRequest.h)
Linked: (/root/ros_ws/devel/.private/kortex_driver/include/kortex_driver/SetJointAccelerationSoftLimitsRequest.h, /root/ros_ws/devel/include/kortex_driver/SetJointAccelerationSoftLimitsRequest.h)
Linked: (/root/ros_ws/devel/.private/kortex_driver/include/kortex_driver/GetAvailableWifiResponse.h, /root/ros_ws/devel/include/kortex_driver/GetAvailableWifiResponse.h)
Linked: (/root/ros_ws/devel/.private/kortex_driver/include/kortex_driver/DuplicateMappingResponse.h, /root/ros_ws/devel/include/kortex_driver/DuplicateMappingResponse.h)
Linked: (/root/ros_ws/devel/.private/kortex_driver/include/kortex_driver/ControllerConfigurationList.h, /root/ros_ws/devel/include/kortex_driver/ControllerConfigurationList.h)
Linked: (/root/ros_ws/devel/.private/kortex_driver/include/kortex_driver/StopActionResponse.h, /root/ros_ws/devel/include/kortex_driver/StopActionResponse.h)
Linked: (/root/ros_ws/devel/.private/kortex_driver/include/kortex_driver/GetAllSafetyInformation.h, /root/ros_ws/devel/include/kortex_driver/GetAllSafetyInformation.h)
Linked: (/root/ros_ws/devel/.private/kortex_driver/include/kortex_driver/ReadAllActionsRequest.h, /root/ros_ws/devel/include/kortex_driver/ReadAllActionsRequest.h)
Linked: (/root/ros_ws/devel/.private/kortex_driver/include/kortex_driver/UserProfile.h, /root/ros_ws/devel/include/kortex_driver/UserProfile.h)
Linked: (/root/ros_ws/devel/.private/kortex_driver/include/kortex_driver/GetWifiCountryCodeRequest.h, /root/ros_ws/devel/include/kortex_driver/GetWifiCountryCodeRequest.h)
Linked: (/root/ros_ws/devel/.private/kortex_driver/include/kortex_driver/GetDesiredSpeedsResponse.h, /root/ros_ws/devel/include/kortex_driver/GetDesiredSpeedsResponse.h)
Linked: (/root/ros_ws/devel/.private/kortex_driver/include/kortex_driver/GetMACAddressRequest.h, /root/ros_ws/devel/include/kortex_driver/GetMACAddressRequest.h)
Linked: (/root/ros_ws/devel/.private/kortex_driver/include/kortex_driver/PlaySelectedJointTrajectoryResponse.h, /root/ros_ws/devel/include/kortex_driver/PlaySelectedJointTrajectoryResponse.h)
Linked: (/root/ros_ws/devel/.private/kortex_driver/include/kortex_driver/ControlLoopParameters.h, /root/ros_ws/devel/include/kortex_driver/ControlLoopParameters.h)
Linked: (/root/ros_ws/devel/.private/kortex_driver/include/kortex_driver/UpdateSequenceTaskRequest.h, /root/ros_ws/devel/include/kortex_driver/UpdateSequenceTaskRequest.h)
Linked: (/root/ros_ws/devel/.private/kortex_driver/include/kortex_driver/GetOperatingModeResponse.h, /root/ros_ws/devel/include/kortex_driver/GetOperatingModeResponse.h)
Linked: (/root/ros_ws/devel/.private/kortex_driver/include/kortex_driver/OnNotificationActionTopicResponse.h, /root/ros_ws/devel/include/kortex_driver/OnNotificationActionTopicResponse.h)
Linked: (/root/ros_ws/devel/.private/kortex_driver/include/kortex_driver/FirmwareBundleVersions.h, /root/ros_ws/devel/include/kortex_driver/FirmwareBundleVersions.h)
Linked: (/root/ros_ws/devel/.private/kortex_driver/include/kortex_driver/GetSerialNumberRequest.h, /root/ros_ws/devel/include/kortex_driver/GetSerialNumberRequest.h)
Linked: (/root/ros_ws/devel/.private/kortex_driver/include/kortex_driver/Base_OnNotificationControlModeTopicResponse.h, /root/ros_ws/devel/include/kortex_driver/Base_OnNotificationControlModeTopicResponse.h)
Linked: (/root/ros_ws/devel/.private/kortex_driver/include/kortex_driver/CoggingFeedforwardMode.h, /root/ros_ws/devel/include/kortex_driver/CoggingFeedforwardMode.h)
Linked: (/root/ros_ws/devel/.private/kortex_driver/include/kortex_driver/GetIPv4SettingsRequest.h, /root/ros_ws/devel/include/kortex_driver/GetIPv4SettingsRequest.h)
Linked: (/root/ros_ws/devel/.private/kortex_driver/include/kortex_driver/CartesianLimitationList.h, /root/ros_ws/devel/include/kortex_driver/CartesianLimitationList.h)
Linked: (/root/ros_ws/devel/.private/kortex_driver/include/kortex_driver/SequenceInfoNotification.h, /root/ros_ws/devel/include/kortex_driver/SequenceInfoNotification.h)
Linked: (/root/ros_ws/devel/.private/kortex_driver/include/kortex_driver/ActuatorCyclic_Command.h, /root/ros_ws/devel/include/kortex_driver/ActuatorCyclic_Command.h)
Linked: (/root/ros_ws/devel/.private/kortex_driver/include/kortex_driver/Servoing.h, /root/ros_ws/devel/include/kortex_driver/Servoing.h)
Linked: (/root/ros_ws/devel/.private/kortex_driver/include/kortex_driver/GetWifiCountryCodeResponse.h, /root/ros_ws/devel/include/kortex_driver/GetWifiCountryCodeResponse.h)
Linked: (/root/ros_ws/devel/.private/kortex_driver/include/kortex_driver/ResetSafetyDefaultsResponse.h, /root/ros_ws/devel/include/kortex_driver/ResetSafetyDefaultsResponse.h)
Linked: (/root/ros_ws/devel/.private/kortex_driver/include/kortex_driver/GetIPv4InformationRequest.h, /root/ros_ws/devel/include/kortex_driver/GetIPv4InformationRequest.h)
Linked: (/root/ros_ws/devel/.private/kortex_driver/include/kortex_driver/SendWrenchJoystickCommand.h, /root/ros_ws/devel/include/kortex_driver/SendWrenchJoystickCommand.h)
Linked: (/root/ros_ws/devel/.private/kortex_driver/include/kortex_driver/RunMode.h, /root/ros_ws/devel/include/kortex_driver/RunMode.h)
Linked: (/root/ros_ws/devel/.private/kortex_driver/include/kortex_driver/OnNotificationServoingModeTopicRequest.h, /root/ros_ws/devel/include/kortex_driver/OnNotificationServoingModeTopicRequest.h)
Linked: (/root/ros_ws/devel/.private/kortex_driver/include/kortex_driver/TrajectoryErrorType.h, /root/ros_ws/devel/include/kortex_driver/TrajectoryErrorType.h)
Linked: (/root/ros_ws/devel/.private/kortex_driver/include/kortex_driver/SetGPIOConfigurationRequest.h, /root/ros_ws/devel/include/kortex_driver/SetGPIOConfigurationRequest.h)
Linked: (/root/ros_ws/devel/.private/kortex_driver/include/kortex_driver/PlayCartesianTrajectoryPositionResponse.h, /root/ros_ws/devel/include/kortex_driver/PlayCartesianTrajectoryPositionResponse.h)
Linked: (/root/ros_ws/devel/.private/kortex_driver/include/kortex_driver/EventIdSequenceInfoNotification.h, /root/ros_ws/devel/include/kortex_driver/EventIdSequenceInfoNotification.h)
Linked: (/root/ros_ws/devel/.private/kortex_driver/include/kortex_driver/FollowCartesianTrajectoryActionResult.h, /root/ros_ws/devel/include/kortex_driver/FollowCartesianTrajectoryActionResult.h)
Linked: (/root/ros_ws/devel/.private/kortex_driver/include/kortex_driver/GetSensorSettings.h, /root/ros_ws/devel/include/kortex_driver/GetSensorSettings.h)
Linked: (/root/ros_ws/devel/.private/kortex_driver/include/kortex_driver/InterconnectConfig_GPIOConfiguration.h, /root/ros_ws/devel/include/kortex_driver/InterconnectConfig_GPIOConfiguration.h)
Linked: (/root/ros_ws/devel/.private/kortex_driver/include/kortex_driver/SetCoggingFeedforwardModeRequest.h, /root/ros_ws/devel/include/kortex_driver/SetCoggingFeedforwardModeRequest.h)
Linked: (/root/ros_ws/devel/.private/kortex_driver/include/kortex_driver/SetRunModeRequest.h, /root/ros_ws/devel/include/kortex_driver/SetRunModeRequest.h)
Linked: (/root/ros_ws/devel/.private/kortex_driver/include/kortex_driver/GetAllJointsSpeedSoftLimitationResponse.h, /root/ros_ws/devel/include/kortex_driver/GetAllJointsSpeedSoftLimitationResponse.h)
Linked: (/root/ros_ws/devel/.private/kortex_driver/include/kortex_driver/SetServoingResponse.h, /root/ros_ws/devel/include/kortex_driver/SetServoingResponse.h)
Linked: (/root/ros_ws/devel/.private/kortex_driver/include/kortex_driver/ActionExecutionState.h, /root/ros_ws/devel/include/kortex_driver/ActionExecutionState.h)
Linked: (/root/ros_ws/devel/.private/kortex_driver/include/kortex_driver/GetWrenchSoftLimitationResponse.h, /root/ros_ws/devel/include/kortex_driver/GetWrenchSoftLimitationResponse.h)
Linked: (/root/ros_ws/devel/.private/kortex_driver/include/kortex_driver/ReadAllUsersRequest.h, /root/ros_ws/devel/include/kortex_driver/ReadAllUsersRequest.h)
Linked: (/root/ros_ws/devel/.private/kortex_driver/include/kortex_driver/MapGroup.h, /root/ros_ws/devel/include/kortex_driver/MapGroup.h)
Linked: (/root/ros_ws/devel/.private/kortex_driver/include/kortex_driver/CartesianWaypoint.h, /root/ros_ws/devel/include/kortex_driver/CartesianWaypoint.h)
Linked: (/root/ros_ws/devel/.private/kortex_driver/include/kortex_driver/ExecuteAction.h, /root/ros_ws/devel/include/kortex_driver/ExecuteAction.h)
Linked: (/root/ros_ws/devel/.private/kortex_driver/include/kortex_driver/ControllerHandle.h, /root/ros_ws/devel/include/kortex_driver/ControllerHandle.h)
Linked: (/root/ros_ws/devel/.private/kortex_driver/include/kortex_driver/WifiConfiguration.h, /root/ros_ws/devel/include/kortex_driver/WifiConfiguration.h)
Linked: (/root/ros_ws/devel/.private/kortex_driver/include/kortex_driver/I2CWriteRequest.h, /root/ros_ws/devel/include/kortex_driver/I2CWriteRequest.h)
Linked: (/root/ros_ws/devel/.private/kortex_driver/include/kortex_driver/ComputeInverseKinematicsRequest.h, /root/ros_ws/devel/include/kortex_driver/ComputeInverseKinematicsRequest.h)
Linked: (/root/ros_ws/devel/.private/kortex_driver/include/kortex_driver/ComputeForwardKinematicsResponse.h, /root/ros_ws/devel/include/kortex_driver/ComputeForwardKinematicsResponse.h)
Linked: (/root/ros_ws/devel/.private/kortex_driver/include/kortex_driver/GetGPIOState.h, /root/ros_ws/devel/include/kortex_driver/GetGPIOState.h)
Linked: (/root/ros_ws/devel/.private/kortex_driver/include/kortex_driver/OnNotificationFactoryTopicRequest.h, /root/ros_ws/devel/include/kortex_driver/OnNotificationFactoryTopicRequest.h)
Linked: (/root/ros_ws/devel/.private/kortex_driver/include/kortex_driver/OnNotificationSequenceInfoTopicResponse.h, /root/ros_ws/devel/include/kortex_driver/OnNotificationSequenceInfoTopicResponse.h)
Linked: (/root/ros_ws/devel/.private/kortex_driver/include/kortex_driver/SetSafetyEnable.h, /root/ros_ws/devel/include/kortex_driver/SetSafetyEnable.h)
Linked: (/root/ros_ws/devel/.private/kortex_driver/include/kortex_driver/ReadProtectionZoneRequest.h, /root/ros_ws/devel/include/kortex_driver/ReadProtectionZoneRequest.h)
Linked: (/root/ros_ws/devel/.private/kortex_driver/include/kortex_driver/SetToolConfiguration.h, /root/ros_ws/devel/include/kortex_driver/SetToolConfiguration.h)
Linked: (/root/ros_ws/devel/.private/kortex_driver/include/kortex_driver/ControlConfig_ServiceVersion.h, /root/ros_ws/devel/include/kortex_driver/ControlConfig_ServiceVersion.h)
Linked: (/root/ros_ws/devel/.private/kortex_driver/include/kortex_driver/ReadAllDevicesResponse.h, /root/ros_ws/devel/include/kortex_driver/ReadAllDevicesResponse.h)
Linked: (/root/ros_ws/devel/.private/kortex_driver/include/kortex_driver/GetFirmwareBundleVersionsResponse.h, /root/ros_ws/devel/include/kortex_driver/GetFirmwareBundleVersionsResponse.h)
Linked: (/root/ros_ws/devel/.private/kortex_driver/include/kortex_driver/GetAllJointsTorqueHardLimitationResponse.h, /root/ros_ws/devel/include/kortex_driver/GetAllJointsTorqueHardLimitationResponse.h)
Linked: (/root/ros_ws/devel/.private/kortex_driver/include/kortex_driver/Wrench.h, /root/ros_ws/devel/include/kortex_driver/Wrench.h)
Linked: (/root/ros_ws/devel/.private/kortex_driver/include/kortex_driver/ProtectionZoneInformation.h, /root/ros_ws/devel/include/kortex_driver/ProtectionZoneInformation.h)
Linked: (/root/ros_ws/devel/.private/kortex_driver/include/kortex_driver/ReadAction.h, /root/ros_ws/devel/include/kortex_driver/ReadAction.h)
Linked: (/root/ros_ws/devel/.private/kortex_driver/include/kortex_driver/ReadUserProfileRequest.h, /root/ros_ws/devel/include/kortex_driver/ReadUserProfileRequest.h)
Linked: (/root/ros_ws/devel/.private/kortex_driver/include/kortex_driver/ConnectWifi.h, /root/ros_ws/devel/include/kortex_driver/ConnectWifi.h)
Linked: (/root/ros_ws/devel/.private/kortex_driver/include/kortex_driver/GetCommandModeResponse.h, /root/ros_ws/devel/include/kortex_driver/GetCommandModeResponse.h)
Linked: (/root/ros_ws/devel/.private/kortex_driver/include/kortex_driver/SnapshotType.h, /root/ros_ws/devel/include/kortex_driver/SnapshotType.h)
Linked: (/root/ros_ws/devel/.private/kortex_driver/include/kortex_driver/ControlConfig_GetControlMode.h, /root/ros_ws/devel/include/kortex_driver/ControlConfig_GetControlMode.h)
Linked: (/root/ros_ws/devel/.private/kortex_driver/include/kortex_driver/OnNotificationFactoryTopicResponse.h, /root/ros_ws/devel/include/kortex_driver/OnNotificationFactoryTopicResponse.h)
Linked: (/root/ros_ws/devel/.private/kortex_driver/include/kortex_driver/Timestamp.h, /root/ros_ws/devel/include/kortex_driver/Timestamp.h)
Linked: (/root/ros_ws/devel/.private/kortex_driver/include/kortex_driver/ConfigurationChangeNotificationList.h, /root/ros_ws/devel/include/kortex_driver/ConfigurationChangeNotificationList.h)
Linked: (/root/ros_ws/devel/.private/kortex_driver/include/kortex_driver/ResetTwistAngularSoftLimitRequest.h, /root/ros_ws/devel/include/kortex_driver/ResetTwistAngularSoftLimitRequest.h)
Linked: (/root/ros_ws/devel/.private/kortex_driver/include/kortex_driver/FollowCartesianTrajectoryFeedback.h, /root/ros_ws/devel/include/kortex_driver/FollowCartesianTrajectoryFeedback.h)
Linked: (/root/ros_ws/devel/.private/kortex_driver/include/kortex_driver/DeleteAllSequenceTasksResponse.h, /root/ros_ws/devel/include/kortex_driver/DeleteAllSequenceTasksResponse.h)
Linked: (/root/ros_ws/devel/.private/kortex_driver/include/kortex_driver/GetUARTConfigurationRequest.h, /root/ros_ws/devel/include/kortex_driver/GetUARTConfigurationRequest.h)
Linked: (/root/ros_ws/devel/.private/kortex_driver/include/kortex_driver/SetCartesianReferenceFrameResponse.h, /root/ros_ws/devel/include/kortex_driver/SetCartesianReferenceFrameResponse.h)
Linked: (/root/ros_ws/devel/.private/kortex_driver/include/kortex_driver/OperatingModeNotificationList.h, /root/ros_ws/devel/include/kortex_driver/OperatingModeNotificationList.h)
Linked: (/root/ros_ws/devel/.private/kortex_driver/include/kortex_driver/GetControllerState.h, /root/ros_ws/devel/include/kortex_driver/GetControllerState.h)
Linked: (/root/ros_ws/devel/.private/kortex_driver/include/kortex_driver/PlaySequenceRequest.h, /root/ros_ws/devel/include/kortex_driver/PlaySequenceRequest.h)
Linked: (/root/ros_ws/devel/.private/kortex_driver/include/kortex_driver/CreateActionRequest.h, /root/ros_ws/devel/include/kortex_driver/CreateActionRequest.h)
Linked: (/root/ros_ws/devel/.private/kortex_driver/include/kortex_driver/MotorCommand.h, /root/ros_ws/devel/include/kortex_driver/MotorCommand.h)
Linked: (/root/ros_ws/devel/.private/kortex_driver/include/kortex_driver/FocusPoint.h, /root/ros_ws/devel/include/kortex_driver/FocusPoint.h)
Linked: (/root/ros_ws/devel/.private/kortex_driver/include/kortex_driver/GetFirmwareVersionResponse.h, /root/ros_ws/devel/include/kortex_driver/GetFirmwareVersionResponse.h)
Linked: (/root/ros_ws/devel/.private/kortex_driver/include/kortex_driver/PlaySelectedJointTrajectoryRequest.h, /root/ros_ws/devel/include/kortex_driver/PlaySelectedJointTrajectoryRequest.h)
Linked: (/root/ros_ws/devel/.private/kortex_driver/include/kortex_driver/GpioBehavior.h, /root/ros_ws/devel/include/kortex_driver/GpioBehavior.h)
Linked: (/root/ros_ws/devel/.private/kortex_driver/include/kortex_driver/DeleteProtectionZoneResponse.h, /root/ros_ws/devel/include/kortex_driver/DeleteProtectionZoneResponse.h)
Linked: (/root/ros_ws/devel/.private/kortex_driver/include/kortex_driver/SafetyNotification.h, /root/ros_ws/devel/include/kortex_driver/SafetyNotification.h)
Linked: (/root/ros_ws/devel/.private/kortex_driver/include/kortex_driver/ChangeJointSpeeds.h, /root/ros_ws/devel/include/kortex_driver/ChangeJointSpeeds.h)
Linked: (/root/ros_ws/devel/.private/kortex_driver/include/kortex_driver/OnNotificationVisionTopicResponse.h, /root/ros_ws/devel/include/kortex_driver/OnNotificationVisionTopicResponse.h)
Linked: (/root/ros_ws/devel/.private/kortex_driver/include/kortex_driver/Base_SetCapSenseConfigResponse.h, /root/ros_ws/devel/include/kortex_driver/Base_SetCapSenseConfigResponse.h)
Linked: (/root/ros_ws/devel/.private/kortex_driver/include/kortex_driver/CreateProtectionZone.h, /root/ros_ws/devel/include/kortex_driver/CreateProtectionZone.h)
Linked: (/root/ros_ws/devel/.private/kortex_driver/include/kortex_driver/GetSensorSettingsResponse.h, /root/ros_ws/devel/include/kortex_driver/GetSensorSettingsResponse.h)
Linked: (/root/ros_ws/devel/.private/kortex_driver/include/kortex_driver/SetCommunicationInterfaceEnableRequest.h, /root/ros_ws/devel/include/kortex_driver/SetCommunicationInterfaceEnableRequest.h)
Linked: (/root/ros_ws/devel/.private/kortex_driver/include/kortex_driver/FollowCartesianTrajectoryActionFeedback.h, /root/ros_ws/devel/include/kortex_driver/FollowCartesianTrajectoryActionFeedback.h)
Linked: (/root/ros_ws/devel/.private/kortex_driver/include/kortex_driver/NetworkType.h, /root/ros_ws/devel/include/kortex_driver/NetworkType.h)
Linked: (/root/ros_ws/devel/.private/kortex_driver/include/kortex_driver/GetAllConfiguredWifis.h, /root/ros_ws/devel/include/kortex_driver/GetAllConfiguredWifis.h)
Linked: (/root/ros_ws/devel/.private/kortex_driver/include/kortex_driver/RebootRequest.h, /root/ros_ws/devel/include/kortex_driver/RebootRequest.h)
Linked: (/root/ros_ws/devel/.private/kortex_driver/include/kortex_driver/SetControllerConfiguration.h, /root/ros_ws/devel/include/kortex_driver/SetControllerConfiguration.h)
Linked: (/root/ros_ws/devel/.private/kortex_driver/include/kortex_driver/ActuatorConfig_ClearFaults.h, /root/ros_ws/devel/include/kortex_driver/ActuatorConfig_ClearFaults.h)
Linked: (/root/ros_ws/devel/.private/kortex_driver/include/kortex_driver/OnNotificationRobotEventTopicRequest.h, /root/ros_ws/devel/include/kortex_driver/OnNotificationRobotEventTopicRequest.h)
Linked: (/root/ros_ws/devel/.private/kortex_driver/include/kortex_driver/GetPayloadInformationResponse.h, /root/ros_ws/devel/include/kortex_driver/GetPayloadInformationResponse.h)
Linked: (/root/ros_ws/devel/.private/kortex_driver/include/kortex_driver/ReadSequenceTaskResponse.h, /root/ros_ws/devel/include/kortex_driver/ReadSequenceTaskResponse.h)
Linked: (/root/ros_ws/devel/.private/kortex_driver/include/kortex_driver/JointAngles.h, /root/ros_ws/devel/include/kortex_driver/JointAngles.h)
Linked: (/root/ros_ws/devel/.private/kortex_driver/include/kortex_driver/NotificationOptions.h, /root/ros_ws/devel/include/kortex_driver/NotificationOptions.h)
Linked: (/root/ros_ws/devel/.private/kortex_driver/include/kortex_driver/UpdateSequenceRequest.h, /root/ros_ws/devel/include/kortex_driver/UpdateSequenceRequest.h)
Linked: (/root/ros_ws/devel/.private/kortex_driver/include/kortex_driver/SafetyEvent.h, /root/ros_ws/devel/include/kortex_driver/SafetyEvent.h)
Linked: (/root/ros_ws/devel/.private/kortex_driver/include/kortex_driver/JointSpeed.h, /root/ros_ws/devel/include/kortex_driver/JointSpeed.h)
Linked: (/root/ros_ws/devel/.private/kortex_driver/include/kortex_driver/GetConnectedWifiInformationResponse.h, /root/ros_ws/devel/include/kortex_driver/GetConnectedWifiInformationResponse.h)
Linked: (/root/ros_ws/devel/.private/kortex_driver/include/kortex_driver/BaseType.h, /root/ros_ws/devel/include/kortex_driver/BaseType.h)
Linked: (/root/ros_ws/devel/.private/kortex_driver/include/kortex_driver/DeviceConfig_GetCapSenseConfig.h, /root/ros_ws/devel/include/kortex_driver/DeviceConfig_GetCapSenseConfig.h)
Linked: (/root/ros_ws/devel/.private/kortex_driver/include/kortex_driver/ConfigurationChangeNotification.h, /root/ros_ws/devel/include/kortex_driver/ConfigurationChangeNotification.h)
Linked: (/root/ros_ws/devel/.private/kortex_driver/include/kortex_driver/GetTwistHardLimitation.h, /root/ros_ws/devel/include/kortex_driver/GetTwistHardLimitation.h)
Linked: (/root/ros_ws/devel/.private/kortex_driver/include/kortex_driver/UpdateActionResponse.h, /root/ros_ws/devel/include/kortex_driver/UpdateActionResponse.h)
Linked: (/root/ros_ws/devel/.private/kortex_driver/include/kortex_driver/EthernetDevice.h, /root/ros_ws/devel/include/kortex_driver/EthernetDevice.h)
Linked: (/root/ros_ws/devel/.private/kortex_driver/include/kortex_driver/GetControllerStateResponse.h, /root/ros_ws/devel/include/kortex_driver/GetControllerStateResponse.h)
Linked: (/root/ros_ws/devel/.private/kortex_driver/include/kortex_driver/ArmStateInformation.h, /root/ros_ws/devel/include/kortex_driver/ArmStateInformation.h)
Linked: (/root/ros_ws/devel/.private/kortex_driver/include/kortex_driver/GetBluetoothEnableStateResponse.h, /root/ros_ws/devel/include/kortex_driver/GetBluetoothEnableStateResponse.h)
Linked: (/root/ros_ws/devel/.private/kortex_driver/include/kortex_driver/PlaySequence.h, /root/ros_ws/devel/include/kortex_driver/PlaySequence.h)
Linked: (/root/ros_ws/devel/.private/kortex_driver/include/kortex_driver/MappingInfoNotificationList.h, /root/ros_ws/devel/include/kortex_driver/MappingInfoNotificationList.h)
Linked: (/root/ros_ws/devel/.private/kortex_driver/include/kortex_driver/ReadSequenceRequest.h, /root/ros_ws/devel/include/kortex_driver/ReadSequenceRequest.h)
Linked: (/root/ros_ws/devel/.private/kortex_driver/include/kortex_driver/WifiConfigurationList.h, /root/ros_ws/devel/include/kortex_driver/WifiConfigurationList.h)
Linked: (/root/ros_ws/devel/.private/kortex_driver/include/kortex_driver/Base_GetCapSenseConfigRequest.h, /root/ros_ws/devel/include/kortex_driver/Base_GetCapSenseConfigRequest.h)
Linked: (/root/ros_ws/devel/.private/kortex_driver/include/kortex_driver/GetIPv4Settings.h, /root/ros_ws/devel/include/kortex_driver/GetIPv4Settings.h)
Linked: (/root/ros_ws/devel/.private/kortex_driver/include/kortex_driver/FactoryNotification.h, /root/ros_ws/devel/include/kortex_driver/FactoryNotification.h)
Linked: (/root/ros_ws/devel/.private/kortex_driver/include/kortex_driver/GetAllSafetyConfigurationResponse.h, /root/ros_ws/devel/include/kortex_driver/GetAllSafetyConfigurationResponse.h)
Linked: (/root/ros_ws/devel/.private/kortex_driver/include/kortex_driver/GetConfiguredWifi.h, /root/ros_ws/devel/include/kortex_driver/GetConfiguredWifi.h)
Linked: (/root/ros_ws/devel/.private/kortex_driver/include/kortex_driver/GetControllerConfigurationResponse.h, /root/ros_ws/devel/include/kortex_driver/GetControllerConfigurationResponse.h)
Linked: (/root/ros_ws/devel/.private/kortex_driver/include/kortex_driver/Sequence.h, /root/ros_ws/devel/include/kortex_driver/Sequence.h)
Linked: (/root/ros_ws/devel/.private/kortex_driver/include/kortex_driver/PlayJointTrajectoryResponse.h, /root/ros_ws/devel/include/kortex_driver/PlayJointTrajectoryResponse.h)
Linked: (/root/ros_ws/devel/.private/kortex_driver/include/kortex_driver/PlaySelectedJointTrajectory.h, /root/ros_ws/devel/include/kortex_driver/PlaySelectedJointTrajectory.h)
Linked: (/root/ros_ws/devel/.private/kortex_driver/include/kortex_driver/CreateMapping.h, /root/ros_ws/devel/include/kortex_driver/CreateMapping.h)
Linked: (/root/ros_ws/devel/.private/kortex_driver/include/kortex_driver/MoveToPositionRequest.h, /root/ros_ws/devel/include/kortex_driver/MoveToPositionRequest.h)
Linked: (/root/ros_ws/devel/.private/kortex_driver/include/kortex_driver/ConnectWifiResponse.h, /root/ros_ws/devel/include/kortex_driver/ConnectWifiResponse.h)
Linked: (/root/ros_ws/devel/.private/kortex_driver/include/kortex_driver/ClearAllSafetyStatusResponse.h, /root/ros_ws/devel/include/kortex_driver/ClearAllSafetyStatusResponse.h)
Linked: (/root/ros_ws/devel/.private/kortex_driver/include/kortex_driver/SequenceTasksRange.h, /root/ros_ws/devel/include/kortex_driver/SequenceTasksRange.h)
Linked: (/root/ros_ws/devel/.private/kortex_driver/include/kortex_driver/GetWifiEnableState.h, /root/ros_ws/devel/include/kortex_driver/GetWifiEnableState.h)
Linked: (/root/ros_ws/devel/.private/kortex_driver/include/kortex_driver/ResetJointSpeedSoftLimitsResponse.h, /root/ros_ws/devel/include/kortex_driver/ResetJointSpeedSoftLimitsResponse.h)
Linked: (/root/ros_ws/devel/.private/kortex_driver/include/kortex_driver/GetMeasuredCartesianPoseResponse.h, /root/ros_ws/devel/include/kortex_driver/GetMeasuredCartesianPoseResponse.h)
Linked: (/root/ros_ws/devel/.private/kortex_driver/include/kortex_driver/GetSafetyEnable.h, /root/ros_ws/devel/include/kortex_driver/GetSafetyEnable.h)
Linked: (/root/ros_ws/devel/.private/kortex_driver/include/kortex_driver/GetIntrinsicParametersResponse.h, /root/ros_ws/devel/include/kortex_driver/GetIntrinsicParametersResponse.h)
Linked: (/root/ros_ws/devel/.private/kortex_driver/include/kortex_driver/DisconnectWifiResponse.h, /root/ros_ws/devel/include/kortex_driver/DisconnectWifiResponse.h)
Linked: (/root/ros_ws/devel/.private/kortex_driver/include/kortex_driver/GetDesiredSpeeds.h, /root/ros_ws/devel/include/kortex_driver/GetDesiredSpeeds.h)
Linked: (/root/ros_ws/devel/.private/kortex_driver/include/kortex_driver/ActuatorConfig_GetControlModeRequest.h, /root/ros_ws/devel/include/kortex_driver/ActuatorConfig_GetControlModeRequest.h)
Linked: (/root/ros_ws/devel/.private/kortex_driver/include/kortex_driver/DeleteUserProfileResponse.h, /root/ros_ws/devel/include/kortex_driver/DeleteUserProfileResponse.h)
Linked: (/root/ros_ws/devel/.private/kortex_driver/include/kortex_driver/TrajectoryErrorElement.h, /root/ros_ws/devel/include/kortex_driver/TrajectoryErrorElement.h)
Linked: (/root/ros_ws/devel/.private/kortex_driver/include/kortex_driver/GetIPv4InformationResponse.h, /root/ros_ws/devel/include/kortex_driver/GetIPv4InformationResponse.h)
Linked: (/root/ros_ws/devel/.private/kortex_driver/include/kortex_driver/GetAllConfiguredWifisResponse.h, /root/ros_ws/devel/include/kortex_driver/GetAllConfiguredWifisResponse.h)
Linked: (/root/ros_ws/devel/.private/kortex_driver/include/kortex_driver/SetCartesianReferenceFrame.h, /root/ros_ws/devel/include/kortex_driver/SetCartesianReferenceFrame.h)
Linked: (/root/ros_ws/devel/.private/kortex_driver/include/kortex_driver/GripperCommand.h, /root/ros_ws/devel/include/kortex_driver/GripperCommand.h)
Linked: (/root/ros_ws/devel/.private/kortex_driver/include/kortex_driver/SetTwistAngularSoftLimitRequest.h, /root/ros_ws/devel/include/kortex_driver/SetTwistAngularSoftLimitRequest.h)
Linked: (/root/ros_ws/devel/.private/kortex_driver/include/kortex_driver/SetRunMode.h, /root/ros_ws/devel/include/kortex_driver/SetRunMode.h)
Linked: (/root/ros_ws/devel/.private/kortex_driver/include/kortex_driver/Action.h, /root/ros_ws/devel/include/kortex_driver/Action.h)
Linked: (/root/ros_ws/devel/.private/kortex_driver/include/kortex_driver/ReadAllProtectionZones.h, /root/ros_ws/devel/include/kortex_driver/ReadAllProtectionZones.h)
Linked: (/root/ros_ws/devel/.private/kortex_driver/include/kortex_driver/KortexError.h, /root/ros_ws/devel/include/kortex_driver/KortexError.h)
Linked: (/root/ros_ws/devel/.private/kortex_driver/include/kortex_driver/SendSelectedJointSpeedCommandRequest.h, /root/ros_ws/devel/include/kortex_driver/SendSelectedJointSpeedCommandRequest.h)
Linked: (/root/ros_ws/devel/.private/kortex_driver/include/kortex_driver/GetBootloaderVersion.h, /root/ros_ws/devel/include/kortex_driver/GetBootloaderVersion.h)
Linked: (/root/ros_ws/devel/.private/kortex_driver/include/kortex_driver/BridgeType.h, /root/ros_ws/devel/include/kortex_driver/BridgeType.h)
Linked: (/root/ros_ws/devel/.private/kortex_driver/include/kortex_driver/DeleteActionRequest.h, /root/ros_ws/devel/include/kortex_driver/DeleteActionRequest.h)
Linked: (/root/ros_ws/devel/.private/kortex_driver/include/kortex_driver/ActionType.h, /root/ros_ws/devel/include/kortex_driver/ActionType.h)
Linked: (/root/ros_ws/devel/.private/kortex_driver/include/kortex_driver/GetAllConnectedControllersResponse.h, /root/ros_ws/devel/include/kortex_driver/GetAllConnectedControllersResponse.h)
Linked: (/root/ros_ws/devel/.private/kortex_driver/include/kortex_driver/SetI2CConfigurationRequest.h, /root/ros_ws/devel/include/kortex_driver/SetI2CConfigurationRequest.h)
Linked: (/root/ros_ws/devel/.private/kortex_driver/include/kortex_driver/GetAxisOffsetsRequest.h, /root/ros_ws/devel/include/kortex_driver/GetAxisOffsetsRequest.h)
Linked: (/root/ros_ws/devel/.private/kortex_driver/include/kortex_driver/TrajectoryContinuityMode.h, /root/ros_ws/devel/include/kortex_driver/TrajectoryContinuityMode.h)
Linked: (/root/ros_ws/devel/.private/kortex_driver/include/kortex_driver/GetOptionInformationRequest.h, /root/ros_ws/devel/include/kortex_driver/GetOptionInformationRequest.h)
Linked: (/root/ros_ws/devel/.private/kortex_driver/include/kortex_driver/GetAllJointsTorqueHardLimitationRequest.h, /root/ros_ws/devel/include/kortex_driver/GetAllJointsTorqueHardLimitationRequest.h)
Linked: (/root/ros_ws/devel/.private/kortex_driver/include/kortex_driver/InterconnectCyclic_Feedback_tool_feedback.h, /root/ros_ws/devel/include/kortex_driver/InterconnectCyclic_Feedback_tool_feedback.h)
Linked: (/root/ros_ws/devel/.private/kortex_driver/include/kortex_driver/ReadMapping.h, /root/ros_ws/devel/include/kortex_driver/ReadMapping.h)
Linked: (/root/ros_ws/devel/.private/kortex_driver/include/kortex_driver/GetSerialNumberResponse.h, /root/ros_ws/devel/include/kortex_driver/GetSerialNumberResponse.h)
Linked: (/root/ros_ws/devel/.private/kortex_driver/include/kortex_driver/InterconnectCyclic_Command.h, /root/ros_ws/devel/include/kortex_driver/InterconnectCyclic_Command.h)
Linked: (/root/ros_ws/devel/.private/kortex_driver/include/kortex_driver/RebootRequestRequest.h, /root/ros_ws/devel/include/kortex_driver/RebootRequestRequest.h)
Linked: (/root/ros_ws/devel/.private/kortex_driver/include/kortex_driver/MapGroupHandle.h, /root/ros_ws/devel/include/kortex_driver/MapGroupHandle.h)
Linked: (/root/ros_ws/devel/.private/kortex_driver/include/kortex_driver/GetMeasuredJointAnglesRequest.h, /root/ros_ws/devel/include/kortex_driver/GetMeasuredJointAnglesRequest.h)
Linked: (/root/ros_ws/devel/.private/kortex_driver/include/kortex_driver/GetSafetyStatusRequest.h, /root/ros_ws/devel/include/kortex_driver/GetSafetyStatusRequest.h)
Linked: (/root/ros_ws/devel/.private/kortex_driver/include/kortex_driver/PlayCartesianTrajectoryOrientationResponse.h, /root/ros_ws/devel/include/kortex_driver/PlayCartesianTrajectoryOrientationResponse.h)
Linked: (/root/ros_ws/devel/.private/kortex_driver/include/kortex_driver/EncoderDerivativeParameters.h, /root/ros_ws/devel/include/kortex_driver/EncoderDerivativeParameters.h)
Linked: (/root/ros_ws/devel/.private/kortex_driver/include/kortex_driver/SetSafetyEnableResponse.h, /root/ros_ws/devel/include/kortex_driver/SetSafetyEnableResponse.h)
Linked: (/root/ros_ws/devel/.private/kortex_driver/include/kortex_driver/GetServoingResponse.h, /root/ros_ws/devel/include/kortex_driver/GetServoingResponse.h)
Linked: (/root/ros_ws/devel/.private/kortex_driver/include/kortex_driver/VisionConfig_RotationMatrix.h, /root/ros_ws/devel/include/kortex_driver/VisionConfig_RotationMatrix.h)
Linked: (/root/ros_ws/devel/.private/kortex_driver/include/kortex_driver/NotificationType.h, /root/ros_ws/devel/include/kortex_driver/NotificationType.h)
Linked: (/root/ros_ws/devel/.private/kortex_driver/include/kortex_driver/SetJointSpeedSoftLimits.h, /root/ros_ws/devel/include/kortex_driver/SetJointSpeedSoftLimits.h)
Linked: (/root/ros_ws/devel/.private/kortex_driver/include/kortex_driver/DisconnectWifiRequest.h, /root/ros_ws/devel/include/kortex_driver/DisconnectWifiRequest.h)
Linked: (/root/ros_ws/devel/.private/kortex_driver/include/kortex_driver/GetBridgeConfig.h, /root/ros_ws/devel/include/kortex_driver/GetBridgeConfig.h)
Linked: (/root/ros_ws/devel/.private/kortex_driver/include/kortex_driver/ReadAllSequencesResponse.h, /root/ros_ws/devel/include/kortex_driver/ReadAllSequencesResponse.h)
Linked: (/root/ros_ws/devel/.private/kortex_driver/include/kortex_driver/GetMeasuredCartesianPoseRequest.h, /root/ros_ws/devel/include/kortex_driver/GetMeasuredCartesianPoseRequest.h)
Linked: (/root/ros_ws/devel/.private/kortex_driver/include/kortex_driver/DeviceConfig_SafetyLimitType.h, /root/ros_ws/devel/include/kortex_driver/DeviceConfig_SafetyLimitType.h)
Linked: (/root/ros_ws/devel/.private/kortex_driver/include/kortex_driver/SetUARTConfigurationResponse.h, /root/ros_ws/devel/include/kortex_driver/SetUARTConfigurationResponse.h)
Linked: (/root/ros_ws/devel/.private/kortex_driver/include/kortex_driver/BitRate.h, /root/ros_ws/devel/include/kortex_driver/BitRate.h)
Linked: (/root/ros_ws/devel/.private/kortex_driver/include/kortex_driver/SendJointSpeedsCommandRequest.h, /root/ros_ws/devel/include/kortex_driver/SendJointSpeedsCommandRequest.h)
Linked: (/root/ros_ws/devel/.private/kortex_driver/include/kortex_driver/GetAllConfiguredWifisRequest.h, /root/ros_ws/devel/include/kortex_driver/GetAllConfiguredWifisRequest.h)
Linked: (/root/ros_ws/devel/.private/kortex_driver/include/kortex_driver/ControllerElementState.h, /root/ros_ws/devel/include/kortex_driver/ControllerElementState.h)
Linked: (/root/ros_ws/devel/.private/kortex_driver/include/kortex_driver/MapElement.h, /root/ros_ws/devel/include/kortex_driver/MapElement.h)
Linked: (/root/ros_ws/devel/.private/kortex_driver/include/kortex_driver/Calibration.h, /root/ros_ws/devel/include/kortex_driver/Calibration.h)
Linked: (/root/ros_ws/devel/.private/kortex_driver/include/kortex_driver/SetSafetyConfiguration.h, /root/ros_ws/devel/include/kortex_driver/SetSafetyConfiguration.h)
Linked: (/root/ros_ws/devel/.private/kortex_driver/include/kortex_driver/GetControllerConfigurationRequest.h, /root/ros_ws/devel/include/kortex_driver/GetControllerConfigurationRequest.h)
Linked: (/root/ros_ws/devel/.private/kortex_driver/include/kortex_driver/ConfigurationChangeNotification_configuration_change.h, /root/ros_ws/devel/include/kortex_driver/ConfigurationChangeNotification_configuration_change.h)
Linked: (/root/ros_ws/devel/.private/kortex_driver/include/kortex_driver/OnNotificationConfigurationChangeTopicRequest.h, /root/ros_ws/devel/include/kortex_driver/OnNotificationConfigurationChangeTopicRequest.h)
Linked: (/root/ros_ws/devel/.private/kortex_driver/include/kortex_driver/ToolConfiguration.h, /root/ros_ws/devel/include/kortex_driver/ToolConfiguration.h)
Linked: (/root/ros_ws/devel/.private/kortex_driver/include/kortex_driver/OnNotificationMappingInfoTopicResponse.h, /root/ros_ws/devel/include/kortex_driver/OnNotificationMappingInfoTopicResponse.h)
Linked: (/root/ros_ws/devel/.private/kortex_driver/include/kortex_driver/SignalQuality.h, /root/ros_ws/devel/include/kortex_driver/SignalQuality.h)
Linked: (/root/ros_ws/devel/.private/kortex_driver/include/kortex_driver/NetworkNotificationList.h, /root/ros_ws/devel/include/kortex_driver/NetworkNotificationList.h)
Linked: (/root/ros_ws/devel/.private/kortex_driver/include/kortex_driver/GetAllSafetyInformationResponse.h, /root/ros_ws/devel/include/kortex_driver/GetAllSafetyInformationResponse.h)
Linked: (/root/ros_ws/devel/.private/kortex_driver/include/kortex_driver/SetExtrinsicParametersResponse.h, /root/ros_ws/devel/include/kortex_driver/SetExtrinsicParametersResponse.h)
Linked: (/root/ros_ws/devel/.private/kortex_driver/include/kortex_driver/GetRunModeResponse.h, /root/ros_ws/devel/include/kortex_driver/GetRunModeResponse.h)
Linked: (/root/ros_ws/devel/.private/kortex_driver/include/kortex_driver/CreateAction.h, /root/ros_ws/devel/include/kortex_driver/CreateAction.h)
Linked: (/root/ros_ws/devel/.private/kortex_driver/include/kortex_driver/LinearTwist.h, /root/ros_ws/devel/include/kortex_driver/LinearTwist.h)
Linked: (/root/ros_ws/devel/.private/kortex_driver/include/kortex_driver/GetWrenchSoftLimitationRequest.h, /root/ros_ws/devel/include/kortex_driver/GetWrenchSoftLimitationRequest.h)
Linked: (/root/ros_ws/devel/.private/kortex_driver/include/kortex_driver/SetCommunicationInterfaceEnable.h, /root/ros_ws/devel/include/kortex_driver/SetCommunicationInterfaceEnable.h)
Linked: (/root/ros_ws/devel/.private/kortex_driver/include/kortex_driver/CreateMapResponse.h, /root/ros_ws/devel/include/kortex_driver/CreateMapResponse.h)
Linked: (/root/ros_ws/devel/.private/kortex_driver/include/kortex_driver/SetIPv4ConfigurationRequest.h, /root/ros_ws/devel/include/kortex_driver/SetIPv4ConfigurationRequest.h)
Linked: (/root/ros_ws/devel/.private/kortex_driver/include/kortex_driver/ConstrainedJointAngle.h, /root/ros_ws/devel/include/kortex_driver/ConstrainedJointAngle.h)
Linked: (/root/ros_ws/devel/.private/kortex_driver/include/kortex_driver/GetControllerConfigurationModeRequest.h, /root/ros_ws/devel/include/kortex_driver/GetControllerConfigurationModeRequest.h)
Linked: (/root/ros_ws/devel/.private/kortex_driver/include/kortex_driver/ActuatorCyclic_Feedback.h, /root/ros_ws/devel/include/kortex_driver/ActuatorCyclic_Feedback.h)
Linked: (/root/ros_ws/devel/.private/kortex_driver/include/kortex_driver/GripperRequest.h, /root/ros_ws/devel/include/kortex_driver/GripperRequest.h)
Linked: (/root/ros_ws/devel/.private/kortex_driver/include/kortex_driver/ControllerConfiguration.h, /root/ros_ws/devel/include/kortex_driver/ControllerConfiguration.h)
Linked: (/root/ros_ws/devel/.private/kortex_driver/include/kortex_driver/ActionNotificationList.h, /root/ros_ws/devel/include/kortex_driver/ActionNotificationList.h)
Linked: (/root/ros_ws/devel/.private/kortex_driver/include/kortex_driver/RFConfiguration.h, /root/ros_ws/devel/include/kortex_driver/RFConfiguration.h)
Linked: (/root/ros_ws/devel/.private/kortex_driver/include/kortex_driver/ComputeInverseKinematics.h, /root/ros_ws/devel/include/kortex_driver/ComputeInverseKinematics.h)
Linked: (/root/ros_ws/devel/.private/kortex_driver/include/kortex_driver/OnNotificationActionTopicRequest.h, /root/ros_ws/devel/include/kortex_driver/OnNotificationActionTopicRequest.h)
Linked: (/root/ros_ws/devel/.private/kortex_driver/include/kortex_driver/GetAllControllerConfigurationsResponse.h, /root/ros_ws/devel/include/kortex_driver/GetAllControllerConfigurationsResponse.h)
Linked: (/root/ros_ws/devel/.private/kortex_driver/include/kortex_driver/SetControllerConfigurationResponse.h, /root/ros_ws/devel/include/kortex_driver/SetControllerConfigurationResponse.h)
Linked: (/root/ros_ws/devel/.private/kortex_driver/include/kortex_driver/GetSafetyStatusResponse.h, /root/ros_ws/devel/include/kortex_driver/GetSafetyStatusResponse.h)
Linked: (/root/ros_ws/devel/.private/kortex_driver/include/kortex_driver/ControllerElementHandle_identifier.h, /root/ros_ws/devel/include/kortex_driver/ControllerElementHandle_identifier.h)
Linked: (/root/ros_ws/devel/.private/kortex_driver/include/kortex_driver/SubErrorCodes.h, /root/ros_ws/devel/include/kortex_driver/SubErrorCodes.h)
Linked: (/root/ros_ws/devel/.private/kortex_driver/include/kortex_driver/OperatingModeNotification.h, /root/ros_ws/devel/include/kortex_driver/OperatingModeNotification.h)
Linked: (/root/ros_ws/devel/.private/kortex_driver/include/kortex_driver/GetWifiEnableStateRequest.h, /root/ros_ws/devel/include/kortex_driver/GetWifiEnableStateRequest.h)
Linked: (/root/ros_ws/devel/.private/kortex_driver/include/kortex_driver/SafetyInformation.h, /root/ros_ws/devel/include/kortex_driver/SafetyInformation.h)
Linked: (/root/ros_ws/devel/.private/kortex_driver/include/kortex_driver/Base_RotationMatrixRow.h, /root/ros_ws/devel/include/kortex_driver/Base_RotationMatrixRow.h)
Linked: (/root/ros_ws/devel/.private/kortex_driver/include/kortex_driver/UARTConfiguration.h, /root/ros_ws/devel/include/kortex_driver/UARTConfiguration.h)
Linked: (/root/ros_ws/devel/.private/kortex_driver/include/kortex_driver/SafetyStatus.h, /root/ros_ws/devel/include/kortex_driver/SafetyStatus.h)
Linked: (/root/ros_ws/devel/.private/kortex_driver/include/kortex_driver/WaypointList.h, /root/ros_ws/devel/include/kortex_driver/WaypointList.h)
Linked: (/root/ros_ws/devel/.private/kortex_driver/include/kortex_driver/MapEvent_events.h, /root/ros_ws/devel/include/kortex_driver/MapEvent_events.h)
Linked: (/root/ros_ws/devel/.private/kortex_driver/include/kortex_driver/GetAllControllerConfigurationsRequest.h, /root/ros_ws/devel/include/kortex_driver/GetAllControllerConfigurationsRequest.h)
Linked: (/root/ros_ws/devel/.private/kortex_driver/include/kortex_driver/RebootRequestResponse.h, /root/ros_ws/devel/include/kortex_driver/RebootRequestResponse.h)
Linked: (/root/ros_ws/devel/.private/kortex_driver/include/kortex_driver/UpdateMapRequest.h, /root/ros_ws/devel/include/kortex_driver/UpdateMapRequest.h)
Linked: (/root/ros_ws/devel/.private/kortex_driver/include/kortex_driver/GripperConfig_SafetyIdentifier.h, /root/ros_ws/devel/include/kortex_driver/GripperConfig_SafetyIdentifier.h)
Linked: (/root/ros_ws/devel/.private/kortex_driver/include/kortex_driver/AddSequenceTasksRequest.h, /root/ros_ws/devel/include/kortex_driver/AddSequenceTasksRequest.h)
Linked: (/root/ros_ws/devel/.private/kortex_driver/include/kortex_driver/TorqueCalibration.h, /root/ros_ws/devel/include/kortex_driver/TorqueCalibration.h)
Linked: (/root/ros_ws/devel/.private/kortex_driver/include/kortex_driver/ControllerElementHandle.h, /root/ros_ws/devel/include/kortex_driver/ControllerElementHandle.h)
Linked: (/root/ros_ws/devel/.private/kortex_driver/include/kortex_driver/BridgeStatus.h, /root/ros_ws/devel/include/kortex_driver/BridgeStatus.h)
Linked: (/root/ros_ws/devel/.private/kortex_driver/include/kortex_driver/DeleteUserProfileRequest.h, /root/ros_ws/devel/include/kortex_driver/DeleteUserProfileRequest.h)
Linked: (/root/ros_ws/devel/.private/kortex_driver/include/kortex_driver/PauseSequenceRequest.h, /root/ros_ws/devel/include/kortex_driver/PauseSequenceRequest.h)
Linked: (/root/ros_ws/devel/.private/kortex_driver/include/kortex_driver/OnNotificationConfigurationChangeTopicResponse.h, /root/ros_ws/devel/include/kortex_driver/OnNotificationConfigurationChangeTopicResponse.h)
Linked: (/root/ros_ws/devel/.private/kortex_driver/include/kortex_driver/ReadAllProtectionZonesResponse.h, /root/ros_ws/devel/include/kortex_driver/ReadAllProtectionZonesResponse.h)
Linked: (/root/ros_ws/devel/.private/kortex_driver/include/kortex_driver/ModelId.h, /root/ros_ws/devel/include/kortex_driver/ModelId.h)
Linked: (/root/ros_ws/devel/.private/kortex_driver/include/kortex_driver/Base_GetControlModeRequest.h, /root/ros_ws/devel/include/kortex_driver/Base_GetControlModeRequest.h)
Linked: (/root/ros_ws/devel/.private/kortex_driver/include/kortex_driver/BridgeIdentifier.h, /root/ros_ws/devel/include/kortex_driver/BridgeIdentifier.h)
Linked: (/root/ros_ws/devel/.private/kortex_driver/include/kortex_driver/SetSafetyWarningThreshold.h, /root/ros_ws/devel/include/kortex_driver/SetSafetyWarningThreshold.h)
Linked: (/root/ros_ws/devel/.private/kortex_driver/include/kortex_driver/SafetyConfigurationList.h, /root/ros_ws/devel/include/kortex_driver/SafetyConfigurationList.h)
Linked: (/root/ros_ws/devel/.private/kortex_driver/include/kortex_driver/SetDesiredLinearTwistRequest.h, /root/ros_ws/devel/include/kortex_driver/SetDesiredLinearTwistRequest.h)
Linked: (/root/ros_ws/devel/.private/kortex_driver/include/kortex_driver/GetPartNumberResponse.h, /root/ros_ws/devel/include/kortex_driver/GetPartNumberResponse.h)
Linked: (/root/ros_ws/devel/.private/kortex_driver/include/kortex_driver/ResetJointAccelerationSoftLimitsRequest.h, /root/ros_ws/devel/include/kortex_driver/ResetJointAccelerationSoftLimitsRequest.h)
Linked: (/root/ros_ws/devel/.private/kortex_driver/include/kortex_driver/BridgeConfig.h, /root/ros_ws/devel/include/kortex_driver/BridgeConfig.h)
Linked: (/root/ros_ws/devel/.private/kortex_driver/include/kortex_driver/BluetoothEnableState.h, /root/ros_ws/devel/include/kortex_driver/BluetoothEnableState.h)
Linked: (/root/ros_ws/devel/.private/kortex_driver/include/kortex_driver/PlayPreComputedJointTrajectoryRequest.h, /root/ros_ws/devel/include/kortex_driver/PlayPreComputedJointTrajectoryRequest.h)
Linked: (/root/ros_ws/devel/.private/kortex_driver/include/kortex_driver/Connection.h, /root/ros_ws/devel/include/kortex_driver/Connection.h)
Linked: (/root/ros_ws/devel/.private/kortex_driver/include/kortex_driver/GetConnectedWifiInformationRequest.h, /root/ros_ws/devel/include/kortex_driver/GetConnectedWifiInformationRequest.h)
Linked: (/root/ros_ws/devel/.private/kortex_driver/include/kortex_driver/ControlLoop.h, /root/ros_ws/devel/include/kortex_driver/ControlLoop.h)
Linked: (/root/ros_ws/devel/.private/kortex_driver/include/kortex_driver/Base_UnsubscribeRequest.h, /root/ros_ws/devel/include/kortex_driver/Base_UnsubscribeRequest.h)
Linked: (/root/ros_ws/devel/.private/kortex_driver/include/kortex_driver/GPIOValue.h, /root/ros_ws/devel/include/kortex_driver/GPIOValue.h)
Linked: (/root/ros_ws/devel/.private/kortex_driver/include/kortex_driver/I2CWriteResponse.h, /root/ros_ws/devel/include/kortex_driver/I2CWriteResponse.h)
Linked: (/root/ros_ws/devel/.private/kortex_driver/include/kortex_driver/SetGravityVectorResponse.h, /root/ros_ws/devel/include/kortex_driver/SetGravityVectorResponse.h)
Linked: (/root/ros_ws/devel/.private/kortex_driver/include/kortex_driver/ControlConfig_GetControlModeRequest.h, /root/ros_ws/devel/include/kortex_driver/ControlConfig_GetControlModeRequest.h)
Linked: (/root/ros_ws/devel/.private/kortex_driver/include/kortex_driver/OnNotificationNetworkTopicResponse.h, /root/ros_ws/devel/include/kortex_driver/OnNotificationNetworkTopicResponse.h)
Linked: (/root/ros_ws/devel/.private/kortex_driver/include/kortex_driver/ControlConfig_ControlModeNotification.h, /root/ros_ws/devel/include/kortex_driver/ControlConfig_ControlModeNotification.h)
Linked: (/root/ros_ws/devel/.private/kortex_driver/include/kortex_driver/UpdateMapResponse.h, /root/ros_ws/devel/include/kortex_driver/UpdateMapResponse.h)
Linked: (/root/ros_ws/devel/.private/kortex_driver/include/kortex_driver/OnNotificationUserTopicRequest.h, /root/ros_ws/devel/include/kortex_driver/OnNotificationUserTopicRequest.h)
Linked: (/root/ros_ws/devel/.private/kortex_driver/include/kortex_driver/CreateUserProfile.h, /root/ros_ws/devel/include/kortex_driver/CreateUserProfile.h)
Linked: (/root/ros_ws/devel/.private/kortex_driver/include/kortex_driver/UARTWordLength.h, /root/ros_ws/devel/include/kortex_driver/UARTWordLength.h)
Linked: (/root/ros_ws/devel/.private/kortex_driver/include/kortex_driver/GetPartNumberRevision.h, /root/ros_ws/devel/include/kortex_driver/GetPartNumberRevision.h)
Linked: (/root/ros_ws/devel/.private/kortex_driver/include/kortex_driver/ReadActionRequest.h, /root/ros_ws/devel/include/kortex_driver/ReadActionRequest.h)
Linked: (/root/ros_ws/devel/.private/kortex_driver/include/kortex_driver/I2CConfiguration.h, /root/ros_ws/devel/include/kortex_driver/I2CConfiguration.h)
Linked: (/root/ros_ws/devel/.private/kortex_driver/include/kortex_driver/DeviceType.h, /root/ros_ws/devel/include/kortex_driver/DeviceType.h)
Linked: (/root/ros_ws/devel/.private/kortex_driver/include/kortex_driver/PreComputedJointTrajectoryElement.h, /root/ros_ws/devel/include/kortex_driver/PreComputedJointTrajectoryElement.h)
Linked: (/root/ros_ws/devel/.private/kortex_driver/include/kortex_driver/GetControllerConfigurationModeResponse.h, /root/ros_ws/devel/include/kortex_driver/GetControllerConfigurationModeResponse.h)
Linked: (/root/ros_ws/devel/.private/kortex_driver/include/kortex_driver/GetWifiInformationRequest.h, /root/ros_ws/devel/include/kortex_driver/GetWifiInformationRequest.h)
Linked: (/root/ros_ws/devel/.private/kortex_driver/include/kortex_driver/SetSensorSettingsResponse.h, /root/ros_ws/devel/include/kortex_driver/SetSensorSettingsResponse.h)
Linked: (/root/ros_ws/devel/.private/kortex_driver/include/kortex_driver/GetArmStateRequest.h, /root/ros_ws/devel/include/kortex_driver/GetArmStateRequest.h)
Linked: (/root/ros_ws/devel/.private/kortex_driver/include/kortex_driver/GetControlLoopParametersResponse.h, /root/ros_ws/devel/include/kortex_driver/GetControlLoopParametersResponse.h)
Linked: (/root/ros_ws/devel/.private/kortex_driver/include/kortex_driver/SetOptionValueRequest.h, /root/ros_ws/devel/include/kortex_driver/SetOptionValueRequest.h)
Linked: (/root/ros_ws/devel/.private/kortex_driver/include/kortex_driver/SetDesiredAngularTwistRequest.h, /root/ros_ws/devel/include/kortex_driver/SetDesiredAngularTwistRequest.h)
Linked: (/root/ros_ws/devel/.private/kortex_driver/include/kortex_driver/SetAdmittanceRequest.h, /root/ros_ws/devel/include/kortex_driver/SetAdmittanceRequest.h)
Linked: (/root/ros_ws/devel/.private/kortex_driver/include/kortex_driver/I2CMode.h, /root/ros_ws/devel/include/kortex_driver/I2CMode.h)
Linked: (/root/ros_ws/devel/.private/kortex_driver/include/kortex_driver/SetCartesianReferenceFrameRequest.h, /root/ros_ws/devel/include/kortex_driver/SetCartesianReferenceFrameRequest.h)
Linked: (/root/ros_ws/devel/.private/kortex_driver/include/kortex_driver/GetIPv4SettingsResponse.h, /root/ros_ws/devel/include/kortex_driver/GetIPv4SettingsResponse.h)
Linked: (/root/ros_ws/devel/.private/kortex_driver/include/kortex_driver/SelectCustomData.h, /root/ros_ws/devel/include/kortex_driver/SelectCustomData.h)
Linked: (/root/ros_ws/devel/.private/kortex_driver/include/kortex_driver/UpdateProtectionZone.h, /root/ros_ws/devel/include/kortex_driver/UpdateProtectionZone.h)
Linked: (/root/ros_ws/devel/.private/kortex_driver/include/kortex_driver/StopSequenceRequest.h, /root/ros_ws/devel/include/kortex_driver/StopSequenceRequest.h)
Linked: (/root/ros_ws/devel/.private/kortex_driver/include/kortex_driver/JointAccelerationSoftLimits.h, /root/ros_ws/devel/include/kortex_driver/JointAccelerationSoftLimits.h)
Linked: (/root/ros_ws/devel/.private/kortex_driver/include/kortex_driver/GetAllSafetyInformationRequest.h, /root/ros_ws/devel/include/kortex_driver/GetAllSafetyInformationRequest.h)
Linked: (/root/ros_ws/devel/.private/kortex_driver/include/kortex_driver/ReadAllUsersResponse.h, /root/ros_ws/devel/include/kortex_driver/ReadAllUsersResponse.h)
Linked: (/root/ros_ws/devel/.private/kortex_driver/include/kortex_driver/UARTParity.h, /root/ros_ws/devel/include/kortex_driver/UARTParity.h)
Linked: (/root/ros_ws/devel/.private/kortex_driver/include/kortex_driver/StartWifiScanResponse.h, /root/ros_ws/devel/include/kortex_driver/StartWifiScanResponse.h)
Linked: (/root/ros_ws/devel/.private/kortex_driver/include/kortex_driver/UpdateSequenceTask.h, /root/ros_ws/devel/include/kortex_driver/UpdateSequenceTask.h)
Linked: (/root/ros_ws/devel/.private/kortex_driver/include/kortex_driver/SetServoingRequest.h, /root/ros_ws/devel/include/kortex_driver/SetServoingRequest.h)
Linked: (/root/ros_ws/devel/.private/kortex_driver/include/kortex_driver/SetControllerConfigurationMode.h, /root/ros_ws/devel/include/kortex_driver/SetControllerConfigurationMode.h)
Linked: (/root/ros_ws/devel/.private/kortex_driver/include/kortex_driver/Base_JointSpeeds.h, /root/ros_ws/devel/include/kortex_driver/Base_JointSpeeds.h)
Linked: (/root/ros_ws/devel/.private/kortex_driver/include/kortex_driver/OnNotificationOperatingModeTopicRequest.h, /root/ros_ws/devel/include/kortex_driver/OnNotificationOperatingModeTopicRequest.h)
Linked: (/root/ros_ws/devel/.private/kortex_driver/include/kortex_driver/GetGravityVectorResponse.h, /root/ros_ws/devel/include/kortex_driver/GetGravityVectorResponse.h)
Linked: (/root/ros_ws/devel/.private/kortex_driver/include/kortex_driver/SetAdmittanceResponse.h, /root/ros_ws/devel/include/kortex_driver/SetAdmittanceResponse.h)
Linked: (/root/ros_ws/devel/.private/kortex_driver/include/kortex_driver/GetDesiredSpeedsRequest.h, /root/ros_ws/devel/include/kortex_driver/GetDesiredSpeedsRequest.h)
Linked: (/root/ros_ws/devel/.private/kortex_driver/include/kortex_driver/SetGravityVector.h, /root/ros_ws/devel/include/kortex_driver/SetGravityVector.h)
Linked: (/root/ros_ws/devel/.private/kortex_driver/include/kortex_driver/SetSensorSettings.h, /root/ros_ws/devel/include/kortex_driver/SetSensorSettings.h)
Linked: (/root/ros_ws/devel/.private/kortex_driver/include/kortex_driver/AddWifiConfiguration.h, /root/ros_ws/devel/include/kortex_driver/AddWifiConfiguration.h)
Linked: (/root/ros_ws/devel/.private/kortex_driver/include/kortex_driver/TrajectoryInfoType.h, /root/ros_ws/devel/include/kortex_driver/TrajectoryInfoType.h)
Linked: (/root/ros_ws/devel/.private/kortex_driver/include/kortex_driver/SetEthernetConfigurationResponse.h, /root/ros_ws/devel/include/kortex_driver/SetEthernetConfigurationResponse.h)
Linked: (/root/ros_ws/devel/.private/kortex_driver/include/kortex_driver/GetCommandModeRequest.h, /root/ros_ws/devel/include/kortex_driver/GetCommandModeRequest.h)
Linked: (/root/ros_ws/devel/.private/kortex_driver/include/kortex_driver/GetSelectedCustomData.h, /root/ros_ws/devel/include/kortex_driver/GetSelectedCustomData.h)
Linked: (/root/ros_ws/devel/.private/kortex_driver/include/kortex_driver/SetDesiredJointSpeeds.h, /root/ros_ws/devel/include/kortex_driver/SetDesiredJointSpeeds.h)
Linked: (/root/ros_ws/devel/.private/kortex_driver/include/kortex_driver/VectorDriveParameters.h, /root/ros_ws/devel/include/kortex_driver/VectorDriveParameters.h)
Linked: (/root/ros_ws/devel/.private/kortex_driver/include/kortex_driver/TorqueOffset.h, /root/ros_ws/devel/include/kortex_driver/TorqueOffset.h)
Linked: (/root/ros_ws/devel/.private/kortex_driver/include/kortex_driver/GetSafetyConfigurationResponse.h, /root/ros_ws/devel/include/kortex_driver/GetSafetyConfigurationResponse.h)
Linked: (/root/ros_ws/devel/.private/kortex_driver/include/kortex_driver/GpioPinConfiguration.h, /root/ros_ws/devel/include/kortex_driver/GpioPinConfiguration.h)
Linked: (/root/ros_ws/devel/.private/kortex_driver/include/kortex_driver/GetEthernetConfiguration.h, /root/ros_ws/devel/include/kortex_driver/GetEthernetConfiguration.h)
Linked: (/root/ros_ws/devel/.private/kortex_driver/include/kortex_driver/ApplyEmergencyStopRequest.h, /root/ros_ws/devel/include/kortex_driver/ApplyEmergencyStopRequest.h)
Linked: (/root/ros_ws/devel/.private/kortex_driver/include/kortex_driver/DeviceConfig_ServiceVersion.h, /root/ros_ws/devel/include/kortex_driver/DeviceConfig_ServiceVersion.h)
Linked: (/root/ros_ws/devel/.private/kortex_driver/include/kortex_driver/ExecuteActionResponse.h, /root/ros_ws/devel/include/kortex_driver/ExecuteActionResponse.h)
Linked: (/root/ros_ws/devel/.private/kortex_driver/include/kortex_driver/InterconnectCyclic_Feedback.h, /root/ros_ws/devel/include/kortex_driver/InterconnectCyclic_Feedback.h)
Linked: (/root/ros_ws/devel/.private/kortex_driver/include/kortex_driver/ChangePasswordRequest.h, /root/ros_ws/devel/include/kortex_driver/ChangePasswordRequest.h)
Linked: (/root/ros_ws/devel/.private/kortex_driver/include/kortex_driver/SetControllerConfigurationModeRequest.h, /root/ros_ws/devel/include/kortex_driver/SetControllerConfigurationModeRequest.h)
Linked: (/root/ros_ws/devel/.private/kortex_driver/include/kortex_driver/SetAdmittance.h, /root/ros_ws/devel/include/kortex_driver/SetAdmittance.h)
Linked: (/root/ros_ws/devel/.private/kortex_driver/include/kortex_driver/EthernetDeviceIdentification.h, /root/ros_ws/devel/include/kortex_driver/EthernetDeviceIdentification.h)
Linked: (/root/ros_ws/devel/.private/kortex_driver/include/kortex_driver/GetBridgeListResponse.h, /root/ros_ws/devel/include/kortex_driver/GetBridgeListResponse.h)
Linked: (/root/ros_ws/devel/.private/kortex_driver/include/kortex_driver/CreateSequenceRequest.h, /root/ros_ws/devel/include/kortex_driver/CreateSequenceRequest.h)
Linked: (/root/ros_ws/devel/.private/kortex_driver/include/kortex_driver/GetWrenchHardLimitationRequest.h, /root/ros_ws/devel/include/kortex_driver/GetWrenchHardLimitationRequest.h)
Linked: (/root/ros_ws/devel/.private/kortex_driver/include/kortex_driver/Base_CapSenseMode.h, /root/ros_ws/devel/include/kortex_driver/Base_CapSenseMode.h)
Linked: (/root/ros_ws/devel/.private/kortex_driver/include/kortex_driver/BaseFeedback.h, /root/ros_ws/devel/include/kortex_driver/BaseFeedback.h)
Linked: (/root/ros_ws/devel/.private/kortex_driver/include/kortex_driver/PayloadInformation.h, /root/ros_ws/devel/include/kortex_driver/PayloadInformation.h)
Linked: (/root/ros_ws/devel/.private/kortex_driver/include/kortex_driver/PlayCartesianTrajectoryRequest.h, /root/ros_ws/devel/include/kortex_driver/PlayCartesianTrajectoryRequest.h)
Linked: (/root/ros_ws/devel/.private/kortex_driver/include/kortex_driver/ResetGravityVectorResponse.h, /root/ros_ws/devel/include/kortex_driver/ResetGravityVectorResponse.h)
Linked: (/root/ros_ws/devel/.private/kortex_driver/include/kortex_driver/DeleteMappingRequest.h, /root/ros_ws/devel/include/kortex_driver/DeleteMappingRequest.h)
Linked: (/root/ros_ws/devel/.private/kortex_driver/include/kortex_driver/GpioConfigurationList.h, /root/ros_ws/devel/include/kortex_driver/GpioConfigurationList.h)
Linked: (/root/ros_ws/devel/.private/kortex_driver/include/kortex_driver/ControllerNotification_state.h, /root/ros_ws/devel/include/kortex_driver/ControllerNotification_state.h)
Linked: (/root/ros_ws/devel/.private/kortex_driver/include/kortex_driver/Base_ControlModeInformation.h, /root/ros_ws/devel/include/kortex_driver/Base_ControlModeInformation.h)
Linked: (/root/ros_ws/devel/.private/kortex_driver/include/kortex_driver/GetFirmwareVersion.h, /root/ros_ws/devel/include/kortex_driver/GetFirmwareVersion.h)
Linked: (/root/ros_ws/devel/.private/kortex_driver/include/kortex_driver/Gen3GpioPinId.h, /root/ros_ws/devel/include/kortex_driver/Gen3GpioPinId.h)
Linked: (/root/ros_ws/devel/.private/kortex_driver/include/kortex_driver/InterconnectCyclic_CustomData.h, /root/ros_ws/devel/include/kortex_driver/InterconnectCyclic_CustomData.h)
Linked: (/root/ros_ws/devel/.private/kortex_driver/include/kortex_driver/FrameRate.h, /root/ros_ws/devel/include/kortex_driver/FrameRate.h)
Linked: (/root/ros_ws/devel/.private/kortex_driver/include/kortex_driver/GetAxisOffsetsResponse.h, /root/ros_ws/devel/include/kortex_driver/GetAxisOffsetsResponse.h)
Linked: (/root/ros_ws/devel/.private/kortex_driver/include/kortex_driver/LoopSelection.h, /root/ros_ws/devel/include/kortex_driver/LoopSelection.h)
Linked: (/root/ros_ws/devel/.private/kortex_driver/include/kortex_driver/SendGripperCommandRequest.h, /root/ros_ws/devel/include/kortex_driver/SendGripperCommandRequest.h)
Linked: (/root/ros_ws/devel/.private/kortex_driver/include/kortex_driver/SetDesiredAngularTwistResponse.h, /root/ros_ws/devel/include/kortex_driver/SetDesiredAngularTwistResponse.h)
Linked: (/root/ros_ws/devel/.private/kortex_driver/include/kortex_driver/I2CWriteRegisterParameter.h, /root/ros_ws/devel/include/kortex_driver/I2CWriteRegisterParameter.h)
Linked: (/root/ros_ws/devel/.private/kortex_driver/include/kortex_driver/SetDeviceID.h, /root/ros_ws/devel/include/kortex_driver/SetDeviceID.h)
Linked: (/root/ros_ws/devel/.private/kortex_driver/include/kortex_driver/ResetToolConfiguration.h, /root/ros_ws/devel/include/kortex_driver/ResetToolConfiguration.h)
Linked: (/root/ros_ws/devel/.private/kortex_driver/include/kortex_driver/SetJointAccelerationSoftLimitsResponse.h, /root/ros_ws/devel/include/kortex_driver/SetJointAccelerationSoftLimitsResponse.h)
Linked: (/root/ros_ws/devel/.private/kortex_driver/include/kortex_driver/ArmStateNotification.h, /root/ros_ws/devel/include/kortex_driver/ArmStateNotification.h)
Linked: (/root/ros_ws/devel/.private/kortex_driver/include/kortex_driver/ReadAllSequenceTasksResponse.h, /root/ros_ws/devel/include/kortex_driver/ReadAllSequenceTasksResponse.h)
Linked: (/root/ros_ws/devel/.private/kortex_driver/include/kortex_driver/ActionEvent.h, /root/ros_ws/devel/include/kortex_driver/ActionEvent.h)
Linked: (/root/ros_ws/devel/.private/kortex_driver/include/kortex_driver/UpdateMapping.h, /root/ros_ws/devel/include/kortex_driver/UpdateMapping.h)
Linked: (/root/ros_ws/devel/.private/kortex_driver/include/kortex_driver/ControllerConfigurationMode.h, /root/ros_ws/devel/include/kortex_driver/ControllerConfigurationMode.h)
Linked: (/root/ros_ws/devel/.private/kortex_driver/include/kortex_driver/GetIntrinsicParametersRequest.h, /root/ros_ws/devel/include/kortex_driver/GetIntrinsicParametersRequest.h)
Linked: (/root/ros_ws/devel/.private/kortex_driver/include/kortex_driver/GetMACAddress.h, /root/ros_ws/devel/include/kortex_driver/GetMACAddress.h)
Linked: (/root/ros_ws/devel/.private/kortex_driver/include/kortex_driver/EnableBridgeRequest.h, /root/ros_ws/devel/include/kortex_driver/EnableBridgeRequest.h)
Linked: (/root/ros_ws/devel/.private/kortex_driver/include/kortex_driver/GetConfiguredWifiRequest.h, /root/ros_ws/devel/include/kortex_driver/GetConfiguredWifiRequest.h)
Linked: (/root/ros_ws/devel/.private/kortex_driver/include/kortex_driver/Base_ControlModeNotification.h, /root/ros_ws/devel/include/kortex_driver/Base_ControlModeNotification.h)
Linked: (/root/ros_ws/devel/.private/kortex_driver/include/kortex_driver/PlayPreComputedJointTrajectoryResponse.h, /root/ros_ws/devel/include/kortex_driver/PlayPreComputedJointTrajectoryResponse.h)
Linked: (/root/ros_ws/devel/.private/kortex_driver/include/kortex_driver/ControllerElementEventType.h, /root/ros_ws/devel/include/kortex_driver/ControllerElementEventType.h)
Linked: (/root/ros_ws/devel/.private/kortex_driver/include/kortex_driver/CartesianTransform.h, /root/ros_ws/devel/include/kortex_driver/CartesianTransform.h)
Linked: (/root/ros_ws/devel/.private/kortex_driver/include/kortex_driver/DeleteUserProfile.h, /root/ros_ws/devel/include/kortex_driver/DeleteUserProfile.h)
Linked: (/root/ros_ws/devel/.private/kortex_driver/include/kortex_driver/DuplicateMap.h, /root/ros_ws/devel/include/kortex_driver/DuplicateMap.h)
Linked: (/root/ros_ws/devel/.private/kortex_driver/include/kortex_driver/SetOptionValue.h, /root/ros_ws/devel/include/kortex_driver/SetOptionValue.h)
Linked: (/root/ros_ws/devel/.private/kortex_driver/include/kortex_driver/CreateMapRequest.h, /root/ros_ws/devel/include/kortex_driver/CreateMapRequest.h)
Linked: (/root/ros_ws/devel/.private/kortex_driver/include/kortex_driver/OperatingModeInformation.h, /root/ros_ws/devel/include/kortex_driver/OperatingModeInformation.h)
Linked: (/root/ros_ws/devel/.private/kortex_driver/include/kortex_driver/StartWifiScan.h, /root/ros_ws/devel/include/kortex_driver/StartWifiScan.h)
Linked: (/root/ros_ws/devel/.private/kortex_driver/include/kortex_driver/SetCommandMode.h, /root/ros_ws/devel/include/kortex_driver/SetCommandMode.h)
Linked: (/root/ros_ws/devel/.private/kortex_driver/include/kortex_driver/SetCoggingFeedforwardMode.h, /root/ros_ws/devel/include/kortex_driver/SetCoggingFeedforwardMode.h)
Linked: (/root/ros_ws/devel/.private/kortex_driver/include/kortex_driver/OnNotificationOperatingModeTopic.h, /root/ros_ws/devel/include/kortex_driver/OnNotificationOperatingModeTopic.h)
Linked: (/root/ros_ws/devel/.private/kortex_driver/include/kortex_driver/ControlConfigurationNotification.h, /root/ros_ws/devel/include/kortex_driver/ControlConfigurationNotification.h)
Linked: (/root/ros_ws/devel/.private/kortex_driver/include/kortex_driver/SetApiOptions.h, /root/ros_ws/devel/include/kortex_driver/SetApiOptions.h)
Linked: (/root/ros_ws/devel/.private/kortex_driver/include/kortex_driver/StopAction.h, /root/ros_ws/devel/include/kortex_driver/StopAction.h)
Linked: (/root/ros_ws/devel/.private/kortex_driver/include/kortex_driver/GetTorqueOffset.h, /root/ros_ws/devel/include/kortex_driver/GetTorqueOffset.h)
Linked: (/root/ros_ws/devel/.private/kortex_driver/include/kortex_driver/ProtectionZoneNotificationList.h, /root/ros_ws/devel/include/kortex_driver/ProtectionZoneNotificationList.h)
Linked: (/root/ros_ws/devel/.private/kortex_driver/include/kortex_driver/SetSafetyErrorThresholdRequest.h, /root/ros_ws/devel/include/kortex_driver/SetSafetyErrorThresholdRequest.h)
Linked: (/root/ros_ws/devel/.private/kortex_driver/include/kortex_driver/IsCommunicationInterfaceEnableResponse.h, /root/ros_ws/devel/include/kortex_driver/IsCommunicationInterfaceEnableResponse.h)
Linked: (/root/ros_ws/devel/.private/kortex_driver/include/kortex_driver/SendSelectedJointSpeedJoystickCommandResponse.h, /root/ros_ws/devel/include/kortex_driver/SendSelectedJointSpeedJoystickCommandResponse.h)
Linked: (/root/ros_ws/devel/.private/kortex_driver/include/kortex_driver/SendJointSpeedsJoystickCommand.h, /root/ros_ws/devel/include/kortex_driver/SendJointSpeedsJoystickCommand.h)
Linked: (/root/ros_ws/devel/.private/kortex_driver/include/kortex_driver/TwistLinearSoftLimit.h, /root/ros_ws/devel/include/kortex_driver/TwistLinearSoftLimit.h)
Linked: (/root/ros_ws/devel/.private/kortex_driver/include/kortex_driver/SetExtrinsicParameters.h, /root/ros_ws/devel/include/kortex_driver/SetExtrinsicParameters.h)
Linked: (/root/ros_ws/devel/.private/kortex_driver/include/kortex_driver/GetControllerConfigurationMode.h, /root/ros_ws/devel/include/kortex_driver/GetControllerConfigurationMode.h)
Linked: (/root/ros_ws/devel/.private/kortex_driver/include/kortex_driver/GetSafetyInformationResponse.h, /root/ros_ws/devel/include/kortex_driver/GetSafetyInformationResponse.h)
Linked: (/root/ros_ws/devel/.private/kortex_driver/include/kortex_driver/MapGroupList.h, /root/ros_ws/devel/include/kortex_driver/MapGroupList.h)
Linked: (/root/ros_ws/devel/.private/kortex_driver/include/kortex_driver/Mapping.h, /root/ros_ws/devel/include/kortex_driver/Mapping.h)
Linked: (/root/ros_ws/devel/.private/kortex_driver/include/kortex_driver/ReadProtectionZoneResponse.h, /root/ros_ws/devel/include/kortex_driver/ReadProtectionZoneResponse.h)
Linked: (/root/ros_ws/devel/.private/kortex_driver/include/kortex_driver/PlayPreComputedJointTrajectory.h, /root/ros_ws/devel/include/kortex_driver/PlayPreComputedJointTrajectory.h)
Linked: (/root/ros_ws/devel/.private/kortex_driver/include/kortex_driver/GetI2CConfiguration.h, /root/ros_ws/devel/include/kortex_driver/GetI2CConfiguration.h)
Linked: (/root/ros_ws/devel/.private/kortex_driver/include/kortex_driver/GetModelNumberRequest.h, /root/ros_ws/devel/include/kortex_driver/GetModelNumberRequest.h)
Linked: (/root/ros_ws/devel/.private/kortex_driver/include/kortex_driver/GetSelectedCustomDataRequest.h, /root/ros_ws/devel/include/kortex_driver/GetSelectedCustomDataRequest.h)
Linked: (/root/ros_ws/devel/.private/kortex_driver/include/kortex_driver/GetDeviceTypeResponse.h, /root/ros_ws/devel/include/kortex_driver/GetDeviceTypeResponse.h)
Linked: (/root/ros_ws/devel/.private/kortex_driver/include/kortex_driver/TwistAngularSoftLimit.h, /root/ros_ws/devel/include/kortex_driver/TwistAngularSoftLimit.h)
Linked: (/root/ros_ws/devel/.private/kortex_driver/include/kortex_driver/GetKinematicSoftLimitsRequest.h, /root/ros_ws/devel/include/kortex_driver/GetKinematicSoftLimitsRequest.h)
Linked: (/root/ros_ws/devel/.private/kortex_driver/include/kortex_driver/InterfaceModuleType.h, /root/ros_ws/devel/include/kortex_driver/InterfaceModuleType.h)
Linked: (/root/ros_ws/devel/.private/kortex_driver/include/kortex_driver/BridgeResult.h, /root/ros_ws/devel/include/kortex_driver/BridgeResult.h)
Linked: (/root/ros_ws/devel/.private/kortex_driver/include/kortex_driver/BackupEvent.h, /root/ros_ws/devel/include/kortex_driver/BackupEvent.h)
Linked: (/root/ros_ws/devel/.private/kortex_driver/include/kortex_driver/CreateActionResponse.h, /root/ros_ws/devel/include/kortex_driver/CreateActionResponse.h)
Linked: (/root/ros_ws/devel/.private/kortex_driver/include/kortex_driver/Base_GpioConfiguration.h, /root/ros_ws/devel/include/kortex_driver/Base_GpioConfiguration.h)
Linked: (/root/ros_ws/devel/.private/kortex_driver/include/kortex_driver/ResetTwistAngularSoftLimit.h, /root/ros_ws/devel/include/kortex_driver/ResetTwistAngularSoftLimit.h)
Linked: (/root/ros_ws/devel/.private/kortex_driver/include/kortex_driver/CalibrationElement.h, /root/ros_ws/devel/include/kortex_driver/CalibrationElement.h)
Linked: (/root/ros_ws/devel/.private/kortex_driver/include/kortex_driver/GetWifiCountryCode.h, /root/ros_ws/devel/include/kortex_driver/GetWifiCountryCode.h)
Linked: (/root/ros_ws/devel/.private/kortex_driver/include/kortex_driver/ApiOptions.h, /root/ros_ws/devel/include/kortex_driver/ApiOptions.h)
Linked: (/root/ros_ws/devel/.private/kortex_driver/include/kortex_driver/OnNotificationServoingModeTopic.h, /root/ros_ws/devel/include/kortex_driver/OnNotificationServoingModeTopic.h)
Linked: (/root/ros_ws/devel/.private/kortex_driver/include/kortex_driver/GetWifiInformation.h, /root/ros_ws/devel/include/kortex_driver/GetWifiInformation.h)
Linked: (/root/ros_ws/devel/.private/kortex_driver/include/kortex_driver/DeleteProtectionZoneRequest.h, /root/ros_ws/devel/include/kortex_driver/DeleteProtectionZoneRequest.h)
Linked: (/root/ros_ws/devel/.private/kortex_driver/include/kortex_driver/SetActivatedControlLoopResponse.h, /root/ros_ws/devel/include/kortex_driver/SetActivatedControlLoopResponse.h)
Linked: (/root/ros_ws/devel/.private/kortex_driver/include/kortex_driver/ConstrainedOrientation.h, /root/ros_ws/devel/include/kortex_driver/ConstrainedOrientation.h)
Linked: (/root/ros_ws/devel/.private/kortex_driver/include/kortex_driver/OnNotificationProtectionZoneTopic.h, /root/ros_ws/devel/include/kortex_driver/OnNotificationProtectionZoneTopic.h)
Linked: (/root/ros_ws/devel/.private/kortex_driver/include/kortex_driver/CommandMode.h, /root/ros_ws/devel/include/kortex_driver/CommandMode.h)
Linked: (/root/ros_ws/devel/.private/kortex_driver/include/kortex_driver/GetTrajectoryErrorReportRequest.h, /root/ros_ws/devel/include/kortex_driver/GetTrajectoryErrorReportRequest.h)
Linked: (/root/ros_ws/devel/.private/kortex_driver/include/kortex_driver/SetTorqueOffsetRequest.h, /root/ros_ws/devel/include/kortex_driver/SetTorqueOffsetRequest.h)
Linked: (/root/ros_ws/devel/.private/kortex_driver/include/kortex_driver/ActivateMap.h, /root/ros_ws/devel/include/kortex_driver/ActivateMap.h)
Linked: (/root/ros_ws/devel/.private/kortex_driver/include/kortex_driver/Base_OnNotificationControlModeTopicRequest.h, /root/ros_ws/devel/include/kortex_driver/Base_OnNotificationControlModeTopicRequest.h)
Linked: (/root/ros_ws/devel/.private/kortex_driver/include/kortex_driver/PauseAction.h, /root/ros_ws/devel/include/kortex_driver/PauseAction.h)
Linked: (/root/ros_ws/devel/.private/kortex_driver/include/kortex_driver/ComputeInverseKinematicsResponse.h, /root/ros_ws/devel/include/kortex_driver/ComputeInverseKinematicsResponse.h)
Linked: (/root/ros_ws/devel/.private/kortex_driver/include/kortex_driver/Base_Stop.h, /root/ros_ws/devel/include/kortex_driver/Base_Stop.h)
Linked: (/root/ros_ws/devel/.private/kortex_driver/include/kortex_driver/DeviceHandle.h, /root/ros_ws/devel/include/kortex_driver/DeviceHandle.h)
Linked: (/root/ros_ws/devel/.private/kortex_driver/include/kortex_driver/Base_GetCapSenseConfigResponse.h, /root/ros_ws/devel/include/kortex_driver/Base_GetCapSenseConfigResponse.h)
Linked: (/root/ros_ws/devel/.private/kortex_driver/include/kortex_driver/GetGravityVector.h, /root/ros_ws/devel/include/kortex_driver/GetGravityVector.h)
Linked: (/root/ros_ws/devel/.private/kortex_driver/include/kortex_driver/ActuatorFeedback.h, /root/ros_ws/devel/include/kortex_driver/ActuatorFeedback.h)
Linked: (/root/ros_ws/devel/.private/kortex_driver/include/kortex_driver/GpioAction.h, /root/ros_ws/devel/include/kortex_driver/GpioAction.h)
Linked: (/root/ros_ws/devel/.private/kortex_driver/include/kortex_driver/EnableBridgeResponse.h, /root/ros_ws/devel/include/kortex_driver/EnableBridgeResponse.h)
Linked: (/root/ros_ws/devel/.private/kortex_driver/include/kortex_driver/ControllerState.h, /root/ros_ws/devel/include/kortex_driver/ControllerState.h)
Linked: (/root/ros_ws/devel/.private/kortex_driver/include/kortex_driver/GetToolConfigurationRequest.h, /root/ros_ws/devel/include/kortex_driver/GetToolConfigurationRequest.h)
Linked: (/root/ros_ws/devel/.private/kortex_driver/include/kortex_driver/GetBridgeConfigRequest.h, /root/ros_ws/devel/include/kortex_driver/GetBridgeConfigRequest.h)
Linked: (/root/ros_ws/devel/.private/kortex_driver/include/kortex_driver/ComputeForwardKinematicsRequest.h, /root/ros_ws/devel/include/kortex_driver/ComputeForwardKinematicsRequest.h)
Linked: (/root/ros_ws/devel/.private/kortex_driver/include/kortex_driver/SequenceInformation.h, /root/ros_ws/devel/include/kortex_driver/SequenceInformation.h)
Linked: (/root/ros_ws/devel/.private/kortex_driver/include/kortex_driver/GetOptionValue.h, /root/ros_ws/devel/include/kortex_driver/GetOptionValue.h)
Linked: (/root/ros_ws/devel/.private/kortex_driver/include/kortex_driver/SerialNumber.h, /root/ros_ws/devel/include/kortex_driver/SerialNumber.h)
Linked: (/root/ros_ws/devel/.private/kortex_driver/include/kortex_driver/GetSelectedCustomDataResponse.h, /root/ros_ws/devel/include/kortex_driver/GetSelectedCustomDataResponse.h)
Linked: (/root/ros_ws/devel/.private/kortex_driver/include/kortex_driver/GetUARTConfiguration.h, /root/ros_ws/devel/include/kortex_driver/GetUARTConfiguration.h)
Linked: (/root/ros_ws/devel/.private/kortex_driver/include/kortex_driver/SequenceTasksConfiguration.h, /root/ros_ws/devel/include/kortex_driver/SequenceTasksConfiguration.h)
Linked: (/root/ros_ws/devel/.private/kortex_driver/include/kortex_driver/GetSafetyConfigurationRequest.h, /root/ros_ws/devel/include/kortex_driver/GetSafetyConfigurationRequest.h)
Linked: (/root/ros_ws/devel/.private/kortex_driver/include/kortex_driver/AxisOffsets.h, /root/ros_ws/devel/include/kortex_driver/AxisOffsets.h)
Linked: (/root/ros_ws/devel/.private/kortex_driver/include/kortex_driver/OnNotificationUserTopicResponse.h, /root/ros_ws/devel/include/kortex_driver/OnNotificationUserTopicResponse.h)
Linked: (/root/ros_ws/devel/.private/kortex_driver/include/kortex_driver/SequenceTaskConfiguration.h, /root/ros_ws/devel/include/kortex_driver/SequenceTaskConfiguration.h)
Linked: (/root/ros_ws/devel/.private/kortex_driver/include/kortex_driver/GetModelNumberResponse.h, /root/ros_ws/devel/include/kortex_driver/GetModelNumberResponse.h)
Linked: (/root/ros_ws/devel/.private/kortex_driver/include/kortex_driver/ExecuteWaypointTrajectoryResponse.h, /root/ros_ws/devel/include/kortex_driver/ExecuteWaypointTrajectoryResponse.h)
Linked: (/root/ros_ws/devel/.private/kortex_driver/include/kortex_driver/OnNotificationFactoryTopic.h, /root/ros_ws/devel/include/kortex_driver/OnNotificationFactoryTopic.h)
Linked: (/root/ros_ws/devel/.private/kortex_driver/include/kortex_driver/ActionHandle.h, /root/ros_ws/devel/include/kortex_driver/ActionHandle.h)
Linked: (/root/ros_ws/devel/.private/kortex_driver/include/kortex_driver/InterconnectCyclic_ServiceVersion.h, /root/ros_ws/devel/include/kortex_driver/InterconnectCyclic_ServiceVersion.h)
Linked: (/root/ros_ws/devel/.private/kortex_driver/include/kortex_driver/SetApiOptionsResponse.h, /root/ros_ws/devel/include/kortex_driver/SetApiOptionsResponse.h)
Linked: (/root/ros_ws/devel/.private/kortex_driver/include/kortex_driver/ActuatorConfig_SafetyLimitType.h, /root/ros_ws/devel/include/kortex_driver/ActuatorConfig_SafetyLimitType.h)
Linked: (/root/ros_ws/devel/.private/kortex_driver/include/kortex_driver/UARTDeviceIdentification.h, /root/ros_ws/devel/include/kortex_driver/UARTDeviceIdentification.h)
Linked: (/root/ros_ws/devel/.private/kortex_driver/include/kortex_driver/I2CRegisterAddressSize.h, /root/ros_ws/devel/include/kortex_driver/I2CRegisterAddressSize.h)
Linked: (/root/ros_ws/devel/.private/kortex_driver/include/kortex_driver/OnNotificationServoingModeTopicResponse.h, /root/ros_ws/devel/include/kortex_driver/OnNotificationServoingModeTopicResponse.h)
Linked: (/root/ros_ws/devel/.private/kortex_driver/include/kortex_driver/OnNotificationArmStateTopicRequest.h, /root/ros_ws/devel/include/kortex_driver/OnNotificationArmStateTopicRequest.h)
Linked: (/root/ros_ws/devel/.private/kortex_driver/include/kortex_driver/UserProfileHandle.h, /root/ros_ws/devel/include/kortex_driver/UserProfileHandle.h)
Linked: (/root/ros_ws/devel/.private/kortex_driver/include/kortex_driver/GetPartNumberRequest.h, /root/ros_ws/devel/include/kortex_driver/GetPartNumberRequest.h)
Linked: (/root/ros_ws/devel/.private/kortex_driver/include/kortex_driver/DeleteAllSequenceTasksRequest.h, /root/ros_ws/devel/include/kortex_driver/DeleteAllSequenceTasksRequest.h)
Linked: (/root/ros_ws/devel/.private/kortex_driver/include/kortex_driver/GetArmState.h, /root/ros_ws/devel/include/kortex_driver/GetArmState.h)
Linked: (/root/ros_ws/devel/.private/kortex_driver/include/kortex_driver/GetWifiEnableStateResponse.h, /root/ros_ws/devel/include/kortex_driver/GetWifiEnableStateResponse.h)
Linked: (/root/ros_ws/devel/.private/kortex_driver/include/kortex_driver/MACAddress.h, /root/ros_ws/devel/include/kortex_driver/MACAddress.h)
Linked: (/root/ros_ws/devel/.private/kortex_driver/include/kortex_driver/ProductConfigurationEndEffectorType.h, /root/ros_ws/devel/include/kortex_driver/ProductConfigurationEndEffectorType.h)
Linked: (/root/ros_ws/devel/.private/kortex_driver/include/kortex_driver/GetMeasuredCartesianPose.h, /root/ros_ws/devel/include/kortex_driver/GetMeasuredCartesianPose.h)
Linked: (/root/ros_ws/devel/.private/kortex_driver/include/kortex_driver/StopTeaching.h, /root/ros_ws/devel/include/kortex_driver/StopTeaching.h)
Linked: (/root/ros_ws/devel/.private/kortex_driver/include/kortex_driver/SetAxisOffsets.h, /root/ros_ws/devel/include/kortex_driver/SetAxisOffsets.h)
Linked: (/root/ros_ws/devel/.private/kortex_driver/include/kortex_driver/SendSelectedJointSpeedJoystickCommand.h, /root/ros_ws/devel/include/kortex_driver/SendSelectedJointSpeedJoystickCommand.h)
Linked: (/root/ros_ws/devel/.private/kortex_driver/include/kortex_driver/ApplyEmergencyStopResponse.h, /root/ros_ws/devel/include/kortex_driver/ApplyEmergencyStopResponse.h)
Linked: (/root/ros_ws/devel/.private/kortex_driver/include/kortex_driver/I2CDevice.h, /root/ros_ws/devel/include/kortex_driver/I2CDevice.h)
Linked: (/root/ros_ws/devel/.private/kortex_driver/include/kortex_driver/SendTwistJoystickCommandRequest.h, /root/ros_ws/devel/include/kortex_driver/SendTwistJoystickCommandRequest.h)
Linked: (/root/ros_ws/devel/.private/kortex_driver/include/kortex_driver/KinematicLimits.h, /root/ros_ws/devel/include/kortex_driver/KinematicLimits.h)
Linked: (/root/ros_ws/devel/.private/kortex_driver/include/kortex_driver/ResumeAction.h, /root/ros_ws/devel/include/kortex_driver/ResumeAction.h)
Linked: (/root/ros_ws/devel/.private/kortex_driver/include/kortex_driver/ReadMapResponse.h, /root/ros_ws/devel/include/kortex_driver/ReadMapResponse.h)
Linked: (/root/ros_ws/devel/.private/kortex_driver/include/kortex_driver/ExecuteActionFromReferenceRequest.h, /root/ros_ws/devel/include/kortex_driver/ExecuteActionFromReferenceRequest.h)
Linked: (/root/ros_ws/devel/.private/kortex_driver/include/kortex_driver/SetPayloadInformationResponse.h, /root/ros_ws/devel/include/kortex_driver/SetPayloadInformationResponse.h)
Linked: (/root/ros_ws/devel/.private/kortex_driver/include/kortex_driver/Resolution.h, /root/ros_ws/devel/include/kortex_driver/Resolution.h)
Linked: (/root/ros_ws/devel/.private/kortex_driver/include/kortex_driver/NetworkHandle.h, /root/ros_ws/devel/include/kortex_driver/NetworkHandle.h)
Linked: (/root/ros_ws/devel/.private/kortex_driver/include/kortex_driver/GetActivatedControlLoopRequest.h, /root/ros_ws/devel/include/kortex_driver/GetActivatedControlLoopRequest.h)
Linked: (/root/ros_ws/devel/.private/kortex_driver/include/kortex_driver/CalibrationItem.h, /root/ros_ws/devel/include/kortex_driver/CalibrationItem.h)
Linked: (/root/ros_ws/devel/.private/kortex_driver/include/kortex_driver/ExecuteCalibrationRequest.h, /root/ros_ws/devel/include/kortex_driver/ExecuteCalibrationRequest.h)
Linked: (/root/ros_ws/devel/.private/kortex_driver/include/kortex_driver/ExecuteActionFromReferenceResponse.h, /root/ros_ws/devel/include/kortex_driver/ExecuteActionFromReferenceResponse.h)
Linked: (/root/ros_ws/devel/.private/kortex_driver/include/kortex_driver/SetPayloadInformationRequest.h, /root/ros_ws/devel/include/kortex_driver/SetPayloadInformationRequest.h)
Linked: (/root/ros_ws/devel/.private/kortex_driver/include/kortex_driver/I2CWrite.h, /root/ros_ws/devel/include/kortex_driver/I2CWrite.h)
Linked: (/root/ros_ws/devel/.private/kortex_driver/include/kortex_driver/SequenceList.h, /root/ros_ws/devel/include/kortex_driver/SequenceList.h)
Linked: (/root/ros_ws/devel/.private/kortex_driver/include/kortex_driver/GripperCyclic_MessageId.h, /root/ros_ws/devel/include/kortex_driver/GripperCyclic_MessageId.h)
Linked: (/root/ros_ws/devel/.private/kortex_driver/include/kortex_driver/OnNotificationControllerTopicRequest.h, /root/ros_ws/devel/include/kortex_driver/OnNotificationControllerTopicRequest.h)
Linked: (/root/ros_ws/devel/.private/kortex_driver/include/kortex_driver/StopRequest.h, /root/ros_ws/devel/include/kortex_driver/StopRequest.h)
Linked: (/root/ros_ws/devel/.private/kortex_driver/include/kortex_driver/GetCartesianReferenceFrameRequest.h, /root/ros_ws/devel/include/kortex_driver/GetCartesianReferenceFrameRequest.h)
Linked: (/root/ros_ws/devel/.private/kortex_driver/include/kortex_driver/VisionConfig_ServiceVersion.h, /root/ros_ws/devel/include/kortex_driver/VisionConfig_ServiceVersion.h)
Linked: (/root/ros_ws/devel/.private/kortex_driver/include/kortex_driver/DuplicateMappingRequest.h, /root/ros_ws/devel/include/kortex_driver/DuplicateMappingRequest.h)
Linked: (/root/ros_ws/devel/.private/kortex_driver/include/kortex_driver/ActuatorInformation.h, /root/ros_ws/devel/include/kortex_driver/ActuatorInformation.h)
Linked: (/root/ros_ws/devel/.private/kortex_driver/include/kortex_driver/SetEthernetConfigurationRequest.h, /root/ros_ws/devel/include/kortex_driver/SetEthernetConfigurationRequest.h)
Linked: (/root/ros_ws/devel/.private/kortex_driver/include/kortex_driver/SetSafetyConfigurationResponse.h, /root/ros_ws/devel/include/kortex_driver/SetSafetyConfigurationResponse.h)
Linked: (/root/ros_ws/devel/.private/kortex_driver/include/kortex_driver/GetAllKinematicSoftLimitsResponse.h, /root/ros_ws/devel/include/kortex_driver/GetAllKinematicSoftLimitsResponse.h)
Linked: (/root/ros_ws/devel/.private/kortex_driver/include/kortex_driver/UARTPortId.h, /root/ros_ws/devel/include/kortex_driver/UARTPortId.h)
Linked: (/root/ros_ws/devel/.private/kortex_driver/include/kortex_driver/Option.h, /root/ros_ws/devel/include/kortex_driver/Option.h)
Linked: (/root/ros_ws/devel/.private/kortex_driver/include/kortex_driver/OnNotificationControlConfigurationTopicResponse.h, /root/ros_ws/devel/include/kortex_driver/OnNotificationControlConfigurationTopicResponse.h)
Linked: (/root/ros_ws/devel/.private/kortex_driver/include/kortex_driver/InterconnectCyclic_CustomData_tool_customData.h, /root/ros_ws/devel/include/kortex_driver/InterconnectCyclic_CustomData_tool_customData.h)
Linked: (/root/ros_ws/devel/.private/kortex_driver/include/kortex_driver/FirmwareVersion.h, /root/ros_ws/devel/include/kortex_driver/FirmwareVersion.h)
Linked: (/root/ros_ws/devel/.private/kortex_driver/include/kortex_driver/EndEffectorType.h, /root/ros_ws/devel/include/kortex_driver/EndEffectorType.h)
Linked: (/root/ros_ws/devel/.private/kortex_driver/include/kortex_driver/VisionConfig_RotationMatrixRow.h, /root/ros_ws/devel/include/kortex_driver/VisionConfig_RotationMatrixRow.h)
Linked: (/root/ros_ws/devel/.private/kortex_driver/include/kortex_driver/GetIntrinsicParametersProfileResponse.h, /root/ros_ws/devel/include/kortex_driver/GetIntrinsicParametersProfileResponse.h)
Linked: (/root/ros_ws/devel/.private/kortex_driver/include/kortex_driver/GpioEvent.h, /root/ros_ws/devel/include/kortex_driver/GpioEvent.h)
Linked: (/root/ros_ws/devel/.private/kortex_driver/include/kortex_driver/ModelNumber.h, /root/ros_ws/devel/include/kortex_driver/ModelNumber.h)
Linked: (/root/ros_ws/devel/.private/kortex_driver/include/kortex_driver/ResumeSequenceRequest.h, /root/ros_ws/devel/include/kortex_driver/ResumeSequenceRequest.h)
Linked: (/root/ros_ws/devel/.private/kortex_driver/include/kortex_driver/ResetToolConfigurationRequest.h, /root/ros_ws/devel/include/kortex_driver/ResetToolConfigurationRequest.h)
Linked: (/root/ros_ws/devel/.private/kortex_driver/include/kortex_driver/ProtectionZoneNotification.h, /root/ros_ws/devel/include/kortex_driver/ProtectionZoneNotification.h)
Linked: (/root/ros_ws/devel/.private/kortex_driver/include/kortex_driver/ResetGravityVectorRequest.h, /root/ros_ws/devel/include/kortex_driver/ResetGravityVectorRequest.h)
Linked: (/root/ros_ws/devel/.private/kortex_driver/include/kortex_driver/Orientation.h, /root/ros_ws/devel/include/kortex_driver/Orientation.h)
Linked: (/root/ros_ws/devel/.private/kortex_driver/include/kortex_driver/Base_CapSenseConfig.h, /root/ros_ws/devel/include/kortex_driver/Base_CapSenseConfig.h)
Linked: (/root/ros_ws/devel/.private/kortex_driver/include/kortex_driver/PlayJointTrajectoryRequest.h, /root/ros_ws/devel/include/kortex_driver/PlayJointTrajectoryRequest.h)
Linked: (/root/ros_ws/devel/.private/kortex_driver/include/kortex_driver/WrenchMode.h, /root/ros_ws/devel/include/kortex_driver/WrenchMode.h)
Linked: (/root/ros_ws/devel/.private/kortex_driver/include/kortex_driver/StartTeaching.h, /root/ros_ws/devel/include/kortex_driver/StartTeaching.h)
Linked: (/root/ros_ws/devel/.private/kortex_driver/include/kortex_driver/RampResponse.h, /root/ros_ws/devel/include/kortex_driver/RampResponse.h)
Linked: (/root/ros_ws/devel/.private/kortex_driver/include/kortex_driver/ControlConfig_OnNotificationControlModeTopicResponse.h, /root/ros_ws/devel/include/kortex_driver/ControlConfig_OnNotificationControlModeTopicResponse.h)
Linked: (/root/ros_ws/devel/.private/kortex_driver/include/kortex_driver/GetProductConfiguration.h, /root/ros_ws/devel/include/kortex_driver/GetProductConfiguration.h)
Linked: (/root/ros_ws/devel/.private/kortex_driver/include/kortex_driver/SetBluetoothEnableStateRequest.h, /root/ros_ws/devel/include/kortex_driver/SetBluetoothEnableStateRequest.h)
Linked: (/root/ros_ws/devel/.private/kortex_driver/include/kortex_driver/RobotEventNotification.h, /root/ros_ws/devel/include/kortex_driver/RobotEventNotification.h)
Linked: (/root/ros_ws/devel/.private/kortex_driver/include/kortex_driver/PowerOnSelfTestResult.h, /root/ros_ws/devel/include/kortex_driver/PowerOnSelfTestResult.h)
Linked: (/root/ros_ws/devel/.private/kortex_driver/include/kortex_driver/CalibrationParameter.h, /root/ros_ws/devel/include/kortex_driver/CalibrationParameter.h)
Linked: (/root/ros_ws/devel/.private/kortex_driver/include/kortex_driver/PauseSequenceResponse.h, /root/ros_ws/devel/include/kortex_driver/PauseSequenceResponse.h)
Linked: (/root/ros_ws/devel/.private/kortex_driver/include/kortex_driver/BridgePortConfig.h, /root/ros_ws/devel/include/kortex_driver/BridgePortConfig.h)
Linked: (/root/ros_ws/devel/.private/kortex_driver/include/kortex_driver/GpioPinPropertyFlags.h, /root/ros_ws/devel/include/kortex_driver/GpioPinPropertyFlags.h)
Linked: (/root/ros_ws/devel/.private/kortex_driver/include/kortex_driver/GetCoggingFeedforwardModeResponse.h, /root/ros_ws/devel/include/kortex_driver/GetCoggingFeedforwardModeResponse.h)
Linked: (/root/ros_ws/devel/.private/kortex_driver/include/kortex_driver/ResetTwistAngularSoftLimitResponse.h, /root/ros_ws/devel/include/kortex_driver/ResetTwistAngularSoftLimitResponse.h)
Linked: (/root/ros_ws/devel/.private/kortex_driver/include/kortex_driver/SetGPIOStateResponse.h, /root/ros_ws/devel/include/kortex_driver/SetGPIOStateResponse.h)
Linked: (/root/ros_ws/devel/.private/kortex_driver/include/kortex_driver/SystemTime.h, /root/ros_ws/devel/include/kortex_driver/SystemTime.h)
Linked: (/root/ros_ws/devel/.private/kortex_driver/include/kortex_driver/OnNotificationActionTopic.h, /root/ros_ws/devel/include/kortex_driver/OnNotificationActionTopic.h)
Linked: (/root/ros_ws/devel/.private/kortex_driver/include/kortex_driver/Base_OnNotificationControlModeTopic.h, /root/ros_ws/devel/include/kortex_driver/Base_OnNotificationControlModeTopic.h)
Linked: (/root/ros_ws/devel/.private/kortex_driver/include/kortex_driver/OnNotificationControllerTopicResponse.h, /root/ros_ws/devel/include/kortex_driver/OnNotificationControllerTopicResponse.h)
Linked: (/root/ros_ws/devel/.private/kortex_driver/include/kortex_driver/FactoryEvent.h, /root/ros_ws/devel/include/kortex_driver/FactoryEvent.h)
Linked: (/root/ros_ws/devel/.private/kortex_driver/include/kortex_driver/OnNotificationControlConfigurationTopic.h, /root/ros_ws/devel/include/kortex_driver/OnNotificationControlConfigurationTopic.h)
Linked: (/root/ros_ws/devel/.private/kortex_driver/include/kortex_driver/PlayCartesianTrajectoryOrientationRequest.h, /root/ros_ws/devel/include/kortex_driver/PlayCartesianTrajectoryOrientationRequest.h)
Linked: (/root/ros_ws/devel/.private/kortex_driver/include/kortex_driver/RestoreFactoryProductConfigurationResponse.h, /root/ros_ws/devel/include/kortex_driver/RestoreFactoryProductConfigurationResponse.h)
Linked: (/root/ros_ws/devel/.private/kortex_driver/include/kortex_driver/GetTrajectoryErrorReportResponse.h, /root/ros_ws/devel/include/kortex_driver/GetTrajectoryErrorReportResponse.h)
Linked: (/root/ros_ws/devel/.private/kortex_driver/include/kortex_driver/SetControllerConfigurationModeResponse.h, /root/ros_ws/devel/include/kortex_driver/SetControllerConfigurationModeResponse.h)
Linked: (/root/ros_ws/devel/.private/kortex_driver/include/kortex_driver/PlayCartesianTrajectoryResponse.h, /root/ros_ws/devel/include/kortex_driver/PlayCartesianTrajectoryResponse.h)
Linked: (/root/ros_ws/devel/.private/kortex_driver/include/kortex_driver/CreateProtectionZoneResponse.h, /root/ros_ws/devel/include/kortex_driver/CreateProtectionZoneResponse.h)
Linked: (/root/ros_ws/devel/.private/kortex_driver/include/kortex_driver/I2CReadRequest.h, /root/ros_ws/devel/include/kortex_driver/I2CReadRequest.h)
Linked: (/root/ros_ws/devel/.private/kortex_driver/include/kortex_driver/GetCommandMode.h, /root/ros_ws/devel/include/kortex_driver/GetCommandMode.h)
Linked: (/root/ros_ws/devel/.private/kortex_driver/include/kortex_driver/PartNumberRevision.h, /root/ros_ws/devel/include/kortex_driver/PartNumberRevision.h)
Linked: (/root/ros_ws/devel/.private/kortex_driver/include/kortex_driver/GetGPIOConfigurationRequest.h, /root/ros_ws/devel/include/kortex_driver/GetGPIOConfigurationRequest.h)
Linked: (/root/ros_ws/devel/.private/kortex_driver/include/kortex_driver/SetTorqueOffsetResponse.h, /root/ros_ws/devel/include/kortex_driver/SetTorqueOffsetResponse.h)
Linked: (/root/ros_ws/devel/.private/kortex_driver/include/kortex_driver/GetMeasuredJointAnglesResponse.h, /root/ros_ws/devel/include/kortex_driver/GetMeasuredJointAnglesResponse.h)
Linked: (/root/ros_ws/devel/.private/kortex_driver/include/kortex_driver/SafetyHandle.h, /root/ros_ws/devel/include/kortex_driver/SafetyHandle.h)
Linked: (/root/ros_ws/devel/.private/kortex_driver/include/kortex_driver/OnNotificationRobotEventTopicResponse.h, /root/ros_ws/devel/include/kortex_driver/OnNotificationRobotEventTopicResponse.h)
Linked: (/root/ros_ws/devel/.private/kortex_driver/include/kortex_driver/GetMeasuredGripperMovement.h, /root/ros_ws/devel/include/kortex_driver/GetMeasuredGripperMovement.h)
Linked: (/root/ros_ws/devel/.private/kortex_driver/include/kortex_driver/GetTwistHardLimitationRequest.h, /root/ros_ws/devel/include/kortex_driver/GetTwistHardLimitationRequest.h)
Linked: (/root/ros_ws/devel/.private/kortex_driver/include/kortex_driver/GetExtrinsicParametersResponse.h, /root/ros_ws/devel/include/kortex_driver/GetExtrinsicParametersResponse.h)
Linked: (/root/ros_ws/devel/.private/kortex_driver/include/kortex_driver/ControlConfig_JointSpeeds.h, /root/ros_ws/devel/include/kortex_driver/ControlConfig_JointSpeeds.h)
Linked: (/root/ros_ws/devel/.private/kortex_driver/include/kortex_driver/SendTwistCommandResponse.h, /root/ros_ws/devel/include/kortex_driver/SendTwistCommandResponse.h)
Linked: (/root/ros_ws/devel/.private/kortex_driver/include/kortex_driver/BootloaderVersion.h, /root/ros_ws/devel/include/kortex_driver/BootloaderVersion.h)
Linked: (/root/ros_ws/devel/.private/kortex_driver/include/kortex_driver/ExecuteActionFromReference.h, /root/ros_ws/devel/include/kortex_driver/ExecuteActionFromReference.h)
Linked: (/root/ros_ws/devel/.private/kortex_driver/include/kortex_driver/RestoreFactoryProductConfiguration.h, /root/ros_ws/devel/include/kortex_driver/RestoreFactoryProductConfiguration.h)
Linked: (/root/ros_ws/devel/.private/kortex_driver/include/kortex_driver/UserProfileList.h, /root/ros_ws/devel/include/kortex_driver/UserProfileList.h)
Linked: (/root/ros_ws/devel/.private/kortex_driver/include/kortex_driver/SetWifiEnableStateResponse.h, /root/ros_ws/devel/include/kortex_driver/SetWifiEnableStateResponse.h)
Linked: (/root/ros_ws/devel/.private/kortex_driver/include/kortex_driver/GetServoingModeResponse.h, /root/ros_ws/devel/include/kortex_driver/GetServoingModeResponse.h)
Linked: (/root/ros_ws/devel/.private/kortex_driver/include/kortex_driver/SendTwistCommandRequest.h, /root/ros_ws/devel/include/kortex_driver/SendTwistCommandRequest.h)
Linked: (/root/ros_ws/devel/.private/kortex_driver/include/kortex_driver/CustomDataSelection.h, /root/ros_ws/devel/include/kortex_driver/CustomDataSelection.h)
Linked: (/root/ros_ws/devel/.private/kortex_driver/include/kortex_driver/ControllerNotification.h, /root/ros_ws/devel/include/kortex_driver/ControllerNotification.h)
Linked: (/root/ros_ws/devel/.private/kortex_driver/include/kortex_driver/IKData.h, /root/ros_ws/devel/include/kortex_driver/IKData.h)
Linked: (/root/ros_ws/devel/.private/kortex_driver/include/kortex_driver/OnNotificationSafetyTopicResponse.h, /root/ros_ws/devel/include/kortex_driver/OnNotificationSafetyTopicResponse.h)
Linked: (/root/ros_ws/devel/.private/kortex_driver/include/kortex_driver/I2CReadRegisterResponse.h, /root/ros_ws/devel/include/kortex_driver/I2CReadRegisterResponse.h)
Linked: (/root/ros_ws/devel/.private/kortex_driver/include/kortex_driver/GetAllJointsTorqueSoftLimitationResponse.h, /root/ros_ws/devel/include/kortex_driver/GetAllJointsTorqueSoftLimitationResponse.h)
Linked: (/root/ros_ws/devel/.private/kortex_driver/include/kortex_driver/SetTwistLinearSoftLimitResponse.h, /root/ros_ws/devel/include/kortex_driver/SetTwistLinearSoftLimitResponse.h)
Linked: (/root/ros_ws/devel/.private/kortex_driver/include/kortex_driver/ResetToolConfigurationResponse.h, /root/ros_ws/devel/include/kortex_driver/ResetToolConfigurationResponse.h)
Linked: (/root/ros_ws/devel/.private/kortex_driver/include/kortex_driver/ReadAllMaps.h, /root/ros_ws/devel/include/kortex_driver/ReadAllMaps.h)
Linked: (/root/ros_ws/devel/.private/kortex_driver/include/kortex_driver/ResumeSequenceResponse.h, /root/ros_ws/devel/include/kortex_driver/ResumeSequenceResponse.h)
Linked: (/root/ros_ws/devel/.private/kortex_driver/include/kortex_driver/GetKinematicSoftLimitsResponse.h, /root/ros_ws/devel/include/kortex_driver/GetKinematicSoftLimitsResponse.h)
Linked: (/root/ros_ws/devel/.private/kortex_driver/include/kortex_driver/SetDesiredLinearTwistResponse.h, /root/ros_ws/devel/include/kortex_driver/SetDesiredLinearTwistResponse.h)
Linked: (/root/ros_ws/devel/.private/kortex_driver/include/kortex_driver/RunModes.h, /root/ros_ws/devel/include/kortex_driver/RunModes.h)
Linked: (/root/ros_ws/devel/.private/kortex_driver/include/kortex_driver/OnNotificationArmStateTopicResponse.h, /root/ros_ws/devel/include/kortex_driver/OnNotificationArmStateTopicResponse.h)
Linked: (/root/ros_ws/devel/.private/kortex_driver/include/kortex_driver/RebootRqst.h, /root/ros_ws/devel/include/kortex_driver/RebootRqst.h)
Linked: (/root/ros_ws/devel/.private/kortex_driver/include/kortex_driver/BrakeType.h, /root/ros_ws/devel/include/kortex_driver/BrakeType.h)
Linked: (/root/ros_ws/devel/.private/kortex_driver/include/kortex_driver/FollowCartesianTrajectoryActionGoal.h, /root/ros_ws/devel/include/kortex_driver/FollowCartesianTrajectoryActionGoal.h)
Linked: (/root/ros_ws/devel/.private/kortex_driver/include/kortex_driver/SetOperatingModeResponse.h, /root/ros_ws/devel/include/kortex_driver/SetOperatingModeResponse.h)
Linked: (/root/ros_ws/devel/.private/kortex_driver/include/kortex_driver/PauseActionResponse.h, /root/ros_ws/devel/include/kortex_driver/PauseActionResponse.h)
Linked: (/root/ros_ws/devel/.private/kortex_driver/include/kortex_driver/UARTSpeed.h, /root/ros_ws/devel/include/kortex_driver/UARTSpeed.h)
Linked: (/root/ros_ws/devel/.private/kortex_driver/include/kortex_driver/KinematicTrajectoryConstraints.h, /root/ros_ws/devel/include/kortex_driver/KinematicTrajectoryConstraints.h)
Linked: (/root/ros_ws/devel/.private/kortex_driver/include/kortex_driver/AddSequenceTasks.h, /root/ros_ws/devel/include/kortex_driver/AddSequenceTasks.h)
Linked: (/root/ros_ws/devel/.private/kortex_driver/include/kortex_driver/GetAllJointsSpeedHardLimitationRequest.h, /root/ros_ws/devel/include/kortex_driver/GetAllJointsSpeedHardLimitationRequest.h)
Linked: (/root/ros_ws/devel/.private/kortex_driver/include/kortex_driver/Timeout.h, /root/ros_ws/devel/include/kortex_driver/Timeout.h)
Linked: (/root/ros_ws/devel/.private/kortex_driver/include/kortex_driver/ResetSafetyDefaults.h, /root/ros_ws/devel/include/kortex_driver/ResetSafetyDefaults.h)
Linked: (/root/ros_ws/devel/.private/kortex_driver/include/kortex_driver/UpdateEndEffectorTypeConfigurationResponse.h, /root/ros_ws/devel/include/kortex_driver/UpdateEndEffectorTypeConfigurationResponse.h)
Linked: (/root/ros_ws/devel/.private/kortex_driver/include/kortex_driver/ReadAllProtectionZonesRequest.h, /root/ros_ws/devel/include/kortex_driver/ReadAllProtectionZonesRequest.h)
Linked: (/root/ros_ws/devel/.private/kortex_driver/include/kortex_driver/ChangePasswordResponse.h, /root/ros_ws/devel/include/kortex_driver/ChangePasswordResponse.h)
Linked: (/root/ros_ws/devel/.private/kortex_driver/include/kortex_driver/GetServoing.h, /root/ros_ws/devel/include/kortex_driver/GetServoing.h)
Linked: (/root/ros_ws/devel/.private/kortex_driver/include/kortex_driver/ActuatorCyclic_CustomData.h, /root/ros_ws/devel/include/kortex_driver/ActuatorCyclic_CustomData.h)
Linked: (/root/ros_ws/devel/.private/kortex_driver/include/kortex_driver/Map.h, /root/ros_ws/devel/include/kortex_driver/Map.h)
Linked: (/root/ros_ws/devel/.private/kortex_driver/include/kortex_driver/SendTwistCommand.h, /root/ros_ws/devel/include/kortex_driver/SendTwistCommand.h)
Linked: (/root/ros_ws/devel/.private/kortex_driver/include/kortex_driver/GetExtrinsicParameters.h, /root/ros_ws/devel/include/kortex_driver/GetExtrinsicParameters.h)
Linked: (/root/ros_ws/devel/.private/kortex_driver/include/kortex_driver/GetTwistSoftLimitationRequest.h, /root/ros_ws/devel/include/kortex_driver/GetTwistSoftLimitationRequest.h)
Linked: (/root/ros_ws/devel/.private/kortex_driver/include/kortex_driver/ServoingModeNotification.h, /root/ros_ws/devel/include/kortex_driver/ServoingModeNotification.h)
Linked: (/root/ros_ws/devel/.private/kortex_driver/include/kortex_driver/Base_SetCapSenseConfigRequest.h, /root/ros_ws/devel/include/kortex_driver/Base_SetCapSenseConfigRequest.h)
Linked: (/root/ros_ws/devel/.private/kortex_driver/include/kortex_driver/SetIntrinsicParameters.h, /root/ros_ws/devel/include/kortex_driver/SetIntrinsicParameters.h)
Linked: (/root/ros_ws/devel/.private/kortex_driver/include/kortex_driver/CommunicationInterfaceConfiguration.h, /root/ros_ws/devel/include/kortex_driver/CommunicationInterfaceConfiguration.h)
Linked: (/root/ros_ws/devel/.private/kortex_driver/include/kortex_driver/ConfigurationNotificationEvent.h, /root/ros_ws/devel/include/kortex_driver/ConfigurationNotificationEvent.h)
Linked: (/root/ros_ws/devel/.private/kortex_driver/include/kortex_driver/SetGPIOState.h, /root/ros_ws/devel/include/kortex_driver/SetGPIOState.h)
Linked: (/root/ros_ws/devel/.private/kortex_driver/include/kortex_driver/DeviceConfig_GetCapSenseConfigResponse.h, /root/ros_ws/devel/include/kortex_driver/DeviceConfig_GetCapSenseConfigResponse.h)
Linked: (/root/ros_ws/devel/.private/kortex_driver/include/kortex_driver/SetOptionValueResponse.h, /root/ros_ws/devel/include/kortex_driver/SetOptionValueResponse.h)
Linked: (/root/ros_ws/devel/.private/kortex_driver/include/kortex_driver/TransformationRow.h, /root/ros_ws/devel/include/kortex_driver/TransformationRow.h)
Linked: (/root/ros_ws/devel/.private/kortex_driver/include/kortex_driver/BaseCyclic_ServiceVersion.h, /root/ros_ws/devel/include/kortex_driver/BaseCyclic_ServiceVersion.h)
Linked: (/root/ros_ws/devel/.private/kortex_driver/include/kortex_driver/SetToolConfigurationResponse.h, /root/ros_ws/devel/include/kortex_driver/SetToolConfigurationResponse.h)
Linked: (/root/ros_ws/devel/.private/kortex_driver/include/kortex_driver/OnNotificationUserTopic.h, /root/ros_ws/devel/include/kortex_driver/OnNotificationUserTopic.h)
Linked: (/root/ros_ws/devel/.private/kortex_driver/include/kortex_driver/Base_SetCapSenseConfig.h, /root/ros_ws/devel/include/kortex_driver/Base_SetCapSenseConfig.h)
Linked: (/root/ros_ws/devel/.private/kortex_driver/include/kortex_driver/ReadAllSequencesRequest.h, /root/ros_ws/devel/include/kortex_driver/ReadAllSequencesRequest.h)
Linked: (/root/ros_ws/devel/.private/kortex_driver/include/kortex_driver/SetDesiredJointSpeedsResponse.h, /root/ros_ws/devel/include/kortex_driver/SetDesiredJointSpeedsResponse.h)
Linked: (/root/ros_ws/devel/.private/kortex_driver/include/kortex_driver/ReadAllUsers.h, /root/ros_ws/devel/include/kortex_driver/ReadAllUsers.h)
Linked: (/root/ros_ws/devel/.private/kortex_driver/include/kortex_driver/VisionNotification.h, /root/ros_ws/devel/include/kortex_driver/VisionNotification.h)
Linked: (/root/ros_ws/devel/.private/kortex_driver/include/kortex_driver/SetI2CConfigurationResponse.h, /root/ros_ws/devel/include/kortex_driver/SetI2CConfigurationResponse.h)
Linked: (/root/ros_ws/devel/.private/kortex_driver/include/kortex_driver/SetServoingModeRequest.h, /root/ros_ws/devel/include/kortex_driver/SetServoingModeRequest.h)
Linked: (/root/ros_ws/devel/.private/kortex_driver/include/kortex_driver/NetworkEvent.h, /root/ros_ws/devel/include/kortex_driver/NetworkEvent.h)
Linked: (/root/ros_ws/devel/.private/kortex_driver/include/kortex_driver/GetOperatingMode.h, /root/ros_ws/devel/include/kortex_driver/GetOperatingMode.h)
Linked: (/root/ros_ws/devel/.private/kortex_driver/include/kortex_driver/SetGPIOConfiguration.h, /root/ros_ws/devel/include/kortex_driver/SetGPIOConfiguration.h)
Linked: (/root/ros_ws/devel/.private/kortex_driver/include/kortex_driver/SetIntrinsicParametersResponse.h, /root/ros_ws/devel/include/kortex_driver/SetIntrinsicParametersResponse.h)
Linked: (/root/ros_ws/devel/.private/kortex_driver/include/kortex_driver/TranslationVector.h, /root/ros_ws/devel/include/kortex_driver/TranslationVector.h)
Linked: (/root/ros_ws/devel/.private/kortex_driver/include/kortex_driver/GetAvailableWifi.h, /root/ros_ws/devel/include/kortex_driver/GetAvailableWifi.h)
Linked: (/root/ros_ws/devel/.private/kortex_driver/include/kortex_driver/ReadMappingResponse.h, /root/ros_ws/devel/include/kortex_driver/ReadMappingResponse.h)
Linked: (/root/ros_ws/devel/.private/kortex_driver/include/kortex_driver/GetControlLoopParameters.h, /root/ros_ws/devel/include/kortex_driver/GetControlLoopParameters.h)
Linked: (/root/ros_ws/devel/.private/kortex_driver/include/kortex_driver/TwistLimitation.h, /root/ros_ws/devel/include/kortex_driver/TwistLimitation.h)
Linked: (/root/ros_ws/devel/.private/kortex_driver/include/kortex_driver/StopCalibrationRequest.h, /root/ros_ws/devel/include/kortex_driver/StopCalibrationRequest.h)
Linked: (/root/ros_ws/devel/.private/kortex_driver/include/kortex_driver/MoveSequenceTask.h, /root/ros_ws/devel/include/kortex_driver/MoveSequenceTask.h)
Linked: (/root/ros_ws/devel/.private/kortex_driver/include/kortex_driver/DeleteSequence.h, /root/ros_ws/devel/include/kortex_driver/DeleteSequence.h)
Linked: (/root/ros_ws/devel/.private/kortex_driver/include/kortex_driver/SetCoggingFeedforwardModeResponse.h, /root/ros_ws/devel/include/kortex_driver/SetCoggingFeedforwardModeResponse.h)
Linked: (/root/ros_ws/devel/.private/kortex_driver/include/kortex_driver/MoveSequenceTaskResponse.h, /root/ros_ws/devel/include/kortex_driver/MoveSequenceTaskResponse.h)
Linked: (/root/ros_ws/devel/.private/kortex_driver/include/kortex_driver/JointTorque.h, /root/ros_ws/devel/include/kortex_driver/JointTorque.h)
Linked: (/root/ros_ws/devel/.private/kortex_driver/include/kortex_driver/SetIPv4ConfigurationResponse.h, /root/ros_ws/devel/include/kortex_driver/SetIPv4ConfigurationResponse.h)
Linked: (/root/ros_ws/devel/.private/kortex_driver/include/kortex_driver/KinematicLimitsList.h, /root/ros_ws/devel/include/kortex_driver/KinematicLimitsList.h)
Linked: (/root/ros_ws/devel/.private/kortex_driver/include/kortex_driver/ResumeActionResponse.h, /root/ros_ws/devel/include/kortex_driver/ResumeActionResponse.h)
Linked: (/root/ros_ws/devel/.private/kortex_driver/include/kortex_driver/ReadAllUserProfilesResponse.h, /root/ros_ws/devel/include/kortex_driver/ReadAllUserProfilesResponse.h)
Linked: (/root/ros_ws/devel/.private/kortex_driver/include/kortex_driver/ReadAllMappingsResponse.h, /root/ros_ws/devel/include/kortex_driver/ReadAllMappingsResponse.h)
Linked: (/root/ros_ws/devel/.private/kortex_driver/include/kortex_driver/Waypoint.h, /root/ros_ws/devel/include/kortex_driver/Waypoint.h)
Linked: (/root/ros_ws/devel/.private/kortex_driver/include/kortex_driver/WrenchLimitation.h, /root/ros_ws/devel/include/kortex_driver/WrenchLimitation.h)
Linked: (/root/ros_ws/devel/.private/kortex_driver/include/kortex_driver/GetGPIOConfiguration.h, /root/ros_ws/devel/include/kortex_driver/GetGPIOConfiguration.h)
Linked: (/root/ros_ws/devel/.private/kortex_driver/include/kortex_driver/SetOperatingMode.h, /root/ros_ws/devel/include/kortex_driver/SetOperatingMode.h)
Linked: (/root/ros_ws/devel/.private/kortex_driver/include/kortex_driver/JointNavigationDirection.h, /root/ros_ws/devel/include/kortex_driver/JointNavigationDirection.h)
Linked: (/root/ros_ws/devel/.private/kortex_driver/include/kortex_driver/DeleteAction.h, /root/ros_ws/devel/include/kortex_driver/DeleteAction.h)
Linked: (/root/ros_ws/devel/.private/kortex_driver/include/kortex_driver/SetEthernetConfiguration.h, /root/ros_ws/devel/include/kortex_driver/SetEthernetConfiguration.h)
Linked: (/root/ros_ws/devel/.private/kortex_driver/include/kortex_driver/WifiSecurityType.h, /root/ros_ws/devel/include/kortex_driver/WifiSecurityType.h)
Linked: (/root/ros_ws/devel/.private/kortex_driver/include/kortex_driver/ValidateWaypointList.h, /root/ros_ws/devel/include/kortex_driver/ValidateWaypointList.h)
Linked: (/root/ros_ws/devel/.private/kortex_driver/include/kortex_driver/SetUARTConfiguration.h, /root/ros_ws/devel/include/kortex_driver/SetUARTConfiguration.h)
Linked: (/root/ros_ws/devel/.private/kortex_driver/include/kortex_driver/CustomDataIndex.h, /root/ros_ws/devel/include/kortex_driver/CustomDataIndex.h)
Linked: (/root/ros_ws/devel/.private/kortex_driver/include/kortex_driver/PauseSequence.h, /root/ros_ws/devel/include/kortex_driver/PauseSequence.h)
Linked: (/root/ros_ws/devel/.private/kortex_driver/include/kortex_driver/PlayJointTrajectory.h, /root/ros_ws/devel/include/kortex_driver/PlayJointTrajectory.h)
Linked: (/root/ros_ws/devel/.private/kortex_driver/include/kortex_driver/GetSafetyEnableResponse.h, /root/ros_ws/devel/include/kortex_driver/GetSafetyEnableResponse.h)
Linked: (/root/ros_ws/devel/.private/kortex_driver/include/kortex_driver/GetGPIOStateRequest.h, /root/ros_ws/devel/include/kortex_driver/GetGPIOStateRequest.h)
Linked: (/root/ros_ws/devel/.private/kortex_driver/include/kortex_driver/ActivateMapResponse.h, /root/ros_ws/devel/include/kortex_driver/ActivateMapResponse.h)
Linked: (/root/ros_ws/devel/.private/kortex_driver/include/kortex_driver/CartesianReferenceFrameInfo.h, /root/ros_ws/devel/include/kortex_driver/CartesianReferenceFrameInfo.h)
Linked: (/root/ros_ws/devel/.private/kortex_driver/include/kortex_driver/JointTrajectoryConstraintType.h, /root/ros_ws/devel/include/kortex_driver/JointTrajectoryConstraintType.h)
Linked: (/root/ros_ws/devel/.private/kortex_driver/include/kortex_driver/SensorIdentifier.h, /root/ros_ws/devel/include/kortex_driver/SensorIdentifier.h)
Linked: (/root/ros_ws/devel/.private/kortex_driver/include/kortex_driver/GetBridgeListRequest.h, /root/ros_ws/devel/include/kortex_driver/GetBridgeListRequest.h)
Linked: (/root/ros_ws/devel/.private/kortex_driver/include/kortex_driver/DeleteSequenceResponse.h, /root/ros_ws/devel/include/kortex_driver/DeleteSequenceResponse.h)
Linked: (/root/ros_ws/devel/.private/kortex_driver/include/kortex_driver/SetTwistLinearSoftLimit.h, /root/ros_ws/devel/include/kortex_driver/SetTwistLinearSoftLimit.h)
Linked: (/root/ros_ws/devel/.private/kortex_driver/include/kortex_driver/ReadAllMapsResponse.h, /root/ros_ws/devel/include/kortex_driver/ReadAllMapsResponse.h)
Linked: (/root/ros_ws/devel/.private/kortex_driver/include/kortex_driver/StopCalibrationResponse.h, /root/ros_ws/devel/include/kortex_driver/StopCalibrationResponse.h)
Linked: (/root/ros_ws/devel/.private/kortex_driver/include/kortex_driver/FollowCartesianTrajectoryAction.h, /root/ros_ws/devel/include/kortex_driver/FollowCartesianTrajectoryAction.h)
Linked: (/root/ros_ws/devel/.private/kortex_driver/include/kortex_driver/MoveToPosition.h, /root/ros_ws/devel/include/kortex_driver/MoveToPosition.h)
Linked: (/root/ros_ws/devel/.private/kortex_driver/include/kortex_driver/SwapSequenceTasksRequest.h, /root/ros_ws/devel/include/kortex_driver/SwapSequenceTasksRequest.h)
Linked: (/root/ros_ws/devel/.private/kortex_driver/include/kortex_driver/ServoingModeInformation.h, /root/ros_ws/devel/include/kortex_driver/ServoingModeInformation.h)
Linked: (/root/ros_ws/devel/.private/kortex_driver/include/kortex_driver/OnNotificationVisionTopicRequest.h, /root/ros_ws/devel/include/kortex_driver/OnNotificationVisionTopicRequest.h)
Linked: (/root/ros_ws/devel/.private/kortex_driver/include/kortex_driver/FocusAction.h, /root/ros_ws/devel/include/kortex_driver/FocusAction.h)
Linked: (/root/ros_ws/devel/.private/kortex_driver/include/kortex_driver/RobotiqGripperStatusFlags.h, /root/ros_ws/devel/include/kortex_driver/RobotiqGripperStatusFlags.h)
Linked: (/root/ros_ws/devel/.private/kortex_driver/include/kortex_driver/GetServoingModeRequest.h, /root/ros_ws/devel/include/kortex_driver/GetServoingModeRequest.h)
Linked: (/root/ros_ws/devel/.private/kortex_driver/include/kortex_driver/ApplyEmergencyStop.h, /root/ros_ws/devel/include/kortex_driver/ApplyEmergencyStop.h)
Linked: (/root/ros_ws/devel/.private/kortex_driver/include/kortex_driver/ReadSequenceTaskRequest.h, /root/ros_ws/devel/include/kortex_driver/ReadSequenceTaskRequest.h)
Linked: (/root/ros_ws/devel/.private/kortex_driver/include/kortex_driver/PasswordChange.h, /root/ros_ws/devel/include/kortex_driver/PasswordChange.h)
Linked: (/root/ros_ws/devel/.private/kortex_driver/include/kortex_driver/GPIOPull.h, /root/ros_ws/devel/include/kortex_driver/GPIOPull.h)
Linked: (/root/ros_ws/devel/.private/kortex_driver/include/kortex_driver/GetBridgeConfigResponse.h, /root/ros_ws/devel/include/kortex_driver/GetBridgeConfigResponse.h)
Linked: (/root/ros_ws/devel/.private/kortex_driver/include/kortex_driver/I2CRead.h, /root/ros_ws/devel/include/kortex_driver/I2CRead.h)
Linked: (/root/ros_ws/devel/.private/kortex_driver/include/kortex_driver/Base_ClearFaultsRequest.h, /root/ros_ws/devel/include/kortex_driver/Base_ClearFaultsRequest.h)
Linked: (/root/ros_ws/devel/.private/kortex_driver/include/kortex_driver/OnNotificationSafetyTopicRequest.h, /root/ros_ws/devel/include/kortex_driver/OnNotificationSafetyTopicRequest.h)
Linked: (/root/ros_ws/devel/.private/kortex_driver/include/kortex_driver/SetCommunicationInterfaceEnableResponse.h, /root/ros_ws/devel/include/kortex_driver/SetCommunicationInterfaceEnableResponse.h)
Linked: (/root/ros_ws/devel/.private/kortex_driver/include/kortex_driver/ReadAllDevices.h, /root/ros_ws/devel/include/kortex_driver/ReadAllDevices.h)
Linked: (/root/ros_ws/devel/.private/kortex_driver/include/kortex_driver/DisableBridgeResponse.h, /root/ros_ws/devel/include/kortex_driver/DisableBridgeResponse.h)
Linked: (/root/ros_ws/devel/.private/kortex_driver/include/kortex_driver/SetRunModeResponse.h, /root/ros_ws/devel/include/kortex_driver/SetRunModeResponse.h)
Linked: (/root/ros_ws/devel/.private/kortex_driver/include/kortex_driver/TrajectoryInfo.h, /root/ros_ws/devel/include/kortex_driver/TrajectoryInfo.h)
Linked: (/root/ros_ws/devel/.private/kortex_driver/include/kortex_driver/SendJointSpeedsJoystickCommandResponse.h, /root/ros_ws/devel/include/kortex_driver/SendJointSpeedsJoystickCommandResponse.h)
Linked: (/root/ros_ws/devel/.private/kortex_driver/include/kortex_driver/ActionNotification.h, /root/ros_ws/devel/include/kortex_driver/ActionNotification.h)
Linked: (/root/ros_ws/devel/.private/kortex_driver/include/kortex_driver/SetDeviceIDRequest.h, /root/ros_ws/devel/include/kortex_driver/SetDeviceIDRequest.h)
Linked: (/root/ros_ws/devel/.private/kortex_driver/include/kortex_driver/GetSerialNumber.h, /root/ros_ws/devel/include/kortex_driver/GetSerialNumber.h)
Linked: (/root/ros_ws/devel/.private/kortex_driver/include/kortex_driver/AdmittanceMode.h, /root/ros_ws/devel/include/kortex_driver/AdmittanceMode.h)
Linked: (/root/ros_ws/devel/.private/kortex_driver/include/kortex_driver/GetCartesianReferenceFrameResponse.h, /root/ros_ws/devel/include/kortex_driver/GetCartesianReferenceFrameResponse.h)
Linked: (/root/ros_ws/devel/.private/kortex_driver/include/kortex_driver/ExecuteCalibrationResponse.h, /root/ros_ws/devel/include/kortex_driver/ExecuteCalibrationResponse.h)
Linked: (/root/ros_ws/devel/.private/kortex_driver/include/kortex_driver/Xbox360DigitalInputIdentifier.h, /root/ros_ws/devel/include/kortex_driver/Xbox360DigitalInputIdentifier.h)
Linked: (/root/ros_ws/devel/.private/kortex_driver/include/kortex_driver/RobotEvent.h, /root/ros_ws/devel/include/kortex_driver/RobotEvent.h)
Linked: (/root/ros_ws/devel/.private/kortex_driver/include/kortex_driver/GetUARTConfigurationResponse.h, /root/ros_ws/devel/include/kortex_driver/GetUARTConfigurationResponse.h)
Linked: (/root/ros_ws/devel/.private/kortex_driver/include/kortex_driver/SendGripperCommand.h, /root/ros_ws/devel/include/kortex_driver/SendGripperCommand.h)
Linked: (/root/ros_ws/devel/.private/kortex_driver/include/kortex_driver/GripperCyclic_ServiceVersion.h, /root/ros_ws/devel/include/kortex_driver/GripperCyclic_ServiceVersion.h)
Linked: (/root/ros_ws/devel/.private/kortex_driver/include/kortex_driver/GetIntrinsicParametersProfile.h, /root/ros_ws/devel/include/kortex_driver/GetIntrinsicParametersProfile.h)
Linked: (/root/ros_ws/devel/.private/kortex_driver/include/kortex_driver/CartesianLimitation.h, /root/ros_ws/devel/include/kortex_driver/CartesianLimitation.h)
Linked: (/root/ros_ws/devel/.private/kortex_driver/include/kortex_driver/ChangeWrench.h, /root/ros_ws/devel/include/kortex_driver/ChangeWrench.h)
Linked: (/root/ros_ws/devel/.private/kortex_driver/include/kortex_driver/WristType.h, /root/ros_ws/devel/include/kortex_driver/WristType.h)
Linked: (/root/ros_ws/devel/.private/kortex_driver/include/kortex_driver/FollowCartesianTrajectoryGoal.h, /root/ros_ws/devel/include/kortex_driver/FollowCartesianTrajectoryGoal.h)
Linked: (/root/ros_ws/devel/.private/kortex_driver/include/kortex_driver/JointLimitation.h, /root/ros_ws/devel/include/kortex_driver/JointLimitation.h)
Linked: (/root/ros_ws/devel/.private/kortex_driver/include/kortex_driver/GetActuatorCountRequest.h, /root/ros_ws/devel/include/kortex_driver/GetActuatorCountRequest.h)
Linked: (/root/ros_ws/devel/.private/kortex_driver/include/kortex_driver/GetFirmwareBundleVersions.h, /root/ros_ws/devel/include/kortex_driver/GetFirmwareBundleVersions.h)
Linked: (/root/ros_ws/devel/.private/kortex_driver/include/kortex_driver/ActuatorConfig_ClearFaultsRequest.h, /root/ros_ws/devel/include/kortex_driver/ActuatorConfig_ClearFaultsRequest.h)
Linked: (/root/ros_ws/devel/.private/kortex_driver/include/kortex_driver/UpdateAction.h, /root/ros_ws/devel/include/kortex_driver/UpdateAction.h)
Linked: (/root/ros_ws/devel/.private/kortex_driver/include/kortex_driver/GetIPv4ConfigurationResponse.h, /root/ros_ws/devel/include/kortex_driver/GetIPv4ConfigurationResponse.h)
Linked: (/root/ros_ws/devel/.private/kortex_driver/include/kortex_driver/DisableBridgeRequest.h, /root/ros_ws/devel/include/kortex_driver/DisableBridgeRequest.h)
Linked: (/root/ros_ws/devel/.private/kortex_driver/include/kortex_driver/GripperCyclic_Feedback.h, /root/ros_ws/devel/include/kortex_driver/GripperCyclic_Feedback.h)
Linked: (/root/ros_ws/devel/.private/kortex_driver/include/kortex_driver/DoSensorFocusActionRequest.h, /root/ros_ws/devel/include/kortex_driver/DoSensorFocusActionRequest.h)
Linked: (/root/ros_ws/devel/.private/kortex_driver/include/kortex_driver/ControlConfig_UnsubscribeRequest.h, /root/ros_ws/devel/include/kortex_driver/ControlConfig_UnsubscribeRequest.h)
Linked: (/root/ros_ws/devel/.private/kortex_driver/include/kortex_driver/GetControlLoopParametersRequest.h, /root/ros_ws/devel/include/kortex_driver/GetControlLoopParametersRequest.h)
Linked: (/root/ros_ws/devel/.private/kortex_driver/include/kortex_driver/ConstrainedPosition.h, /root/ros_ws/devel/include/kortex_driver/ConstrainedPosition.h)
Linked: (/root/ros_ws/devel/.private/kortex_driver/include/kortex_driver/GetIntrinsicParameters.h, /root/ros_ws/devel/include/kortex_driver/GetIntrinsicParameters.h)
Linked: (/root/ros_ws/devel/.private/kortex_driver/include/kortex_driver/EthernetConfiguration.h, /root/ros_ws/devel/include/kortex_driver/EthernetConfiguration.h)
Linked: (/root/ros_ws/devel/.private/kortex_driver/include/kortex_driver/CreateSequence.h, /root/ros_ws/devel/include/kortex_driver/CreateSequence.h)
Linked: (/root/ros_ws/devel/.private/kortex_driver/include/kortex_driver/UpdateSequenceResponse.h, /root/ros_ws/devel/include/kortex_driver/UpdateSequenceResponse.h)
Linked: (/root/ros_ws/devel/.private/kortex_driver/include/kortex_driver/DeleteSequenceTaskResponse.h, /root/ros_ws/devel/include/kortex_driver/DeleteSequenceTaskResponse.h)
Linked: (/root/ros_ws/devel/.private/kortex_driver/include/kortex_driver/SetTorqueOffset.h, /root/ros_ws/devel/include/kortex_driver/SetTorqueOffset.h)
Linked: (/root/ros_ws/devel/.private/kortex_driver/include/kortex_driver/ResetSafetyDefaultsRequest.h, /root/ros_ws/devel/include/kortex_driver/ResetSafetyDefaultsRequest.h)
Linked: (/root/ros_ws/devel/.private/kortex_driver/include/kortex_driver/RequestedActionType.h, /root/ros_ws/devel/include/kortex_driver/RequestedActionType.h)
Linked: (/root/ros_ws/devel/.private/kortex_driver/include/kortex_driver/GetMeasuredGripperMovementRequest.h, /root/ros_ws/devel/include/kortex_driver/GetMeasuredGripperMovementRequest.h)
Linked: (/root/ros_ws/devel/.private/kortex_driver/include/kortex_driver/IPv4Information.h, /root/ros_ws/devel/include/kortex_driver/IPv4Information.h)
Linked: (/root/ros_ws/devel/.private/kortex_driver/include/kortex_driver/DoSensorFocusAction.h, /root/ros_ws/devel/include/kortex_driver/DoSensorFocusAction.h)
Linked: (/root/ros_ws/devel/.private/kortex_driver/include/kortex_driver/SetCommandModeResponse.h, /root/ros_ws/devel/include/kortex_driver/SetCommandModeResponse.h)
Linked: (/root/ros_ws/devel/.private/kortex_driver/include/kortex_driver/ActionList.h, /root/ros_ws/devel/include/kortex_driver/ActionList.h)
Linked: (/root/ros_ws/devel/.private/kortex_driver/include/kortex_driver/GetExtrinsicParametersRequest.h, /root/ros_ws/devel/include/kortex_driver/GetExtrinsicParametersRequest.h)
Linked: (/root/ros_ws/devel/.private/kortex_driver/include/kortex_driver/RestoreFactorySettingsRequest.h, /root/ros_ws/devel/include/kortex_driver/RestoreFactorySettingsRequest.h)
Linked: (/root/ros_ws/devel/.private/kortex_driver/include/kortex_driver/GetConnectedWifiInformation.h, /root/ros_ws/devel/include/kortex_driver/GetConnectedWifiInformation.h)
Linked: (/root/ros_ws/devel/.private/kortex_driver/include/kortex_driver/NetworkNotification.h, /root/ros_ws/devel/include/kortex_driver/NetworkNotification.h)
Linked: (/root/ros_ws/devel/.private/kortex_driver/include/kortex_driver/ReadMapRequest.h, /root/ros_ws/devel/include/kortex_driver/ReadMapRequest.h)
Linked: (/root/ros_ws/devel/.private/kortex_driver/include/kortex_driver/GetAllJointsSpeedSoftLimitation.h, /root/ros_ws/devel/include/kortex_driver/GetAllJointsSpeedSoftLimitation.h)
Linked: (/root/ros_ws/devel/.private/kortex_driver/include/kortex_driver/SetWifiCountryCodeRequest.h, /root/ros_ws/devel/include/kortex_driver/SetWifiCountryCodeRequest.h)
Linked: (/root/ros_ws/devel/.private/kortex_driver/include/kortex_driver/OnNotificationSafetyTopic.h, /root/ros_ws/devel/include/kortex_driver/OnNotificationSafetyTopic.h)
Linked: (/root/ros_ws/devel/.private/kortex_driver/include/kortex_driver/SetWifiCountryCodeResponse.h, /root/ros_ws/devel/include/kortex_driver/SetWifiCountryCodeResponse.h)
Linked: (/root/ros_ws/devel/.private/kortex_driver/include/kortex_driver/SetAxisOffsetsResponse.h, /root/ros_ws/devel/include/kortex_driver/SetAxisOffsetsResponse.h)
Linked: (/root/ros_ws/devel/.private/kortex_driver/include/kortex_driver/OnNotificationSequenceInfoTopic.h, /root/ros_ws/devel/include/kortex_driver/OnNotificationSequenceInfoTopic.h)
Linked: (/root/ros_ws/devel/.private/kortex_driver/include/kortex_driver/FirmwareComponentVersion.h, /root/ros_ws/devel/include/kortex_driver/FirmwareComponentVersion.h)
Linked: (/root/ros_ws/devel/.private/kortex_driver/include/kortex_driver/JointTorques.h, /root/ros_ws/devel/include/kortex_driver/JointTorques.h)
Linked: (/root/ros_ws/devel/.private/kortex_driver/include/kortex_driver/SetExtrinsicParametersRequest.h, /root/ros_ws/devel/include/kortex_driver/SetExtrinsicParametersRequest.h)
Linked: (/root/ros_ws/devel/.private/kortex_driver/include/kortex_driver/GetIntrinsicParametersProfileRequest.h, /root/ros_ws/devel/include/kortex_driver/GetIntrinsicParametersProfileRequest.h)
Linked: (/root/ros_ws/devel/.private/kortex_driver/include/kortex_driver/DeleteAllSequenceTasks.h, /root/ros_ws/devel/include/kortex_driver/DeleteAllSequenceTasks.h)
Linked: (/root/ros_ws/devel/.private/kortex_driver/include/kortex_driver/GetGPIOConfigurationResponse.h, /root/ros_ws/devel/include/kortex_driver/GetGPIOConfigurationResponse.h)
Linked: (/root/ros_ws/devel/.private/kortex_driver/include/kortex_driver/SetGPIOStateRequest.h, /root/ros_ws/devel/include/kortex_driver/SetGPIOStateRequest.h)
Linked: (/root/ros_ws/devel/.private/kortex_driver/include/kortex_driver/GetCartesianReferenceFrame.h, /root/ros_ws/devel/include/kortex_driver/GetCartesianReferenceFrame.h)
Linked: (/root/ros_ws/devel/.private/kortex_driver/include/kortex_driver/PlayCartesianTrajectoryPositionRequest.h, /root/ros_ws/devel/include/kortex_driver/PlayCartesianTrajectoryPositionRequest.h)
Linked: (/root/ros_ws/devel/.private/kortex_driver/include/kortex_driver/DeleteMap.h, /root/ros_ws/devel/include/kortex_driver/DeleteMap.h)
Linked: (/root/ros_ws/devel/.private/kortex_driver/include/kortex_driver/GetKinematicHardLimitsResponse.h, /root/ros_ws/devel/include/kortex_driver/GetKinematicHardLimitsResponse.h)
Linked: (/root/ros_ws/devel/.private/kortex_driver/include/kortex_driver/SetSafetyWarningThresholdResponse.h, /root/ros_ws/devel/include/kortex_driver/SetSafetyWarningThresholdResponse.h)
Linked: (/root/ros_ws/devel/.private/kortex_driver/include/kortex_driver/OnNotificationProtectionZoneTopicRequest.h, /root/ros_ws/devel/include/kortex_driver/OnNotificationProtectionZoneTopicRequest.h)
Linked: (/root/ros_ws/devel/.private/kortex_driver/include/kortex_driver/GetOptionValueRequest.h, /root/ros_ws/devel/include/kortex_driver/GetOptionValueRequest.h)
Linked: (/root/ros_ws/devel/.private/kortex_driver/include/kortex_driver/SequenceHandle.h, /root/ros_ws/devel/include/kortex_driver/SequenceHandle.h)
Linked: (/root/ros_ws/devel/.private/kortex_driver/include/kortex_driver/UserEvent.h, /root/ros_ws/devel/include/kortex_driver/UserEvent.h)
Linked: (/root/ros_ws/devel/.private/kortex_driver/include/kortex_driver/ControlLoopSelection.h, /root/ros_ws/devel/include/kortex_driver/ControlLoopSelection.h)
Linked: (/root/ros_ws/devel/.private/kortex_driver/include/kortex_driver/ActuatorConfig_ServiceVersion.h, /root/ros_ws/devel/include/kortex_driver/ActuatorConfig_ServiceVersion.h)
Linked: (/root/ros_ws/devel/.private/kortex_driver/include/kortex_driver/PlayAdvancedSequence.h, /root/ros_ws/devel/include/kortex_driver/PlayAdvancedSequence.h)
Linked: (/root/ros_ws/devel/.private/kortex_driver/include/kortex_driver/SwapSequenceTasksResponse.h, /root/ros_ws/devel/include/kortex_driver/SwapSequenceTasksResponse.h)
Linked: (/root/ros_ws/devel/.private/kortex_driver/include/kortex_driver/SafetyStatusValue.h, /root/ros_ws/devel/include/kortex_driver/SafetyStatusValue.h)
Linked: (/root/ros_ws/devel/.private/kortex_driver/include/kortex_driver/IntrinsicParameters.h, /root/ros_ws/devel/include/kortex_driver/IntrinsicParameters.h)
Linked: (/root/ros_ws/devel/.private/kortex_driver/include/kortex_driver/ActuatorConfig_GetControlModeResponse.h, /root/ros_ws/devel/include/kortex_driver/ActuatorConfig_GetControlModeResponse.h)
Linked: (/root/ros_ws/devel/.private/kortex_driver/include/kortex_driver/EthernetDuplex.h, /root/ros_ws/devel/include/kortex_driver/EthernetDuplex.h)
Linked: (/root/ros_ws/devel/.private/kortex_driver/include/kortex_driver/ControlModeNotificationList.h, /root/ros_ws/devel/include/kortex_driver/ControlModeNotificationList.h)
Linked: (/root/ros_ws/devel/.private/kortex_driver/include/kortex_driver/SetTwistAngularSoftLimitResponse.h, /root/ros_ws/devel/include/kortex_driver/SetTwistAngularSoftLimitResponse.h)
Linked: (/root/ros_ws/devel/.private/kortex_driver/include/kortex_driver/DeleteSequenceTask.h, /root/ros_ws/devel/include/kortex_driver/DeleteSequenceTask.h)
Linked: (/root/ros_ws/devel/.private/kortex_driver/include/kortex_driver/GetToolConfigurationResponse.h, /root/ros_ws/devel/include/kortex_driver/GetToolConfigurationResponse.h)
Linked: (/root/ros_ws/devel/.private/kortex_driver/include/kortex_driver/GPIOIdentifier.h, /root/ros_ws/devel/include/kortex_driver/GPIOIdentifier.h)
Linked: (/root/ros_ws/devel/.private/kortex_driver/include/kortex_driver/ResetGravityVector.h, /root/ros_ws/devel/include/kortex_driver/ResetGravityVector.h)
Linked: (/root/ros_ws/devel/.private/kortex_driver/include/kortex_driver/ActuatorCustomData.h, /root/ros_ws/devel/include/kortex_driver/ActuatorCustomData.h)
Linked: (/root/ros_ws/devel/.private/kortex_driver/include/kortex_driver/CreateUserProfileResponse.h, /root/ros_ws/devel/include/kortex_driver/CreateUserProfileResponse.h)
Linked: (/root/ros_ws/devel/.private/kortex_driver/include/kortex_driver/SetGravityVectorRequest.h, /root/ros_ws/devel/include/kortex_driver/SetGravityVectorRequest.h)
Linked: (/root/ros_ws/devel/.private/kortex_driver/include/kortex_driver/ResetJointSpeedSoftLimitsRequest.h, /root/ros_ws/devel/include/kortex_driver/ResetJointSpeedSoftLimitsRequest.h)
Linked: (/root/ros_ws/devel/.private/kortex_driver/include/kortex_driver/SetSafetyWarningThresholdRequest.h, /root/ros_ws/devel/include/kortex_driver/SetSafetyWarningThresholdRequest.h)
Linked: (/root/ros_ws/devel/.private/kortex_driver/include/kortex_driver/SendGripperCommandResponse.h, /root/ros_ws/devel/include/kortex_driver/SendGripperCommandResponse.h)
Linked: (/root/ros_ws/devel/.private/kortex_driver/include/kortex_driver/UpdateUserProfileRequest.h, /root/ros_ws/devel/include/kortex_driver/UpdateUserProfileRequest.h)
Linked: (/root/ros_ws/devel/.private/kortex_driver/include/kortex_driver/CommandModeInformation.h, /root/ros_ws/devel/include/kortex_driver/CommandModeInformation.h)
Linked: (/root/ros_ws/devel/.private/kortex_driver/include/kortex_driver/DeleteProtectionZone.h, /root/ros_ws/devel/include/kortex_driver/DeleteProtectionZone.h)
Linked: (/root/ros_ws/devel/.private/kortex_driver/include/kortex_driver/ControlConfig_OnNotificationControlModeTopicRequest.h, /root/ros_ws/devel/include/kortex_driver/ControlConfig_OnNotificationControlModeTopicRequest.h)
Linked: (/root/ros_ws/devel/.private/kortex_driver/include/kortex_driver/UpdateUserProfileResponse.h, /root/ros_ws/devel/include/kortex_driver/UpdateUserProfileResponse.h)
Linked: (/root/ros_ws/devel/.private/kortex_driver/include/kortex_driver/CreateMappingResponse.h, /root/ros_ws/devel/include/kortex_driver/CreateMappingResponse.h)
Linked: (/root/ros_ws/devel/.private/kortex_driver/include/kortex_driver/OperatingMode.h, /root/ros_ws/devel/include/kortex_driver/OperatingMode.h)
Linked: (/root/ros_ws/devel/.private/kortex_driver/include/kortex_driver/GetAllSafetyConfiguration.h, /root/ros_ws/devel/include/kortex_driver/GetAllSafetyConfiguration.h)
Linked: (/root/ros_ws/devel/.private/kortex_driver/include/kortex_driver/DesiredSpeeds.h, /root/ros_ws/devel/include/kortex_driver/DesiredSpeeds.h)
Linked: (/root/ros_ws/devel/.private/kortex_driver/include/kortex_driver/DeviceConfig_SetCapSenseConfigRequest.h, /root/ros_ws/devel/include/kortex_driver/DeviceConfig_SetCapSenseConfigRequest.h)
Linked: (/root/ros_ws/devel/.private/kortex_driver/include/kortex_driver/AngularWaypoint.h, /root/ros_ws/devel/include/kortex_driver/AngularWaypoint.h)
Linked: (/root/ros_ws/devel/.private/kortex_driver/include/kortex_driver/GetSafetyEnableRequest.h, /root/ros_ws/devel/include/kortex_driver/GetSafetyEnableRequest.h)
Linked: (/root/ros_ws/devel/.private/kortex_driver/include/kortex_driver/GetCalibrationResultRequest.h, /root/ros_ws/devel/include/kortex_driver/GetCalibrationResultRequest.h)
Linked: (/root/ros_ws/devel/.private/kortex_driver/include/kortex_driver/SensorFocusAction.h, /root/ros_ws/devel/include/kortex_driver/SensorFocusAction.h)
Linked: (/root/ros_ws/devel/.private/kortex_driver/include/kortex_driver/PlaySequenceResponse.h, /root/ros_ws/devel/include/kortex_driver/PlaySequenceResponse.h)
Linked: (/root/ros_ws/devel/.private/kortex_driver/include/kortex_driver/OnNotificationNetworkTopic.h, /root/ros_ws/devel/include/kortex_driver/OnNotificationNetworkTopic.h)
Linked: (/root/ros_ws/devel/.private/kortex_driver/include/kortex_driver/TrajectoryErrorReport.h, /root/ros_ws/devel/include/kortex_driver/TrajectoryErrorReport.h)
Linked: (/root/ros_ws/devel/.private/kortex_driver/include/kortex_driver/WaypointValidationReport.h, /root/ros_ws/devel/include/kortex_driver/WaypointValidationReport.h)
Linked: (/root/ros_ws/devel/.private/kortex_driver/include/kortex_driver/DeviceConfig_CapSenseConfig.h, /root/ros_ws/devel/include/kortex_driver/DeviceConfig_CapSenseConfig.h)
Linked: (/root/ros_ws/devel/.private/kortex_driver/include/kortex_driver/ControllerEvent.h, /root/ros_ws/devel/include/kortex_driver/ControllerEvent.h)
Linked: (/root/ros_ws/devel/.private/kortex_driver/include/kortex_driver/GetConfiguredWifiResponse.h, /root/ros_ws/devel/include/kortex_driver/GetConfiguredWifiResponse.h)
Linked: (/root/ros_ws/devel/.private/kortex_driver/include/kortex_driver/IsCommunicationInterfaceEnable.h, /root/ros_ws/devel/include/kortex_driver/IsCommunicationInterfaceEnable.h)
Linked: (/root/ros_ws/devel/.private/kortex_driver/include/kortex_driver/PreComputedJointTrajectory.h, /root/ros_ws/devel/include/kortex_driver/PreComputedJointTrajectory.h)
Linked: (/root/ros_ws/devel/.private/kortex_driver/include/kortex_driver/EmergencyStop.h, /root/ros_ws/devel/include/kortex_driver/EmergencyStop.h)
Linked: (/root/ros_ws/devel/.private/kortex_driver/include/kortex_driver/ControlConfig_ControlModeInformation.h, /root/ros_ws/devel/include/kortex_driver/ControlConfig_ControlModeInformation.h)
Linked: (/root/ros_ws/devel/.private/kortex_driver/include/kortex_driver/RestoreFactoryProductConfigurationRequest.h, /root/ros_ws/devel/include/kortex_driver/RestoreFactoryProductConfigurationRequest.h)
Linked: (/root/ros_ws/devel/.private/kortex_driver/include/kortex_driver/GetAxisOffsets.h, /root/ros_ws/devel/include/kortex_driver/GetAxisOffsets.h)
Linked: (/root/ros_ws/devel/.private/kortex_driver/include/kortex_driver/SendWrenchCommandRequest.h, /root/ros_ws/devel/include/kortex_driver/SendWrenchCommandRequest.h)
Linked: (/root/ros_ws/devel/.private/kortex_driver/include/kortex_driver/GetAllJointsTorqueSoftLimitation.h, /root/ros_ws/devel/include/kortex_driver/GetAllJointsTorqueSoftLimitation.h)
Linked: (/root/ros_ws/devel/.private/kortex_driver/include/kortex_driver/ClearSafetyStatusResponse.h, /root/ros_ws/devel/include/kortex_driver/ClearSafetyStatusResponse.h)
Linked: (/root/ros_ws/devel/.private/kortex_driver/include/kortex_driver/GetWrenchHardLimitationResponse.h, /root/ros_ws/devel/include/kortex_driver/GetWrenchHardLimitationResponse.h)
Linked: (/root/ros_ws/devel/.private/kortex_driver/include/kortex_driver/CartesianTrajectoryConstraint_type.h, /root/ros_ws/devel/include/kortex_driver/CartesianTrajectoryConstraint_type.h)
Linked: (/root/ros_ws/devel/.private/kortex_driver/include/kortex_driver/SetGPIOConfigurationResponse.h, /root/ros_ws/devel/include/kortex_driver/SetGPIOConfigurationResponse.h)
Linked: (/root/ros_ws/devel/.private/kortex_driver/include/kortex_driver/ControllerEventType.h, /root/ros_ws/devel/include/kortex_driver/ControllerEventType.h)
Linked: (/root/ros_ws/devel/.private/kortex_driver/include/kortex_driver/SendWrenchJoystickCommandResponse.h, /root/ros_ws/devel/include/kortex_driver/SendWrenchJoystickCommandResponse.h)
Linked: (/root/ros_ws/devel/.private/kortex_driver/include/kortex_driver/SetCommandModeRequest.h, /root/ros_ws/devel/include/kortex_driver/SetCommandModeRequest.h)
Linked: (/root/ros_ws/devel/.private/kortex_driver/include/kortex_driver/SetActivatedControlLoop.h, /root/ros_ws/devel/include/kortex_driver/SetActivatedControlLoop.h)
Linked: (/root/ros_ws/devel/.private/kortex_driver/include/kortex_driver/SetControlModeRequest.h, /root/ros_ws/devel/include/kortex_driver/SetControlModeRequest.h)
Linked: (/root/ros_ws/devel/.private/kortex_driver/include/kortex_driver/GetOptionInformationResponse.h, /root/ros_ws/devel/include/kortex_driver/GetOptionInformationResponse.h)
Linked: (/root/ros_ws/devel/.private/kortex_driver/include/kortex_driver/UpdateMappingResponse.h, /root/ros_ws/devel/include/kortex_driver/UpdateMappingResponse.h)
Linked: (/root/ros_ws/devel/.private/kortex_driver/include/kortex_driver/GetTorqueOffsetRequest.h, /root/ros_ws/devel/include/kortex_driver/GetTorqueOffsetRequest.h)
Linked: (/root/ros_ws/devel/.private/kortex_driver/include/kortex_driver/ReadAllUserProfiles.h, /root/ros_ws/devel/include/kortex_driver/ReadAllUserProfiles.h)
Linked: (/root/ros_ws/devel/.private/kortex_driver/include/kortex_driver/Waypoint_type_of_waypoint.h, /root/ros_ws/devel/include/kortex_driver/Waypoint_type_of_waypoint.h)
Linked: (/root/ros_ws/devel/.private/kortex_driver/include/kortex_driver/GetAllKinematicSoftLimits.h, /root/ros_ws/devel/include/kortex_driver/GetAllKinematicSoftLimits.h)
Linked: (/root/ros_ws/devel/.private/kortex_driver/include/kortex_driver/CommandFlags.h, /root/ros_ws/devel/include/kortex_driver/CommandFlags.h)
Linked: (/root/ros_ws/devel/.private/kortex_driver/include/kortex_driver/I2CDeviceIdentification.h, /root/ros_ws/devel/include/kortex_driver/I2CDeviceIdentification.h)
Linked: (/root/ros_ws/devel/.private/kortex_driver/include/kortex_driver/ControllerBehavior.h, /root/ros_ws/devel/include/kortex_driver/ControllerBehavior.h)
Linked: (/root/ros_ws/devel/.private/kortex_driver/include/kortex_driver/OnNotificationRobotEventTopic.h, /root/ros_ws/devel/include/kortex_driver/OnNotificationRobotEventTopic.h)
Linked: (/root/ros_ws/devel/.private/kortex_driver/include/kortex_driver/DeleteMapRequest.h, /root/ros_ws/devel/include/kortex_driver/DeleteMapRequest.h)
Linked: (/root/ros_ws/devel/.private/kortex_driver/include/kortex_driver/DeleteWifiConfigurationRequest.h, /root/ros_ws/devel/include/kortex_driver/DeleteWifiConfigurationRequest.h)
Linked: (/root/ros_ws/devel/.private/kortex_driver/include/kortex_driver/ReadAllSequenceTasks.h, /root/ros_ws/devel/include/kortex_driver/ReadAllSequenceTasks.h)
Linked: (/root/ros_ws/devel/.private/kortex_driver/include/kortex_driver/TakeSnapshot.h, /root/ros_ws/devel/include/kortex_driver/TakeSnapshot.h)
Linked: (/root/ros_ws/devel/.private/kortex_driver/include/kortex_driver/ProtectionZoneEvent.h, /root/ros_ws/devel/include/kortex_driver/ProtectionZoneEvent.h)
Linked: (/root/ros_ws/devel/.private/kortex_driver/include/kortex_driver/OnNotificationOperatingModeTopicResponse.h, /root/ros_ws/devel/include/kortex_driver/OnNotificationOperatingModeTopicResponse.h)
Linked: (/root/ros_ws/devel/.private/kortex_driver/include/kortex_driver/UpdateMap.h, /root/ros_ws/devel/include/kortex_driver/UpdateMap.h)
Linked: (/root/ros_ws/devel/.private/kortex_driver/include/kortex_driver/ComputeForwardKinematics.h, /root/ros_ws/devel/include/kortex_driver/ComputeForwardKinematics.h)
Linked: (/root/ros_ws/devel/.private/kortex_driver/include/kortex_driver/ControlConfig_UnsubscribeResponse.h, /root/ros_ws/devel/include/kortex_driver/ControlConfig_UnsubscribeResponse.h)
Linked: (/root/ros_ws/devel/.private/kortex_driver/include/kortex_driver/GetMeasuredGripperMovementResponse.h, /root/ros_ws/devel/include/kortex_driver/GetMeasuredGripperMovementResponse.h)
Linked: (/root/ros_ws/devel/.private/kortex_driver/include/kortex_driver/SetIPv4Settings.h, /root/ros_ws/devel/include/kortex_driver/SetIPv4Settings.h)
Linked: (/root/ros_ws/devel/.private/kortex_driver/include/kortex_driver/DistortionCoefficients.h, /root/ros_ws/devel/include/kortex_driver/DistortionCoefficients.h)
Linked: (/root/ros_ws/devel/.private/kortex_driver/include/kortex_driver/OnNotificationMappingInfoTopicRequest.h, /root/ros_ws/devel/include/kortex_driver/OnNotificationMappingInfoTopicRequest.h)
Linked: (/root/ros_ws/devel/.private/kortex_driver/include/kortex_driver/I2CReadRegister.h, /root/ros_ws/devel/include/kortex_driver/I2CReadRegister.h)
Linked: (/root/ros_ws/devel/.private/kortex_driver/include/kortex_driver/ControllerList.h, /root/ros_ws/devel/include/kortex_driver/ControllerList.h)
Linked: (/root/ros_ws/devel/.private/kortex_driver/include/kortex_driver/ResetTwistLinearSoftLimit.h, /root/ros_ws/devel/include/kortex_driver/ResetTwistLinearSoftLimit.h)
Linked: (/root/ros_ws/devel/.private/kortex_driver/include/kortex_driver/Snapshot.h, /root/ros_ws/devel/include/kortex_driver/Snapshot.h)
Linked: (/root/ros_ws/devel/.private/kortex_driver/include/kortex_driver/ControlConfig_Position.h, /root/ros_ws/devel/include/kortex_driver/ControlConfig_Position.h)
Linked: (/root/ros_ws/devel/.private/kortex_driver/include/kortex_driver/GetActuatorCountResponse.h, /root/ros_ws/devel/include/kortex_driver/GetActuatorCountResponse.h)
Linked: (/root/ros_ws/devel/.private/kortex_driver/include/kortex_driver/SetServoingMode.h, /root/ros_ws/devel/include/kortex_driver/SetServoingMode.h)
Linked: (/root/ros_ws/devel/.private/kortex_driver/include/kortex_driver/GetActuatorCount.h, /root/ros_ws/devel/include/kortex_driver/GetActuatorCount.h)
Linked: (/root/ros_ws/devel/.private/kortex_driver/include/kortex_driver/CustomDataUnit.h, /root/ros_ws/devel/include/kortex_driver/CustomDataUnit.h)
Linked: (/root/ros_ws/devel/.private/kortex_driver/include/kortex_driver/PlayCartesianTrajectoryPosition.h, /root/ros_ws/devel/include/kortex_driver/PlayCartesianTrajectoryPosition.h)
Linked: (/root/ros_ws/devel/.private/kortex_driver/include/kortex_driver/UpdateSequence.h, /root/ros_ws/devel/include/kortex_driver/UpdateSequence.h)
Linked: (/root/ros_ws/devel/.private/kortex_driver/include/kortex_driver/Base_SafetyIdentifier.h, /root/ros_ws/devel/include/kortex_driver/Base_SafetyIdentifier.h)
Linked: (/root/ros_ws/devel/.private/kortex_driver/include/kortex_driver/JointsLimitationsList.h, /root/ros_ws/devel/include/kortex_driver/JointsLimitationsList.h)
Linked: (/root/ros_ws/devel/.private/kortex_driver/include/kortex_driver/GetProductConfigurationResponse.h, /root/ros_ws/devel/include/kortex_driver/GetProductConfigurationResponse.h)
Linked: (/root/ros_ws/devel/.private/kortex_driver/include/kortex_driver/SetActivatedControlLoopRequest.h, /root/ros_ws/devel/include/kortex_driver/SetActivatedControlLoopRequest.h)
Linked: (/root/ros_ws/devel/.private/kortex_driver/include/kortex_driver/StopResponse.h, /root/ros_ws/devel/include/kortex_driver/StopResponse.h)
Linked: (/root/ros_ws/devel/.private/kortex_driver/include/kortex_driver/ExecuteActionRequest.h, /root/ros_ws/devel/include/kortex_driver/ExecuteActionRequest.h)
Linked: (/root/ros_ws/devel/.private/kortex_driver/include/kortex_driver/SafetyIdentifierBankA.h, /root/ros_ws/devel/include/kortex_driver/SafetyIdentifierBankA.h)
Linked: (/root/ros_ws/devel/.private/kortex_driver/include/kortex_driver/Ssid.h, /root/ros_ws/devel/include/kortex_driver/Ssid.h)
Linked: (/root/ros_ws/devel/.private/kortex_driver/include/kortex_driver/GetSafetyStatus.h, /root/ros_ws/devel/include/kortex_driver/GetSafetyStatus.h)
Linked: (/root/ros_ws/devel/.private/kortex_driver/include/kortex_driver/SetWifiEnableState.h, /root/ros_ws/devel/include/kortex_driver/SetWifiEnableState.h)
Linked: (/root/ros_ws/devel/.private/kortex_driver/include/kortex_driver/CreateMap.h, /root/ros_ws/devel/include/kortex_driver/CreateMap.h)
Linked: (/root/ros_ws/devel/.private/kortex_driver/include/kortex_driver/SwapSequenceTasks.h, /root/ros_ws/devel/include/kortex_driver/SwapSequenceTasks.h)
Linked: (/root/ros_ws/devel/.private/kortex_driver/include/kortex_driver/ShapeType.h, /root/ros_ws/devel/include/kortex_driver/ShapeType.h)
Linked: (/root/ros_ws/devel/.private/kortex_driver/include/kortex_driver/OnNotificationVisionTopic.h, /root/ros_ws/devel/include/kortex_driver/OnNotificationVisionTopic.h)
Linked: (/root/ros_ws/devel/.private/kortex_driver/include/kortex_driver/EthernetSpeed.h, /root/ros_ws/devel/include/kortex_driver/EthernetSpeed.h)
Linked: (/root/ros_ws/devel/.private/kortex_driver/include/kortex_driver/ExecuteWaypointTrajectory.h, /root/ros_ws/devel/include/kortex_driver/ExecuteWaypointTrajectory.h)
Linked: (/root/ros_ws/devel/.private/kortex_driver/include/kortex_driver/EnableBridge.h, /root/ros_ws/devel/include/kortex_driver/EnableBridge.h)
Linked: (/root/ros_ws/devel/.private/kortex_driver/include/kortex_driver/ActivateMapRequest.h, /root/ros_ws/devel/include/kortex_driver/ActivateMapRequest.h)
Linked: (/root/ros_ws/devel/.private/kortex_driver/include/kortex_driver/ResetTwistLinearSoftLimitRequest.h, /root/ros_ws/devel/include/kortex_driver/ResetTwistLinearSoftLimitRequest.h)
Linked: (/root/ros_ws/devel/.private/kortex_driver/include/kortex_driver/ChangePassword.h, /root/ros_ws/devel/include/kortex_driver/ChangePassword.h)
Linked: (/root/ros_ws/devel/.private/kortex_driver/include/kortex_driver/GetIPv4Configuration.h, /root/ros_ws/devel/include/kortex_driver/GetIPv4Configuration.h)
Linked: (/root/ros_ws/devel/.private/kortex_driver/include/kortex_driver/GetKinematicSoftLimits.h, /root/ros_ws/devel/include/kortex_driver/GetKinematicSoftLimits.h)
Linked: (/root/ros_ws/devel/.private/kortex_driver/include/kortex_driver/Base_ClearFaultsResponse.h, /root/ros_ws/devel/include/kortex_driver/Base_ClearFaultsResponse.h)
Linked: (/root/ros_ws/devel/.private/kortex_driver/include/kortex_driver/OnNotificationControllerTopic.h, /root/ros_ws/devel/include/kortex_driver/OnNotificationControllerTopic.h)
Linked: (/root/ros_ws/devel/.private/kortex_driver/include/kortex_driver/SetIPv4SettingsRequest.h, /root/ros_ws/devel/include/kortex_driver/SetIPv4SettingsRequest.h)
Linked: (/root/ros_ws/devel/.private/kortex_driver/include/kortex_driver/GetAllKinematicSoftLimitsRequest.h, /root/ros_ws/devel/include/kortex_driver/GetAllKinematicSoftLimitsRequest.h)
Linked: (/root/ros_ws/devel/.private/kortex_driver/include/kortex_driver/Base_ServiceVersion.h, /root/ros_ws/devel/include/kortex_driver/Base_ServiceVersion.h)
Linked: (/root/ros_ws/devel/.private/kortex_driver/include/kortex_driver/ReadAllActions.h, /root/ros_ws/devel/include/kortex_driver/ReadAllActions.h)
Linked: (/root/ros_ws/devel/.private/kortex_driver/include/kortex_driver/Point.h, /root/ros_ws/devel/include/kortex_driver/Point.h)
Linked: (/root/ros_ws/devel/.private/kortex_driver/include/kortex_driver/ResetPayloadInformationResponse.h, /root/ros_ws/devel/include/kortex_driver/ResetPayloadInformationResponse.h)
Linked: (/root/ros_ws/devel/.private/kortex_driver/include/kortex_driver/BaseCyclic_Feedback.h, /root/ros_ws/devel/include/kortex_driver/BaseCyclic_Feedback.h)
Linked: (/root/ros_ws/devel/.private/kortex_driver/include/kortex_driver/SetJointSpeedSoftLimitsResponse.h, /root/ros_ws/devel/include/kortex_driver/SetJointSpeedSoftLimitsResponse.h)
Linked: (/root/ros_ws/devel/.private/kortex_driver/include/kortex_driver/Base_ClearFaults.h, /root/ros_ws/devel/include/kortex_driver/Base_ClearFaults.h)
Linked: (/root/ros_ws/devel/.private/kortex_driver/include/kortex_driver/GetBootloaderVersionResponse.h, /root/ros_ws/devel/include/kortex_driver/GetBootloaderVersionResponse.h)
Linked: (/root/ros_ws/devel/.private/kortex_driver/include/kortex_driver/SetPayloadInformation.h, /root/ros_ws/devel/include/kortex_driver/SetPayloadInformation.h)
Linked: (/root/ros_ws/devel/.private/kortex_driver/include/kortex_driver/ResetJointAccelerationSoftLimitsResponse.h, /root/ros_ws/devel/include/kortex_driver/ResetJointAccelerationSoftLimitsResponse.h)
Linked: (/root/ros_ws/devel/.private/kortex_driver/include/kortex_driver/SendWrenchJoystickCommandRequest.h, /root/ros_ws/devel/include/kortex_driver/SendWrenchJoystickCommandRequest.h)
Linked: (/root/ros_ws/devel/.private/kortex_driver/include/kortex_driver/Base_GetControlModeResponse.h, /root/ros_ws/devel/include/kortex_driver/Base_GetControlModeResponse.h)
Linked: (/root/ros_ws/devel/.private/kortex_driver/include/kortex_driver/PlayAdvancedSequenceRequest.h, /root/ros_ws/devel/include/kortex_driver/PlayAdvancedSequenceRequest.h)
Linked: (/root/ros_ws/devel/.private/kortex_driver/include/kortex_driver/NavigationDirection.h, /root/ros_ws/devel/include/kortex_driver/NavigationDirection.h)
Linked: (/root/ros_ws/devel/.private/kortex_driver/include/kortex_driver/GetIPv4ConfigurationRequest.h, /root/ros_ws/devel/include/kortex_driver/GetIPv4ConfigurationRequest.h)
Linked: (/root/ros_ws/devel/.private/kortex_driver/include/kortex_driver/SetJointSpeedSoftLimitsRequest.h, /root/ros_ws/devel/include/kortex_driver/SetJointSpeedSoftLimitsRequest.h)
Linked: (/root/ros_ws/devel/.private/kortex_driver/include/kortex_driver/SetIntrinsicParametersRequest.h, /root/ros_ws/devel/include/kortex_driver/SetIntrinsicParametersRequest.h)
Linked: (/root/ros_ws/devel/.private/kortex_driver/include/kortex_driver/I2CReadRegisterRequest.h, /root/ros_ws/devel/include/kortex_driver/I2CReadRegisterRequest.h)
Linked: (/root/ros_ws/devel/.private/kortex_driver/include/kortex_driver/SafetyNotificationList.h, /root/ros_ws/devel/include/kortex_driver/SafetyNotificationList.h)
Linked: (/root/ros_ws/devel/.private/kortex_driver/include/kortex_driver/MoveToPositionResponse.h, /root/ros_ws/devel/include/kortex_driver/MoveToPositionResponse.h)
Linked: (/root/ros_ws/devel/.private/kortex_driver/include/kortex_driver/SequenceTask.h, /root/ros_ws/devel/include/kortex_driver/SequenceTask.h)
Linked: (/root/ros_ws/devel/.private/kortex_driver/include/kortex_driver/DeleteMapResponse.h, /root/ros_ws/devel/include/kortex_driver/DeleteMapResponse.h)
Linked: (/root/ros_ws/devel/.private/kortex_driver/include/kortex_driver/WrenchCommand.h, /root/ros_ws/devel/include/kortex_driver/WrenchCommand.h)
Linked: (/root/ros_ws/devel/.private/kortex_driver/include/kortex_driver/SendSelectedJointSpeedCommand.h, /root/ros_ws/devel/include/kortex_driver/SendSelectedJointSpeedCommand.h)
Linked: (/root/ros_ws/devel/.private/kortex_driver/include/kortex_driver/MappingList.h, /root/ros_ws/devel/include/kortex_driver/MappingList.h)
Linked: (/root/ros_ws/devel/.private/kortex_driver/include/kortex_driver/DuplicateMapResponse.h, /root/ros_ws/devel/include/kortex_driver/DuplicateMapResponse.h)
Linked: (/root/ros_ws/devel/.private/kortex_driver/include/kortex_driver/GetAllConnectedControllersRequest.h, /root/ros_ws/devel/include/kortex_driver/GetAllConnectedControllersRequest.h)
Linked: (/root/ros_ws/devel/.private/kortex_driver/include/kortex_driver/PlayAdvancedSequenceResponse.h, /root/ros_ws/devel/include/kortex_driver/PlayAdvancedSequenceResponse.h)
Linked: (/root/ros_ws/devel/.private/kortex_driver/include/kortex_driver/TakeSnapshotRequest.h, /root/ros_ws/devel/include/kortex_driver/TakeSnapshotRequest.h)
Linked: (/root/ros_ws/devel/.private/kortex_driver/include/kortex_driver/UpdateEndEffectorTypeConfigurationRequest.h, /root/ros_ws/devel/include/kortex_driver/UpdateEndEffectorTypeConfigurationRequest.h)
Linked: (/root/ros_ws/devel/.private/kortex_driver/include/kortex_driver/SelectCustomDataRequest.h, /root/ros_ws/devel/include/kortex_driver/SelectCustomDataRequest.h)
Linked: (/root/ros_ws/devel/.private/kortex_driver/include/kortex_driver/DuplicateMapping.h, /root/ros_ws/devel/include/kortex_driver/DuplicateMapping.h)
Linked: (/root/ros_ws/devel/.private/kortex_driver/include/kortex_driver/SetTwistAngularSoftLimit.h, /root/ros_ws/devel/include/kortex_driver/SetTwistAngularSoftLimit.h)
Linked: (/root/ros_ws/devel/.private/kortex_driver/include/kortex_driver/GetBluetoothEnableStateRequest.h, /root/ros_ws/devel/include/kortex_driver/GetBluetoothEnableStateRequest.h)
Linked: (/root/ros_ws/devel/.private/kortex_driver/include/kortex_driver/I2CWriteRegisterResponse.h, /root/ros_ws/devel/include/kortex_driver/I2CWriteRegisterResponse.h)
Linked: (/root/ros_ws/devel/.private/kortex_driver/include/kortex_driver/ManualFocus.h, /root/ros_ws/devel/include/kortex_driver/ManualFocus.h)
Linked: (/root/ros_ws/devel/.private/kortex_driver/include/kortex_driver/SetServoing.h, /root/ros_ws/devel/include/kortex_driver/SetServoing.h)
Linked: (/root/ros_ws/devel/.private/kortex_driver/include/kortex_driver/GetSafetyInformation.h, /root/ros_ws/devel/include/kortex_driver/GetSafetyInformation.h)
Linked: (/root/ros_ws/devel/.private/kortex_driver/include/kortex_driver/GetPayloadInformationRequest.h, /root/ros_ws/devel/include/kortex_driver/GetPayloadInformationRequest.h)
Linked: (/root/ros_ws/devel/.private/kortex_driver/include/kortex_driver/WifiEncryptionType.h, /root/ros_ws/devel/include/kortex_driver/WifiEncryptionType.h)
Linked: (/root/ros_ws/devel/.private/kortex_driver/include/kortex_driver/RestoreFactorySettingsResponse.h, /root/ros_ws/devel/include/kortex_driver/RestoreFactorySettingsResponse.h)
Linked: (/root/ros_ws/devel/.private/kortex_driver/include/kortex_driver/GetAllJointsTorqueSoftLimitationRequest.h, /root/ros_ws/devel/include/kortex_driver/GetAllJointsTorqueSoftLimitationRequest.h)
Linked: (/root/ros_ws/devel/.private/kortex_driver/include/kortex_driver/CompleteProductConfiguration.h, /root/ros_ws/devel/include/kortex_driver/CompleteProductConfiguration.h)
Linked: (/root/ros_ws/devel/.private/kortex_driver/include/kortex_driver/ReadAllUserProfilesRequest.h, /root/ros_ws/devel/include/kortex_driver/ReadAllUserProfilesRequest.h)
Linked: (/root/ros_ws/devel/.private/kortex_driver/include/kortex_driver/DoSensorFocusActionResponse.h, /root/ros_ws/devel/include/kortex_driver/DoSensorFocusActionResponse.h)
Linked: (/root/ros_ws/devel/.private/kortex_driver/include/kortex_driver/SetControlModeResponse.h, /root/ros_ws/devel/include/kortex_driver/SetControlModeResponse.h)
Linked: (/root/ros_ws/devel/.private/kortex_driver/include/kortex_driver/Sensor.h, /root/ros_ws/devel/include/kortex_driver/Sensor.h)
Linked: (/root/ros_ws/devel/.private/kortex_driver/include/kortex_driver/OnNotificationSequenceInfoTopicRequest.h, /root/ros_ws/devel/include/kortex_driver/OnNotificationSequenceInfoTopicRequest.h)
Linked: (/root/ros_ws/devel/.private/kortex_driver/include/kortex_driver/ClearAllSafetyStatusRequest.h, /root/ros_ws/devel/include/kortex_driver/ClearAllSafetyStatusRequest.h)
Linked: (/root/ros_ws/devel/.private/kortex_driver/include/kortex_driver/CreateMappingRequest.h, /root/ros_ws/devel/include/kortex_driver/CreateMappingRequest.h)
Linked: (/root/ros_ws/devel/.private/kortex_driver/include/kortex_driver/GetSafetyConfiguration.h, /root/ros_ws/devel/include/kortex_driver/GetSafetyConfiguration.h)
Linked: (/root/ros_ws/devel/.private/kortex_driver/include/kortex_driver/OnNotificationConfigurationChangeTopic.h, /root/ros_ws/devel/include/kortex_driver/OnNotificationConfigurationChangeTopic.h)
Linked: (/root/ros_ws/devel/.private/kortex_driver/include/kortex_driver/GetProductConfigurationRequest.h, /root/ros_ws/devel/include/kortex_driver/GetProductConfigurationRequest.h)
Linked: (/root/ros_ws/devel/.private/kortex_driver/include/kortex_driver/AddWifiConfigurationResponse.h, /root/ros_ws/devel/include/kortex_driver/AddWifiConfigurationResponse.h)
Linked: (/root/ros_ws/devel/.private/kortex_driver/include/kortex_driver/GpioCommand.h, /root/ros_ws/devel/include/kortex_driver/GpioCommand.h)
Linked: (/root/ros_ws/devel/.private/kortex_driver/include/kortex_driver/GetWrenchSoftLimitation.h, /root/ros_ws/devel/include/kortex_driver/GetWrenchSoftLimitation.h)
Linked: (/root/ros_ws/devel/.private/kortex_driver/include/kortex_driver/GripperCyclic_Command.h, /root/ros_ws/devel/include/kortex_driver/GripperCyclic_Command.h)
Linked: (/root/ros_ws/devel/.private/kortex_driver/include/kortex_driver/GetToolConfiguration.h, /root/ros_ws/devel/include/kortex_driver/GetToolConfiguration.h)
Linked: (/root/ros_ws/devel/.private/kortex_driver/include/kortex_driver/CapSenseRegister.h, /root/ros_ws/devel/include/kortex_driver/CapSenseRegister.h)
Linked: (/root/ros_ws/devel/.private/kortex_driver/include/kortex_driver/GetI2CConfigurationResponse.h, /root/ros_ws/devel/include/kortex_driver/GetI2CConfigurationResponse.h)
Linked: (/root/ros_ws/devel/.private/kortex_driver/include/kortex_driver/PlayCartesianTrajectory.h, /root/ros_ws/devel/include/kortex_driver/PlayCartesianTrajectory.h)
Linked: (/root/ros_ws/devel/.private/kortex_driver/include/kortex_driver/BridgeList.h, /root/ros_ws/devel/include/kortex_driver/BridgeList.h)
Linked: (/root/ros_ws/devel/.private/kortex_driver/include/kortex_driver/SetControlMode.h, /root/ros_ws/devel/include/kortex_driver/SetControlMode.h)
Linked: (/root/ros_ws/devel/.private/kortex_driver/include/kortex_driver/ReadAllActionsResponse.h, /root/ros_ws/devel/include/kortex_driver/ReadAllActionsResponse.h)
Linked: (/root/ros_ws/devel/.private/kortex_driver/include/kortex_driver/CoggingFeedforwardModeInformation.h, /root/ros_ws/devel/include/kortex_driver/CoggingFeedforwardModeInformation.h)
Linked: (/root/ros_ws/devel/.private/kortex_driver/include/kortex_driver/SendTwistJoystickCommandResponse.h, /root/ros_ws/devel/include/kortex_driver/SendTwistJoystickCommandResponse.h)
Linked: (/root/ros_ws/devel/.private/kortex_driver/include/kortex_driver/CalibrationParameter_value.h, /root/ros_ws/devel/include/kortex_driver/CalibrationParameter_value.h)
Linked: (/root/ros_ws/devel/.private/kortex_driver/include/kortex_driver/UserNotificationList.h, /root/ros_ws/devel/include/kortex_driver/UserNotificationList.h)
Linked: (/root/ros_ws/devel/.private/kortex_driver/include/kortex_driver/MapList.h, /root/ros_ws/devel/include/kortex_driver/MapList.h)
Linked: (/root/ros_ws/devel/.private/kortex_driver/include/kortex_driver/I2CReadParameter.h, /root/ros_ws/devel/include/kortex_driver/I2CReadParameter.h)
Linked: (/root/ros_ws/devel/.private/kortex_driver/include/kortex_driver/I2CReadRegisterParameter.h, /root/ros_ws/devel/include/kortex_driver/I2CReadRegisterParameter.h)
Linked: (/root/ros_ws/devel/.private/kortex_driver/include/kortex_driver/StatusFlags.h, /root/ros_ws/devel/include/kortex_driver/StatusFlags.h)
Linked: (/root/ros_ws/devel/.private/kortex_driver/include/kortex_driver/OptionIdentifier.h, /root/ros_ws/devel/include/kortex_driver/OptionIdentifier.h)
Linked: (/root/ros_ws/devel/.private/kortex_driver/include/kortex_driver/OnNotificationControlConfigurationTopicRequest.h, /root/ros_ws/devel/include/kortex_driver/OnNotificationControlConfigurationTopicRequest.h)
Linked: (/root/ros_ws/devel/.private/kortex_driver/include/kortex_driver/GetOptionInformation.h, /root/ros_ws/devel/include/kortex_driver/GetOptionInformation.h)
Linked: (/root/ros_ws/devel/.private/kortex_driver/include/kortex_driver/GetControllerStateRequest.h, /root/ros_ws/devel/include/kortex_driver/GetControllerStateRequest.h)
Linked: (/root/ros_ws/devel/.private/kortex_driver/include/kortex_driver/Admittance.h, /root/ros_ws/devel/include/kortex_driver/Admittance.h)
Linked: (/root/ros_ws/devel/.private/kortex_driver/include/kortex_driver/ExtrinsicParameters.h, /root/ros_ws/devel/include/kortex_driver/ExtrinsicParameters.h)
Linked: (/root/ros_ws/devel/.private/kortex_driver/include/kortex_driver/GetWrenchHardLimitation.h, /root/ros_ws/devel/include/kortex_driver/GetWrenchHardLimitation.h)
Linked: (/root/ros_ws/devel/.private/kortex_driver/include/kortex_driver/ReadMappingRequest.h, /root/ros_ws/devel/include/kortex_driver/ReadMappingRequest.h)
Linked: (/root/ros_ws/devel/.private/kortex_driver/include/kortex_driver/StopTeachingResponse.h, /root/ros_ws/devel/include/kortex_driver/StopTeachingResponse.h)
Linked: (/root/ros_ws/devel/.private/kortex_driver/include/kortex_driver/GetCoggingFeedforwardMode.h, /root/ros_ws/devel/include/kortex_driver/GetCoggingFeedforwardMode.h)
Linked: (/root/ros_ws/devel/.private/kortex_driver/include/kortex_driver/SetOperatingModeRequest.h, /root/ros_ws/devel/include/kortex_driver/SetOperatingModeRequest.h)
Linked: (/root/ros_ws/devel/.private/kortex_driver/include/kortex_driver/Query.h, /root/ros_ws/devel/include/kortex_driver/Query.h)
Linked: (/root/ros_ws/devel/.private/kortex_driver/include/kortex_driver/GetTorqueOffsetResponse.h, /root/ros_ws/devel/include/kortex_driver/GetTorqueOffsetResponse.h)
Linked: (/root/ros_ws/devel/.private/kortex_driver/include/kortex_driver/Base_RotationMatrix.h, /root/ros_ws/devel/include/kortex_driver/Base_RotationMatrix.h)
Linked: (/root/ros_ws/devel/.private/kortex_driver/include/kortex_driver/GetPartNumberRevisionRequest.h, /root/ros_ws/devel/include/kortex_driver/GetPartNumberRevisionRequest.h)
Linked: (/root/ros_ws/devel/.private/kortex_driver/include/kortex_driver/FullUserProfile.h, /root/ros_ws/devel/include/kortex_driver/FullUserProfile.h)
Linked: (/root/ros_ws/devel/.private/kortex_driver/include/kortex_driver/ControllerInputType.h, /root/ros_ws/devel/include/kortex_driver/ControllerInputType.h)
Linked: (/root/ros_ws/devel/.private/kortex_driver/include/kortex_driver/TrajectoryErrorIdentifier.h, /root/ros_ws/devel/include/kortex_driver/TrajectoryErrorIdentifier.h)
Linked: (/root/ros_ws/devel/.private/kortex_driver/include/kortex_driver/ReadMap.h, /root/ros_ws/devel/include/kortex_driver/ReadMap.h)
Linked: (/root/ros_ws/devel/.private/kortex_driver/include/kortex_driver/SetApiOptionsRequest.h, /root/ros_ws/devel/include/kortex_driver/SetApiOptionsRequest.h)
Linked: (/root/ros_ws/devel/.private/kortex_driver/include/kortex_driver/SafetyEnable.h, /root/ros_ws/devel/include/kortex_driver/SafetyEnable.h)
Linked: (/root/ros_ws/devel/.private/kortex_driver/include/kortex_driver/ActuatorCyclic_MessageId.h, /root/ros_ws/devel/include/kortex_driver/ActuatorCyclic_MessageId.h)
Linked: (/root/ros_ws/devel/.private/kortex_driver/include/kortex_driver/GripperCyclic_CustomData.h, /root/ros_ws/devel/include/kortex_driver/GripperCyclic_CustomData.h)
Linked: (/root/ros_ws/devel/.private/kortex_driver/include/kortex_driver/GPIOState.h, /root/ros_ws/devel/include/kortex_driver/GPIOState.h)
Linked: (/root/ros_ws/devel/.private/kortex_driver/include/kortex_driver/ReadSequenceTask.h, /root/ros_ws/devel/include/kortex_driver/ReadSequenceTask.h)
Linked: (/root/ros_ws/devel/.private/kortex_driver/include/kortex_driver/ResetJointSpeedSoftLimits.h, /root/ros_ws/devel/include/kortex_driver/ResetJointSpeedSoftLimits.h)
Linked: (/root/ros_ws/devel/.private/kortex_driver/include/kortex_driver/ResetPayloadInformationRequest.h, /root/ros_ws/devel/include/kortex_driver/ResetPayloadInformationRequest.h)
Linked: (/root/ros_ws/devel/.private/kortex_driver/include/kortex_driver/GetControllerConfiguration.h, /root/ros_ws/devel/include/kortex_driver/GetControllerConfiguration.h)
Linked: (/root/ros_ws/devel/.private/kortex_driver/include/kortex_driver/UserList.h, /root/ros_ws/devel/include/kortex_driver/UserList.h)
Linked: (/root/ros_ws/devel/.private/kortex_driver/include/kortex_driver/DeviceConfig_GetCapSenseConfigRequest.h, /root/ros_ws/devel/include/kortex_driver/DeviceConfig_GetCapSenseConfigRequest.h)
Linked: (/root/ros_ws/devel/.private/kortex_driver/include/kortex_driver/IsCommunicationInterfaceEnableRequest.h, /root/ros_ws/devel/include/kortex_driver/IsCommunicationInterfaceEnableRequest.h)
Linked: (/root/ros_ws/devel/.private/kortex_driver/include/kortex_driver/SetIPv4SettingsResponse.h, /root/ros_ws/devel/include/kortex_driver/SetIPv4SettingsResponse.h)
Linked: (/root/ros_ws/devel/.private/kortex_driver/include/kortex_driver/DisableBridge.h, /root/ros_ws/devel/include/kortex_driver/DisableBridge.h)
Linked: (/root/ros_ws/devel/.private/kortex_driver/include/kortex_driver/SafetyThreshold.h, /root/ros_ws/devel/include/kortex_driver/SafetyThreshold.h)
Linked: (/root/ros_ws/devel/.private/kortex_driver/include/kortex_driver/GravityVector.h, /root/ros_ws/devel/include/kortex_driver/GravityVector.h)
Linked: (/root/ros_ws/devel/.private/kortex_driver/include/kortex_driver/ZoneShape.h, /root/ros_ws/devel/include/kortex_driver/ZoneShape.h)
Linked: (/root/ros_ws/devel/.private/kortex_driver/include/kortex_driver/SetI2CConfiguration.h, /root/ros_ws/devel/include/kortex_driver/SetI2CConfiguration.h)
Linked: (/root/ros_ws/devel/.private/kortex_driver/include/kortex_driver/TakeSnapshotResponse.h, /root/ros_ws/devel/include/kortex_driver/TakeSnapshotResponse.h)
Linked: (/root/ros_ws/devel/.private/kortex_driver/include/kortex_driver/OnNotificationProtectionZoneTopicResponse.h, /root/ros_ws/devel/include/kortex_driver/OnNotificationProtectionZoneTopicResponse.h)
Linked: (/root/ros_ws/devel/.private/kortex_driver/include/kortex_driver/SetDeviceIDResponse.h, /root/ros_ws/devel/include/kortex_driver/SetDeviceIDResponse.h)
Linked: (/root/ros_ws/devel/.private/kortex_driver/include/kortex_driver/SetDesiredAngularTwist.h, /root/ros_ws/devel/include/kortex_driver/SetDesiredAngularTwist.h)
Linked: (/root/ros_ws/devel/.private/kortex_driver/share/common-lisp/ros/kortex_driver/msg/VisionEvent.lisp, /root/ros_ws/devel/share/common-lisp/ros/kortex_driver/msg/VisionEvent.lisp)
Linked: (/root/ros_ws/devel/.private/kortex_driver/share/common-lisp/ros/kortex_driver/msg/RampResponse.lisp, /root/ros_ws/devel/share/common-lisp/ros/kortex_driver/msg/RampResponse.lisp)
Linked: (/root/ros_ws/devel/.private/kortex_driver/share/common-lisp/ros/kortex_driver/msg/Base_SafetyIdentifier.lisp, /root/ros_ws/devel/share/common-lisp/ros/kortex_driver/msg/Base_SafetyIdentifier.lisp)
Linked: (/root/ros_ws/devel/.private/kortex_driver/share/common-lisp/ros/kortex_driver/msg/_package_FollowCartesianTrajectoryGoal.lisp, /root/ros_ws/devel/share/common-lisp/ros/kortex_driver/msg/_package_FollowCartesianTrajectoryGoal.lisp)
Linked: (/root/ros_ws/devel/.private/kortex_driver/share/common-lisp/ros/kortex_driver/msg/_package_CartesianTrajectoryConstraint_type.lisp, /root/ros_ws/devel/share/common-lisp/ros/kortex_driver/msg/_package_CartesianTrajectoryConstraint_type.lisp)
Linked: (/root/ros_ws/devel/.private/kortex_driver/share/common-lisp/ros/kortex_driver/msg/SafetyStatusValue.lisp, /root/ros_ws/devel/share/common-lisp/ros/kortex_driver/msg/SafetyStatusValue.lisp)
Linked: (/root/ros_ws/devel/.private/kortex_driver/share/common-lisp/ros/kortex_driver/msg/WifiEnableState.lisp, /root/ros_ws/devel/share/common-lisp/ros/kortex_driver/msg/WifiEnableState.lisp)
Linked: (/root/ros_ws/devel/.private/kortex_driver/share/common-lisp/ros/kortex_driver/msg/_package_UARTSpeed.lisp, /root/ros_ws/devel/share/common-lisp/ros/kortex_driver/msg/_package_UARTSpeed.lisp)
Linked: (/root/ros_ws/devel/.private/kortex_driver/share/common-lisp/ros/kortex_driver/msg/_package_GripperCyclic_Command.lisp, /root/ros_ws/devel/share/common-lisp/ros/kortex_driver/msg/_package_GripperCyclic_Command.lisp)
Linked: (/root/ros_ws/devel/.private/kortex_driver/share/common-lisp/ros/kortex_driver/msg/TwistCommand.lisp, /root/ros_ws/devel/share/common-lisp/ros/kortex_driver/msg/TwistCommand.lisp)
Linked: (/root/ros_ws/devel/.private/kortex_driver/share/common-lisp/ros/kortex_driver/msg/_package_MappingInfoNotificationList.lisp, /root/ros_ws/devel/share/common-lisp/ros/kortex_driver/msg/_package_MappingInfoNotificationList.lisp)
Linked: (/root/ros_ws/devel/.private/kortex_driver/share/common-lisp/ros/kortex_driver/msg/_package_CartesianTrajectoryConstraint.lisp, /root/ros_ws/devel/share/common-lisp/ros/kortex_driver/msg/_package_CartesianTrajectoryConstraint.lisp)
Linked: (/root/ros_ws/devel/.private/kortex_driver/share/common-lisp/ros/kortex_driver/msg/_package_CalibrationParameter.lisp, /root/ros_ws/devel/share/common-lisp/ros/kortex_driver/msg/_package_CalibrationParameter.lisp)
Linked: (/root/ros_ws/devel/.private/kortex_driver/share/common-lisp/ros/kortex_driver/msg/AngularWaypoint.lisp, /root/ros_ws/devel/share/common-lisp/ros/kortex_driver/msg/AngularWaypoint.lisp)
Linked: (/root/ros_ws/devel/.private/kortex_driver/share/common-lisp/ros/kortex_driver/msg/_package_ActuatorCustomData.lisp, /root/ros_ws/devel/share/common-lisp/ros/kortex_driver/msg/_package_ActuatorCustomData.lisp)
Linked: (/root/ros_ws/devel/.private/kortex_driver/share/common-lisp/ros/kortex_driver/msg/Admittance.lisp, /root/ros_ws/devel/share/common-lisp/ros/kortex_driver/msg/Admittance.lisp)
Linked: (/root/ros_ws/devel/.private/kortex_driver/share/common-lisp/ros/kortex_driver/msg/_package_Mapping.lisp, /root/ros_ws/devel/share/common-lisp/ros/kortex_driver/msg/_package_Mapping.lisp)
Linked: (/root/ros_ws/devel/.private/kortex_driver/share/common-lisp/ros/kortex_driver/msg/_package_CountryCodeIdentifier.lisp, /root/ros_ws/devel/share/common-lisp/ros/kortex_driver/msg/_package_CountryCodeIdentifier.lisp)
Linked: (/root/ros_ws/devel/.private/kortex_driver/share/common-lisp/ros/kortex_driver/msg/_package_Servoing.lisp, /root/ros_ws/devel/share/common-lisp/ros/kortex_driver/msg/_package_Servoing.lisp)
Linked: (/root/ros_ws/devel/.private/kortex_driver/share/common-lisp/ros/kortex_driver/msg/_package_ActionList.lisp, /root/ros_ws/devel/share/common-lisp/ros/kortex_driver/msg/_package_ActionList.lisp)
Linked: (/root/ros_ws/devel/.private/kortex_driver/share/common-lisp/ros/kortex_driver/msg/_package.lisp, /root/ros_ws/devel/share/common-lisp/ros/kortex_driver/msg/_package.lisp)
Linked: (/root/ros_ws/devel/.private/kortex_driver/share/common-lisp/ros/kortex_driver/msg/JointTorque.lisp, /root/ros_ws/devel/share/common-lisp/ros/kortex_driver/msg/JointTorque.lisp)
Linked: (/root/ros_ws/devel/.private/kortex_driver/share/common-lisp/ros/kortex_driver/msg/GpioPinConfiguration.lisp, /root/ros_ws/devel/share/common-lisp/ros/kortex_driver/msg/GpioPinConfiguration.lisp)
Linked: (/root/ros_ws/devel/.private/kortex_driver/share/common-lisp/ros/kortex_driver/msg/_package_DeviceHandle.lisp, /root/ros_ws/devel/share/common-lisp/ros/kortex_driver/msg/_package_DeviceHandle.lisp)
Linked: (/root/ros_ws/devel/.private/kortex_driver/share/common-lisp/ros/kortex_driver/msg/ShapeType.lisp, /root/ros_ws/devel/share/common-lisp/ros/kortex_driver/msg/ShapeType.lisp)
Linked: (/root/ros_ws/devel/.private/kortex_driver/share/common-lisp/ros/kortex_driver/msg/_package_I2CData.lisp, /root/ros_ws/devel/share/common-lisp/ros/kortex_driver/msg/_package_I2CData.lisp)
Linked: (/root/ros_ws/devel/.private/kortex_driver/share/common-lisp/ros/kortex_driver/msg/_package_Base_RotationMatrixRow.lisp, /root/ros_ws/devel/share/common-lisp/ros/kortex_driver/msg/_package_Base_RotationMatrixRow.lisp)
Linked: (/root/ros_ws/devel/.private/kortex_driver/share/common-lisp/ros/kortex_driver/msg/_package_JointSpeed.lisp, /root/ros_ws/devel/share/common-lisp/ros/kortex_driver/msg/_package_JointSpeed.lisp)
Linked: (/root/ros_ws/devel/.private/kortex_driver/share/common-lisp/ros/kortex_driver/msg/_package_FollowCartesianTrajectoryResult.lisp, /root/ros_ws/devel/share/common-lisp/ros/kortex_driver/msg/_package_FollowCartesianTrajectoryResult.lisp)
Linked: (/root/ros_ws/devel/.private/kortex_driver/share/common-lisp/ros/kortex_driver/msg/_package_Action.lisp, /root/ros_ws/devel/share/common-lisp/ros/kortex_driver/msg/_package_Action.lisp)
Linked: (/root/ros_ws/devel/.private/kortex_driver/share/common-lisp/ros/kortex_driver/msg/Sensor.lisp, /root/ros_ws/devel/share/common-lisp/ros/kortex_driver/msg/Sensor.lisp)
Linked: (/root/ros_ws/devel/.private/kortex_driver/share/common-lisp/ros/kortex_driver/msg/TranslationVector.lisp, /root/ros_ws/devel/share/common-lisp/ros/kortex_driver/msg/TranslationVector.lisp)
Linked: (/root/ros_ws/devel/.private/kortex_driver/share/common-lisp/ros/kortex_driver/msg/Wrench.lisp, /root/ros_ws/devel/share/common-lisp/ros/kortex_driver/msg/Wrench.lisp)
Linked: (/root/ros_ws/devel/.private/kortex_driver/share/common-lisp/ros/kortex_driver/msg/_package_NetworkNotificationList.lisp, /root/ros_ws/devel/share/common-lisp/ros/kortex_driver/msg/_package_NetworkNotificationList.lisp)
Linked: (/root/ros_ws/devel/.private/kortex_driver/share/common-lisp/ros/kortex_driver/msg/_package_JointNavigationDirection.lisp, /root/ros_ws/devel/share/common-lisp/ros/kortex_driver/msg/_package_JointNavigationDirection.lisp)
Linked: (/root/ros_ws/devel/.private/kortex_driver/share/common-lisp/ros/kortex_driver/msg/_package_ControlConfig_ControlModeNotification.lisp, /root/ros_ws/devel/share/common-lisp/ros/kortex_driver/msg/_package_ControlConfig_ControlModeNotification.lisp)
Linked: (/root/ros_ws/devel/.private/kortex_driver/share/common-lisp/ros/kortex_driver/msg/_package_GpioEvent.lisp, /root/ros_ws/devel/share/common-lisp/ros/kortex_driver/msg/_package_GpioEvent.lisp)
Linked: (/root/ros_ws/devel/.private/kortex_driver/share/common-lisp/ros/kortex_driver/msg/LoopSelection.lisp, /root/ros_ws/devel/share/common-lisp/ros/kortex_driver/msg/LoopSelection.lisp)
Linked: (/root/ros_ws/devel/.private/kortex_driver/share/common-lisp/ros/kortex_driver/msg/Base_Position.lisp, /root/ros_ws/devel/share/common-lisp/ros/kortex_driver/msg/Base_Position.lisp)
Linked: (/root/ros_ws/devel/.private/kortex_driver/share/common-lisp/ros/kortex_driver/msg/ActuatorConfig_ServiceVersion.lisp, /root/ros_ws/devel/share/common-lisp/ros/kortex_driver/msg/ActuatorConfig_ServiceVersion.lisp)
Linked: (/root/ros_ws/devel/.private/kortex_driver/share/common-lisp/ros/kortex_driver/msg/ActionHandle.lisp, /root/ros_ws/devel/share/common-lisp/ros/kortex_driver/msg/ActionHandle.lisp)
Linked: (/root/ros_ws/devel/.private/kortex_driver/share/common-lisp/ros/kortex_driver/msg/_package_SequenceInformation.lisp, /root/ros_ws/devel/share/common-lisp/ros/kortex_driver/msg/_package_SequenceInformation.lisp)
Linked: (/root/ros_ws/devel/.private/kortex_driver/share/common-lisp/ros/kortex_driver/msg/ModelId.lisp, /root/ros_ws/devel/share/common-lisp/ros/kortex_driver/msg/ModelId.lisp)
Linked: (/root/ros_ws/devel/.private/kortex_driver/share/common-lisp/ros/kortex_driver/msg/TransformationRow.lisp, /root/ros_ws/devel/share/common-lisp/ros/kortex_driver/msg/TransformationRow.lisp)
Linked: (/root/ros_ws/devel/.private/kortex_driver/share/common-lisp/ros/kortex_driver/msg/Base_CapSenseConfig.lisp, /root/ros_ws/devel/share/common-lisp/ros/kortex_driver/msg/Base_CapSenseConfig.lisp)
Linked: (/root/ros_ws/devel/.private/kortex_driver/share/common-lisp/ros/kortex_driver/msg/_package_CartesianWaypoint.lisp, /root/ros_ws/devel/share/common-lisp/ros/kortex_driver/msg/_package_CartesianWaypoint.lisp)
Linked: (/root/ros_ws/devel/.private/kortex_driver/share/common-lisp/ros/kortex_driver/msg/ProductConfigurationEndEffectorType.lisp, /root/ros_ws/devel/share/common-lisp/ros/kortex_driver/msg/ProductConfigurationEndEffectorType.lisp)
Linked: (/root/ros_ws/devel/.private/kortex_driver/share/common-lisp/ros/kortex_driver/msg/NetworkNotificationList.lisp, /root/ros_ws/devel/share/common-lisp/ros/kortex_driver/msg/NetworkNotificationList.lisp)
Linked: (/root/ros_ws/devel/.private/kortex_driver/share/common-lisp/ros/kortex_driver/msg/Mapping.lisp, /root/ros_ws/devel/share/common-lisp/ros/kortex_driver/msg/Mapping.lisp)
Linked: (/root/ros_ws/devel/.private/kortex_driver/share/common-lisp/ros/kortex_driver/msg/_package_BluetoothEnableState.lisp, /root/ros_ws/devel/share/common-lisp/ros/kortex_driver/msg/_package_BluetoothEnableState.lisp)
Linked: (/root/ros_ws/devel/.private/kortex_driver/share/common-lisp/ros/kortex_driver/msg/_package_ControlConfig_ServiceVersion.lisp, /root/ros_ws/devel/share/common-lisp/ros/kortex_driver/msg/_package_ControlConfig_ServiceVersion.lisp)
Linked: (/root/ros_ws/devel/.private/kortex_driver/share/common-lisp/ros/kortex_driver/msg/_package_TrajectoryErrorIdentifier.lisp, /root/ros_ws/devel/share/common-lisp/ros/kortex_driver/msg/_package_TrajectoryErrorIdentifier.lisp)
Linked: (/root/ros_ws/devel/.private/kortex_driver/share/common-lisp/ros/kortex_driver/msg/RunMode.lisp, /root/ros_ws/devel/share/common-lisp/ros/kortex_driver/msg/RunMode.lisp)
Linked: (/root/ros_ws/devel/.private/kortex_driver/share/common-lisp/ros/kortex_driver/msg/NotificationOptions.lisp, /root/ros_ws/devel/share/common-lisp/ros/kortex_driver/msg/NotificationOptions.lisp)
Linked: (/root/ros_ws/devel/.private/kortex_driver/share/common-lisp/ros/kortex_driver/msg/_package_I2CReadRegisterParameter.lisp, /root/ros_ws/devel/share/common-lisp/ros/kortex_driver/msg/_package_I2CReadRegisterParameter.lisp)
Linked: (/root/ros_ws/devel/.private/kortex_driver/share/common-lisp/ros/kortex_driver/msg/UserProfile.lisp, /root/ros_ws/devel/share/common-lisp/ros/kortex_driver/msg/UserProfile.lisp)
Linked: (/root/ros_ws/devel/.private/kortex_driver/share/common-lisp/ros/kortex_driver/msg/VisionConfig_RotationMatrix.lisp, /root/ros_ws/devel/share/common-lisp/ros/kortex_driver/msg/VisionConfig_RotationMatrix.lisp)
Linked: (/root/ros_ws/devel/.private/kortex_driver/share/common-lisp/ros/kortex_driver/msg/_package_ActionEvent.lisp, /root/ros_ws/devel/share/common-lisp/ros/kortex_driver/msg/_package_ActionEvent.lisp)
Linked: (/root/ros_ws/devel/.private/kortex_driver/share/common-lisp/ros/kortex_driver/msg/ActuatorCyclic_Command.lisp, /root/ros_ws/devel/share/common-lisp/ros/kortex_driver/msg/ActuatorCyclic_Command.lisp)
Linked: (/root/ros_ws/devel/.private/kortex_driver/share/common-lisp/ros/kortex_driver/msg/GripperConfig_SafetyIdentifier.lisp, /root/ros_ws/devel/share/common-lisp/ros/kortex_driver/msg/GripperConfig_SafetyIdentifier.lisp)
Linked: (/root/ros_ws/devel/.private/kortex_driver/share/common-lisp/ros/kortex_driver/msg/_package_GpioPinConfiguration.lisp, /root/ros_ws/devel/share/common-lisp/ros/kortex_driver/msg/_package_GpioPinConfiguration.lisp)
Linked: (/root/ros_ws/devel/.private/kortex_driver/share/common-lisp/ros/kortex_driver/msg/ControlConfig_Position.lisp, /root/ros_ws/devel/share/common-lisp/ros/kortex_driver/msg/ControlConfig_Position.lisp)
Linked: (/root/ros_ws/devel/.private/kortex_driver/share/common-lisp/ros/kortex_driver/msg/_package_AppendActionInformation.lisp, /root/ros_ws/devel/share/common-lisp/ros/kortex_driver/msg/_package_AppendActionInformation.lisp)
Linked: (/root/ros_ws/devel/.private/kortex_driver/share/common-lisp/ros/kortex_driver/msg/CartesianLimitationList.lisp, /root/ros_ws/devel/share/common-lisp/ros/kortex_driver/msg/CartesianLimitationList.lisp)
Linked: (/root/ros_ws/devel/.private/kortex_driver/share/common-lisp/ros/kortex_driver/msg/ApiOptions.lisp, /root/ros_ws/devel/share/common-lisp/ros/kortex_driver/msg/ApiOptions.lisp)
Linked: (/root/ros_ws/devel/.private/kortex_driver/share/common-lisp/ros/kortex_driver/msg/_package_ControllerList.lisp, /root/ros_ws/devel/share/common-lisp/ros/kortex_driver/msg/_package_ControllerList.lisp)
Linked: (/root/ros_ws/devel/.private/kortex_driver/share/common-lisp/ros/kortex_driver/msg/EthernetDeviceIdentification.lisp, /root/ros_ws/devel/share/common-lisp/ros/kortex_driver/msg/EthernetDeviceIdentification.lisp)
Linked: (/root/ros_ws/devel/.private/kortex_driver/share/common-lisp/ros/kortex_driver/msg/ControllerElementHandle.lisp, /root/ros_ws/devel/share/common-lisp/ros/kortex_driver/msg/ControllerElementHandle.lisp)
Linked: (/root/ros_ws/devel/.private/kortex_driver/share/common-lisp/ros/kortex_driver/msg/_package_RunModes.lisp, /root/ros_ws/devel/share/common-lisp/ros/kortex_driver/msg/_package_RunModes.lisp)
Linked: (/root/ros_ws/devel/.private/kortex_driver/share/common-lisp/ros/kortex_driver/msg/_package_SerialNumber.lisp, /root/ros_ws/devel/share/common-lisp/ros/kortex_driver/msg/_package_SerialNumber.lisp)
Linked: (/root/ros_ws/devel/.private/kortex_driver/share/common-lisp/ros/kortex_driver/msg/MappingList.lisp, /root/ros_ws/devel/share/common-lisp/ros/kortex_driver/msg/MappingList.lisp)
Linked: (/root/ros_ws/devel/.private/kortex_driver/share/common-lisp/ros/kortex_driver/msg/ServoingModeNotificationList.lisp, /root/ros_ws/devel/share/common-lisp/ros/kortex_driver/msg/ServoingModeNotificationList.lisp)
Linked: (/root/ros_ws/devel/.private/kortex_driver/share/common-lisp/ros/kortex_driver/msg/_package_InterfaceModuleType.lisp, /root/ros_ws/devel/share/common-lisp/ros/kortex_driver/msg/_package_InterfaceModuleType.lisp)
Linked: (/root/ros_ws/devel/.private/kortex_driver/share/common-lisp/ros/kortex_driver/msg/I2CDeviceAddressing.lisp, /root/ros_ws/devel/share/common-lisp/ros/kortex_driver/msg/I2CDeviceAddressing.lisp)
Linked: (/root/ros_ws/devel/.private/kortex_driver/share/common-lisp/ros/kortex_driver/msg/_package_NotificationHandle.lisp, /root/ros_ws/devel/share/common-lisp/ros/kortex_driver/msg/_package_NotificationHandle.lisp)
Linked: (/root/ros_ws/devel/.private/kortex_driver/share/common-lisp/ros/kortex_driver/msg/_package_StepResponse.lisp, /root/ros_ws/devel/share/common-lisp/ros/kortex_driver/msg/_package_StepResponse.lisp)
Linked: (/root/ros_ws/devel/.private/kortex_driver/share/common-lisp/ros/kortex_driver/msg/ControllerNotificationList.lisp, /root/ros_ws/devel/share/common-lisp/ros/kortex_driver/msg/ControllerNotificationList.lisp)
Linked: (/root/ros_ws/devel/.private/kortex_driver/share/common-lisp/ros/kortex_driver/msg/MapList.lisp, /root/ros_ws/devel/share/common-lisp/ros/kortex_driver/msg/MapList.lisp)
Linked: (/root/ros_ws/devel/.private/kortex_driver/share/common-lisp/ros/kortex_driver/msg/_package_CommunicationInterfaceConfiguration.lisp, /root/ros_ws/devel/share/common-lisp/ros/kortex_driver/msg/_package_CommunicationInterfaceConfiguration.lisp)
Linked: (/root/ros_ws/devel/.private/kortex_driver/share/common-lisp/ros/kortex_driver/msg/FactoryNotification.lisp, /root/ros_ws/devel/share/common-lisp/ros/kortex_driver/msg/FactoryNotification.lisp)
Linked: (/root/ros_ws/devel/.private/kortex_driver/share/common-lisp/ros/kortex_driver/msg/_package_ControllerConfigurationList.lisp, /root/ros_ws/devel/share/common-lisp/ros/kortex_driver/msg/_package_ControllerConfigurationList.lisp)
Linked: (/root/ros_ws/devel/.private/kortex_driver/share/common-lisp/ros/kortex_driver/msg/DeviceConfig_ServiceVersion.lisp, /root/ros_ws/devel/share/common-lisp/ros/kortex_driver/msg/DeviceConfig_ServiceVersion.lisp)
Linked: (/root/ros_ws/devel/.private/kortex_driver/share/common-lisp/ros/kortex_driver/msg/NotificationHandle.lisp, /root/ros_ws/devel/share/common-lisp/ros/kortex_driver/msg/NotificationHandle.lisp)
Linked: (/root/ros_ws/devel/.private/kortex_driver/share/common-lisp/ros/kortex_driver/msg/_package_BridgeResult.lisp, /root/ros_ws/devel/share/common-lisp/ros/kortex_driver/msg/_package_BridgeResult.lisp)
Linked: (/root/ros_ws/devel/.private/kortex_driver/share/common-lisp/ros/kortex_driver/msg/UARTSpeed.lisp, /root/ros_ws/devel/share/common-lisp/ros/kortex_driver/msg/UARTSpeed.lisp)
Linked: (/root/ros_ws/devel/.private/kortex_driver/share/common-lisp/ros/kortex_driver/msg/BaseType.lisp, /root/ros_ws/devel/share/common-lisp/ros/kortex_driver/msg/BaseType.lisp)
Linked: (/root/ros_ws/devel/.private/kortex_driver/share/common-lisp/ros/kortex_driver/msg/_package_WifiSecurityType.lisp, /root/ros_ws/devel/share/common-lisp/ros/kortex_driver/msg/_package_WifiSecurityType.lisp)
Linked: (/root/ros_ws/devel/.private/kortex_driver/share/common-lisp/ros/kortex_driver/msg/JointNavigationDirection.lisp, /root/ros_ws/devel/share/common-lisp/ros/kortex_driver/msg/JointNavigationDirection.lisp)
Linked: (/root/ros_ws/devel/.private/kortex_driver/share/common-lisp/ros/kortex_driver/msg/TorqueOffset.lisp, /root/ros_ws/devel/share/common-lisp/ros/kortex_driver/msg/TorqueOffset.lisp)
Linked: (/root/ros_ws/devel/.private/kortex_driver/share/common-lisp/ros/kortex_driver/msg/IntrinsicProfileIdentifier.lisp, /root/ros_ws/devel/share/common-lisp/ros/kortex_driver/msg/IntrinsicProfileIdentifier.lisp)
Linked: (/root/ros_ws/devel/.private/kortex_driver/share/common-lisp/ros/kortex_driver/msg/Xbox360DigitalInputIdentifier.lisp, /root/ros_ws/devel/share/common-lisp/ros/kortex_driver/msg/Xbox360DigitalInputIdentifier.lisp)
Linked: (/root/ros_ws/devel/.private/kortex_driver/share/common-lisp/ros/kortex_driver/msg/_package_FirmwareComponentVersion.lisp, /root/ros_ws/devel/share/common-lisp/ros/kortex_driver/msg/_package_FirmwareComponentVersion.lisp)
Linked: (/root/ros_ws/devel/.private/kortex_driver/share/common-lisp/ros/kortex_driver/msg/Base_Stop.lisp, /root/ros_ws/devel/share/common-lisp/ros/kortex_driver/msg/Base_Stop.lisp)
Linked: (/root/ros_ws/devel/.private/kortex_driver/share/common-lisp/ros/kortex_driver/msg/PositionCommand.lisp, /root/ros_ws/devel/share/common-lisp/ros/kortex_driver/msg/PositionCommand.lisp)
Linked: (/root/ros_ws/devel/.private/kortex_driver/share/common-lisp/ros/kortex_driver/msg/_package_PartNumberRevision.lisp, /root/ros_ws/devel/share/common-lisp/ros/kortex_driver/msg/_package_PartNumberRevision.lisp)
Linked: (/root/ros_ws/devel/.private/kortex_driver/share/common-lisp/ros/kortex_driver/msg/_package_OperatingModeNotificationList.lisp, /root/ros_ws/devel/share/common-lisp/ros/kortex_driver/msg/_package_OperatingModeNotificationList.lisp)
Linked: (/root/ros_ws/devel/.private/kortex_driver/share/common-lisp/ros/kortex_driver/msg/Base_GpioConfiguration.lisp, /root/ros_ws/devel/share/common-lisp/ros/kortex_driver/msg/Base_GpioConfiguration.lisp)
Linked: (/root/ros_ws/devel/.private/kortex_driver/share/common-lisp/ros/kortex_driver/msg/_package_Gripper.lisp, /root/ros_ws/devel/share/common-lisp/ros/kortex_driver/msg/_package_Gripper.lisp)
Linked: (/root/ros_ws/devel/.private/kortex_driver/share/common-lisp/ros/kortex_driver/msg/InterconnectCyclic_CustomData_tool_customData.lisp, /root/ros_ws/devel/share/common-lisp/ros/kortex_driver/msg/InterconnectCyclic_CustomData_tool_customData.lisp)
Linked: (/root/ros_ws/devel/.private/kortex_driver/share/common-lisp/ros/kortex_driver/msg/SerialNumber.lisp, /root/ros_ws/devel/share/common-lisp/ros/kortex_driver/msg/SerialNumber.lisp)
Linked: (/root/ros_ws/devel/.private/kortex_driver/share/common-lisp/ros/kortex_driver/msg/VisionModuleType.lisp, /root/ros_ws/devel/share/common-lisp/ros/kortex_driver/msg/VisionModuleType.lisp)
Linked: (/root/ros_ws/devel/.private/kortex_driver/share/common-lisp/ros/kortex_driver/msg/_package_EthernetSpeed.lisp, /root/ros_ws/devel/share/common-lisp/ros/kortex_driver/msg/_package_EthernetSpeed.lisp)
Linked: (/root/ros_ws/devel/.private/kortex_driver/share/common-lisp/ros/kortex_driver/msg/_package_ActionNotification.lisp, /root/ros_ws/devel/share/common-lisp/ros/kortex_driver/msg/_package_ActionNotification.lisp)
Linked: (/root/ros_ws/devel/.private/kortex_driver/share/common-lisp/ros/kortex_driver/msg/ActivateMapHandle.lisp, /root/ros_ws/devel/share/common-lisp/ros/kortex_driver/msg/ActivateMapHandle.lisp)
Linked: (/root/ros_ws/devel/.private/kortex_driver/share/common-lisp/ros/kortex_driver/msg/VectorDriveParameters.lisp, /root/ros_ws/devel/share/common-lisp/ros/kortex_driver/msg/VectorDriveParameters.lisp)
Linked: (/root/ros_ws/devel/.private/kortex_driver/share/common-lisp/ros/kortex_driver/msg/_package_ProductConfigurationEndEffectorType.lisp, /root/ros_ws/devel/share/common-lisp/ros/kortex_driver/msg/_package_ProductConfigurationEndEffectorType.lisp)
Linked: (/root/ros_ws/devel/.private/kortex_driver/share/common-lisp/ros/kortex_driver/msg/_package_DeviceConfig_ServiceVersion.lisp, /root/ros_ws/devel/share/common-lisp/ros/kortex_driver/msg/_package_DeviceConfig_ServiceVersion.lisp)
Linked: (/root/ros_ws/devel/.private/kortex_driver/share/common-lisp/ros/kortex_driver/msg/_package_MACAddress.lisp, /root/ros_ws/devel/share/common-lisp/ros/kortex_driver/msg/_package_MACAddress.lisp)
Linked: (/root/ros_ws/devel/.private/kortex_driver/share/common-lisp/ros/kortex_driver/msg/WifiInformationList.lisp, /root/ros_ws/devel/share/common-lisp/ros/kortex_driver/msg/WifiInformationList.lisp)
Linked: (/root/ros_ws/devel/.private/kortex_driver/share/common-lisp/ros/kortex_driver/msg/GPIOIdentifier.lisp, /root/ros_ws/devel/share/common-lisp/ros/kortex_driver/msg/GPIOIdentifier.lisp)
Linked: (/root/ros_ws/devel/.private/kortex_driver/share/common-lisp/ros/kortex_driver/msg/_package_BaseFeedback.lisp, /root/ros_ws/devel/share/common-lisp/ros/kortex_driver/msg/_package_BaseFeedback.lisp)
Linked: (/root/ros_ws/devel/.private/kortex_driver/share/common-lisp/ros/kortex_driver/msg/RobotEventNotificationList.lisp, /root/ros_ws/devel/share/common-lisp/ros/kortex_driver/msg/RobotEventNotificationList.lisp)
Linked: (/root/ros_ws/devel/.private/kortex_driver/share/common-lisp/ros/kortex_driver/msg/BaseCyclic_Command.lisp, /root/ros_ws/devel/share/common-lisp/ros/kortex_driver/msg/BaseCyclic_Command.lisp)
Linked: (/root/ros_ws/devel/.private/kortex_driver/share/common-lisp/ros/kortex_driver/msg/TrajectoryInfo.lisp, /root/ros_ws/devel/share/common-lisp/ros/kortex_driver/msg/TrajectoryInfo.lisp)
Linked: (/root/ros_ws/devel/.private/kortex_driver/share/common-lisp/ros/kortex_driver/msg/SequenceInfoNotificationList.lisp, /root/ros_ws/devel/share/common-lisp/ros/kortex_driver/msg/SequenceInfoNotificationList.lisp)
Linked: (/root/ros_ws/devel/.private/kortex_driver/share/common-lisp/ros/kortex_driver/msg/_package_ControlConfig_JointSpeeds.lisp, /root/ros_ws/devel/share/common-lisp/ros/kortex_driver/msg/_package_ControlConfig_JointSpeeds.lisp)
Linked: (/root/ros_ws/devel/.private/kortex_driver/share/common-lisp/ros/kortex_driver/msg/Ssid.lisp, /root/ros_ws/devel/share/common-lisp/ros/kortex_driver/msg/Ssid.lisp)
Linked: (/root/ros_ws/devel/.private/kortex_driver/share/common-lisp/ros/kortex_driver/msg/ServoingModeNotification.lisp, /root/ros_ws/devel/share/common-lisp/ros/kortex_driver/msg/ServoingModeNotification.lisp)
Linked: (/root/ros_ws/devel/.private/kortex_driver/share/common-lisp/ros/kortex_driver/msg/WifiInformation.lisp, /root/ros_ws/devel/share/common-lisp/ros/kortex_driver/msg/WifiInformation.lisp)
Linked: (/root/ros_ws/devel/.private/kortex_driver/share/common-lisp/ros/kortex_driver/msg/_package_WifiConfigurationList.lisp, /root/ros_ws/devel/share/common-lisp/ros/kortex_driver/msg/_package_WifiConfigurationList.lisp)
Linked: (/root/ros_ws/devel/.private/kortex_driver/share/common-lisp/ros/kortex_driver/msg/_package_VisionModuleType.lisp, /root/ros_ws/devel/share/common-lisp/ros/kortex_driver/msg/_package_VisionModuleType.lisp)
Linked: (/root/ros_ws/devel/.private/kortex_driver/share/common-lisp/ros/kortex_driver/msg/Base_RotationMatrixRow.lisp, /root/ros_ws/devel/share/common-lisp/ros/kortex_driver/msg/Base_RotationMatrixRow.lisp)
Linked: (/root/ros_ws/devel/.private/kortex_driver/share/common-lisp/ros/kortex_driver/msg/_package_TrajectoryInfoType.lisp, /root/ros_ws/devel/share/common-lisp/ros/kortex_driver/msg/_package_TrajectoryInfoType.lisp)
Linked: (/root/ros_ws/devel/.private/kortex_driver/share/common-lisp/ros/kortex_driver/msg/ActionList.lisp, /root/ros_ws/devel/share/common-lisp/ros/kortex_driver/msg/ActionList.lisp)
Linked: (/root/ros_ws/devel/.private/kortex_driver/share/common-lisp/ros/kortex_driver/msg/PayloadInformation.lisp, /root/ros_ws/devel/share/common-lisp/ros/kortex_driver/msg/PayloadInformation.lisp)
Linked: (/root/ros_ws/devel/.private/kortex_driver/share/common-lisp/ros/kortex_driver/msg/_package_GpioCommand.lisp, /root/ros_ws/devel/share/common-lisp/ros/kortex_driver/msg/_package_GpioCommand.lisp)
Linked: (/root/ros_ws/devel/.private/kortex_driver/share/common-lisp/ros/kortex_driver/msg/EmergencyStop.lisp, /root/ros_ws/devel/share/common-lisp/ros/kortex_driver/msg/EmergencyStop.lisp)
Linked: (/root/ros_ws/devel/.private/kortex_driver/share/common-lisp/ros/kortex_driver/msg/_package_Orientation.lisp, /root/ros_ws/devel/share/common-lisp/ros/kortex_driver/msg/_package_Orientation.lisp)
Linked: (/root/ros_ws/devel/.private/kortex_driver/share/common-lisp/ros/kortex_driver/msg/_package_RobotEvent.lisp, /root/ros_ws/devel/share/common-lisp/ros/kortex_driver/msg/_package_RobotEvent.lisp)
Linked: (/root/ros_ws/devel/.private/kortex_driver/share/common-lisp/ros/kortex_driver/msg/AdmittanceMode.lisp, /root/ros_ws/devel/share/common-lisp/ros/kortex_driver/msg/AdmittanceMode.lisp)
Linked: (/root/ros_ws/devel/.private/kortex_driver/share/common-lisp/ros/kortex_driver/msg/FollowCartesianTrajectoryAction.lisp, /root/ros_ws/devel/share/common-lisp/ros/kortex_driver/msg/FollowCartesianTrajectoryAction.lisp)
Linked: (/root/ros_ws/devel/.private/kortex_driver/share/common-lisp/ros/kortex_driver/msg/ProtectionZoneEvent.lisp, /root/ros_ws/devel/share/common-lisp/ros/kortex_driver/msg/ProtectionZoneEvent.lisp)
Linked: (/root/ros_ws/devel/.private/kortex_driver/share/common-lisp/ros/kortex_driver/msg/SequenceHandle.lisp, /root/ros_ws/devel/share/common-lisp/ros/kortex_driver/msg/SequenceHandle.lisp)
Linked: (/root/ros_ws/devel/.private/kortex_driver/share/common-lisp/ros/kortex_driver/msg/_package_VisionConfig_RotationMatrixRow.lisp, /root/ros_ws/devel/share/common-lisp/ros/kortex_driver/msg/_package_VisionConfig_RotationMatrixRow.lisp)
Linked: (/root/ros_ws/devel/.private/kortex_driver/share/common-lisp/ros/kortex_driver/msg/_package_Map.lisp, /root/ros_ws/devel/share/common-lisp/ros/kortex_driver/msg/_package_Map.lisp)
Linked: (/root/ros_ws/devel/.private/kortex_driver/share/common-lisp/ros/kortex_driver/msg/MapGroupList.lisp, /root/ros_ws/devel/share/common-lisp/ros/kortex_driver/msg/MapGroupList.lisp)
Linked: (/root/ros_ws/devel/.private/kortex_driver/share/common-lisp/ros/kortex_driver/msg/_package_ConfigurationChangeNotificationList.lisp, /root/ros_ws/devel/share/common-lisp/ros/kortex_driver/msg/_package_ConfigurationChangeNotificationList.lisp)
Linked: (/root/ros_ws/devel/.private/kortex_driver/share/common-lisp/ros/kortex_driver/msg/BaseCyclic_CustomData.lisp, /root/ros_ws/devel/share/common-lisp/ros/kortex_driver/msg/BaseCyclic_CustomData.lisp)
Linked: (/root/ros_ws/devel/.private/kortex_driver/share/common-lisp/ros/kortex_driver/msg/_package_CalibrationStatus.lisp, /root/ros_ws/devel/share/common-lisp/ros/kortex_driver/msg/_package_CalibrationStatus.lisp)
Linked: (/root/ros_ws/devel/.private/kortex_driver/share/common-lisp/ros/kortex_driver/msg/CountryCode.lisp, /root/ros_ws/devel/share/common-lisp/ros/kortex_driver/msg/CountryCode.lisp)
Linked: (/root/ros_ws/devel/.private/kortex_driver/share/common-lisp/ros/kortex_driver/msg/FirmwareComponentVersion.lisp, /root/ros_ws/devel/share/common-lisp/ros/kortex_driver/msg/FirmwareComponentVersion.lisp)
Linked: (/root/ros_ws/devel/.private/kortex_driver/share/common-lisp/ros/kortex_driver/msg/_package_CartesianLimitationList.lisp, /root/ros_ws/devel/share/common-lisp/ros/kortex_driver/msg/_package_CartesianLimitationList.lisp)
Linked: (/root/ros_ws/devel/.private/kortex_driver/share/common-lisp/ros/kortex_driver/msg/OptionValue.lisp, /root/ros_ws/devel/share/common-lisp/ros/kortex_driver/msg/OptionValue.lisp)
Linked: (/root/ros_ws/devel/.private/kortex_driver/share/common-lisp/ros/kortex_driver/msg/_package_ActuatorConfig_SafetyLimitType.lisp, /root/ros_ws/devel/share/common-lisp/ros/kortex_driver/msg/_package_ActuatorConfig_SafetyLimitType.lisp)
Linked: (/root/ros_ws/devel/.private/kortex_driver/share/common-lisp/ros/kortex_driver/msg/UserNotification.lisp, /root/ros_ws/devel/share/common-lisp/ros/kortex_driver/msg/UserNotification.lisp)
Linked: (/root/ros_ws/devel/.private/kortex_driver/share/common-lisp/ros/kortex_driver/msg/_package_SensorFocusAction.lisp, /root/ros_ws/devel/share/common-lisp/ros/kortex_driver/msg/_package_SensorFocusAction.lisp)
Linked: (/root/ros_ws/devel/.private/kortex_driver/share/common-lisp/ros/kortex_driver/msg/CommandFlags.lisp, /root/ros_ws/devel/share/common-lisp/ros/kortex_driver/msg/CommandFlags.lisp)
Linked: (/root/ros_ws/devel/.private/kortex_driver/share/common-lisp/ros/kortex_driver/msg/ProtectionZoneNotificationList.lisp, /root/ros_ws/devel/share/common-lisp/ros/kortex_driver/msg/ProtectionZoneNotificationList.lisp)
Linked: (/root/ros_ws/devel/.private/kortex_driver/share/common-lisp/ros/kortex_driver/msg/_package_SoundType.lisp, /root/ros_ws/devel/share/common-lisp/ros/kortex_driver/msg/_package_SoundType.lisp)
Linked: (/root/ros_ws/devel/.private/kortex_driver/share/common-lisp/ros/kortex_driver/msg/_package_Gen3GpioPinId.lisp, /root/ros_ws/devel/share/common-lisp/ros/kortex_driver/msg/_package_Gen3GpioPinId.lisp)
Linked: (/root/ros_ws/devel/.private/kortex_driver/share/common-lisp/ros/kortex_driver/msg/FactoryEvent.lisp, /root/ros_ws/devel/share/common-lisp/ros/kortex_driver/msg/FactoryEvent.lisp)
Linked: (/root/ros_ws/devel/.private/kortex_driver/share/common-lisp/ros/kortex_driver/msg/RobotEventNotification.lisp, /root/ros_ws/devel/share/common-lisp/ros/kortex_driver/msg/RobotEventNotification.lisp)
Linked: (/root/ros_ws/devel/.private/kortex_driver/share/common-lisp/ros/kortex_driver/msg/_package_ApiOptions.lisp, /root/ros_ws/devel/share/common-lisp/ros/kortex_driver/msg/_package_ApiOptions.lisp)
Linked: (/root/ros_ws/devel/.private/kortex_driver/share/common-lisp/ros/kortex_driver/msg/ControlConfig_ControlModeNotification.lisp, /root/ros_ws/devel/share/common-lisp/ros/kortex_driver/msg/ControlConfig_ControlModeNotification.lisp)
Linked: (/root/ros_ws/devel/.private/kortex_driver/share/common-lisp/ros/kortex_driver/msg/_package_ProtectionZoneNotificationList.lisp, /root/ros_ws/devel/share/common-lisp/ros/kortex_driver/msg/_package_ProtectionZoneNotificationList.lisp)
Linked: (/root/ros_ws/devel/.private/kortex_driver/share/common-lisp/ros/kortex_driver/msg/CartesianReferenceFrame.lisp, /root/ros_ws/devel/share/common-lisp/ros/kortex_driver/msg/CartesianReferenceFrame.lisp)
Linked: (/root/ros_ws/devel/.private/kortex_driver/share/common-lisp/ros/kortex_driver/msg/_package_Xbox360DigitalInputIdentifier.lisp, /root/ros_ws/devel/share/common-lisp/ros/kortex_driver/msg/_package_Xbox360DigitalInputIdentifier.lisp)
Linked: (/root/ros_ws/devel/.private/kortex_driver/share/common-lisp/ros/kortex_driver/msg/ControllerBehavior.lisp, /root/ros_ws/devel/share/common-lisp/ros/kortex_driver/msg/ControllerBehavior.lisp)
Linked: (/root/ros_ws/devel/.private/kortex_driver/share/common-lisp/ros/kortex_driver/msg/_package_Waypoint_type_of_waypoint.lisp, /root/ros_ws/devel/share/common-lisp/ros/kortex_driver/msg/_package_Waypoint_type_of_waypoint.lisp)
Linked: (/root/ros_ws/devel/.private/kortex_driver/share/common-lisp/ros/kortex_driver/msg/Gen3GpioPinId.lisp, /root/ros_ws/devel/share/common-lisp/ros/kortex_driver/msg/Gen3GpioPinId.lisp)
Linked: (/root/ros_ws/devel/.private/kortex_driver/share/common-lisp/ros/kortex_driver/msg/_package_NotificationType.lisp, /root/ros_ws/devel/share/common-lisp/ros/kortex_driver/msg/_package_NotificationType.lisp)
Linked: (/root/ros_ws/devel/.private/kortex_driver/share/common-lisp/ros/kortex_driver/msg/OperatingMode.lisp, /root/ros_ws/devel/share/common-lisp/ros/kortex_driver/msg/OperatingMode.lisp)
Linked: (/root/ros_ws/devel/.private/kortex_driver/share/common-lisp/ros/kortex_driver/msg/InterconnectConfig_GPIOConfiguration.lisp, /root/ros_ws/devel/share/common-lisp/ros/kortex_driver/msg/InterconnectConfig_GPIOConfiguration.lisp)
Linked: (/root/ros_ws/devel/.private/kortex_driver/share/common-lisp/ros/kortex_driver/msg/_package_UserProfile.lisp, /root/ros_ws/devel/share/common-lisp/ros/kortex_driver/msg/_package_UserProfile.lisp)
Linked: (/root/ros_ws/devel/.private/kortex_driver/share/common-lisp/ros/kortex_driver/msg/CartesianReferenceFrameInfo.lisp, /root/ros_ws/devel/share/common-lisp/ros/kortex_driver/msg/CartesianReferenceFrameInfo.lisp)
Linked: (/root/ros_ws/devel/.private/kortex_driver/share/common-lisp/ros/kortex_driver/msg/_package_LoopSelection.lisp, /root/ros_ws/devel/share/common-lisp/ros/kortex_driver/msg/_package_LoopSelection.lisp)
Linked: (/root/ros_ws/devel/.private/kortex_driver/share/common-lisp/ros/kortex_driver/msg/GripperCyclic_Feedback.lisp, /root/ros_ws/devel/share/common-lisp/ros/kortex_driver/msg/GripperCyclic_Feedback.lisp)
Linked: (/root/ros_ws/devel/.private/kortex_driver/share/common-lisp/ros/kortex_driver/msg/AppendActionInformation.lisp, /root/ros_ws/devel/share/common-lisp/ros/kortex_driver/msg/AppendActionInformation.lisp)
Linked: (/root/ros_ws/devel/.private/kortex_driver/share/common-lisp/ros/kortex_driver/msg/_package_GripperConfig_SafetyIdentifier.lisp, /root/ros_ws/devel/share/common-lisp/ros/kortex_driver/msg/_package_GripperConfig_SafetyIdentifier.lisp)
Linked: (/root/ros_ws/devel/.private/kortex_driver/share/common-lisp/ros/kortex_driver/msg/_package_IntrinsicParameters.lisp, /root/ros_ws/devel/share/common-lisp/ros/kortex_driver/msg/_package_IntrinsicParameters.lisp)
Linked: (/root/ros_ws/devel/.private/kortex_driver/share/common-lisp/ros/kortex_driver/msg/_package_TrajectoryErrorReport.lisp, /root/ros_ws/devel/share/common-lisp/ros/kortex_driver/msg/_package_TrajectoryErrorReport.lisp)
Linked: (/root/ros_ws/devel/.private/kortex_driver/share/common-lisp/ros/kortex_driver/msg/_package_SensorSettings.lisp, /root/ros_ws/devel/share/common-lisp/ros/kortex_driver/msg/_package_SensorSettings.lisp)
Linked: (/root/ros_ws/devel/.private/kortex_driver/share/common-lisp/ros/kortex_driver/msg/_package_ChangeTwist.lisp, /root/ros_ws/devel/share/common-lisp/ros/kortex_driver/msg/_package_ChangeTwist.lisp)
Linked: (/root/ros_ws/devel/.private/kortex_driver/share/common-lisp/ros/kortex_driver/msg/_package_InterconnectConfig_ServiceVersion.lisp, /root/ros_ws/devel/share/common-lisp/ros/kortex_driver/msg/_package_InterconnectConfig_ServiceVersion.lisp)
Linked: (/root/ros_ws/devel/.private/kortex_driver/share/common-lisp/ros/kortex_driver/msg/ControllerNotification_state.lisp, /root/ros_ws/devel/share/common-lisp/ros/kortex_driver/msg/ControllerNotification_state.lisp)
Linked: (/root/ros_ws/devel/.private/kortex_driver/share/common-lisp/ros/kortex_driver/msg/_package_Resolution.lisp, /root/ros_ws/devel/share/common-lisp/ros/kortex_driver/msg/_package_Resolution.lisp)
Linked: (/root/ros_ws/devel/.private/kortex_driver/share/common-lisp/ros/kortex_driver/msg/TwistLinearSoftLimit.lisp, /root/ros_ws/devel/share/common-lisp/ros/kortex_driver/msg/TwistLinearSoftLimit.lisp)
Linked: (/root/ros_ws/devel/.private/kortex_driver/share/common-lisp/ros/kortex_driver/msg/CoggingFeedforwardMode.lisp, /root/ros_ws/devel/share/common-lisp/ros/kortex_driver/msg/CoggingFeedforwardMode.lisp)
Linked: (/root/ros_ws/devel/.private/kortex_driver/share/common-lisp/ros/kortex_driver/msg/SequenceInfoNotification.lisp, /root/ros_ws/devel/share/common-lisp/ros/kortex_driver/msg/SequenceInfoNotification.lisp)
Linked: (/root/ros_ws/devel/.private/kortex_driver/share/common-lisp/ros/kortex_driver/msg/_package_BridgePortConfig.lisp, /root/ros_ws/devel/share/common-lisp/ros/kortex_driver/msg/_package_BridgePortConfig.lisp)
Linked: (/root/ros_ws/devel/.private/kortex_driver/share/common-lisp/ros/kortex_driver/msg/ControllerState.lisp, /root/ros_ws/devel/share/common-lisp/ros/kortex_driver/msg/ControllerState.lisp)
Linked: (/root/ros_ws/devel/.private/kortex_driver/share/common-lisp/ros/kortex_driver/msg/UserProfileList.lisp, /root/ros_ws/devel/share/common-lisp/ros/kortex_driver/msg/UserProfileList.lisp)
Linked: (/root/ros_ws/devel/.private/kortex_driver/share/common-lisp/ros/kortex_driver/msg/GPIOValue.lisp, /root/ros_ws/devel/share/common-lisp/ros/kortex_driver/msg/GPIOValue.lisp)
Linked: (/root/ros_ws/devel/.private/kortex_driver/share/common-lisp/ros/kortex_driver/msg/ActuatorCyclic_Feedback.lisp, /root/ros_ws/devel/share/common-lisp/ros/kortex_driver/msg/ActuatorCyclic_Feedback.lisp)
Linked: (/root/ros_ws/devel/.private/kortex_driver/share/common-lisp/ros/kortex_driver/msg/_package_CartesianReferenceFrame.lisp, /root/ros_ws/devel/share/common-lisp/ros/kortex_driver/msg/_package_CartesianReferenceFrame.lisp)
Linked: (/root/ros_ws/devel/.private/kortex_driver/share/common-lisp/ros/kortex_driver/msg/_package_InterconnectCyclic_Feedback_tool_feedback.lisp, /root/ros_ws/devel/share/common-lisp/ros/kortex_driver/msg/_package_InterconnectCyclic_Feedback_tool_feedback.lisp)
Linked: (/root/ros_ws/devel/.private/kortex_driver/share/common-lisp/ros/kortex_driver/msg/WrenchMode.lisp, /root/ros_ws/devel/share/common-lisp/ros/kortex_driver/msg/WrenchMode.lisp)
Linked: (/root/ros_ws/devel/.private/kortex_driver/share/common-lisp/ros/kortex_driver/msg/RequestedActionType.lisp, /root/ros_ws/devel/share/common-lisp/ros/kortex_driver/msg/RequestedActionType.lisp)
Linked: (/root/ros_ws/devel/.private/kortex_driver/share/common-lisp/ros/kortex_driver/msg/_package_OperatingModeNotification.lisp, /root/ros_ws/devel/share/common-lisp/ros/kortex_driver/msg/_package_OperatingModeNotification.lisp)
Linked: (/root/ros_ws/devel/.private/kortex_driver/share/common-lisp/ros/kortex_driver/msg/FocusAction.lisp, /root/ros_ws/devel/share/common-lisp/ros/kortex_driver/msg/FocusAction.lisp)
Linked: (/root/ros_ws/devel/.private/kortex_driver/share/common-lisp/ros/kortex_driver/msg/ActuatorConfig_ControlModeInformation.lisp, /root/ros_ws/devel/share/common-lisp/ros/kortex_driver/msg/ActuatorConfig_ControlModeInformation.lisp)
Linked: (/root/ros_ws/devel/.private/kortex_driver/share/common-lisp/ros/kortex_driver/msg/InterconnectCyclic_Feedback_tool_feedback.lisp, /root/ros_ws/devel/share/common-lisp/ros/kortex_driver/msg/InterconnectCyclic_Feedback_tool_feedback.lisp)
Linked: (/root/ros_ws/devel/.private/kortex_driver/share/common-lisp/ros/kortex_driver/msg/_package_I2CWriteParameter.lisp, /root/ros_ws/devel/share/common-lisp/ros/kortex_driver/msg/_package_I2CWriteParameter.lisp)
Linked: (/root/ros_ws/devel/.private/kortex_driver/share/common-lisp/ros/kortex_driver/msg/_package_Permission.lisp, /root/ros_ws/devel/share/common-lisp/ros/kortex_driver/msg/_package_Permission.lisp)
Linked: (/root/ros_ws/devel/.private/kortex_driver/share/common-lisp/ros/kortex_driver/msg/_package_MotorCommand.lisp, /root/ros_ws/devel/share/common-lisp/ros/kortex_driver/msg/_package_MotorCommand.lisp)
Linked: (/root/ros_ws/devel/.private/kortex_driver/share/common-lisp/ros/kortex_driver/msg/_package_ControllerType.lisp, /root/ros_ws/devel/share/common-lisp/ros/kortex_driver/msg/_package_ControllerType.lisp)
Linked: (/root/ros_ws/devel/.private/kortex_driver/share/common-lisp/ros/kortex_driver/msg/ControlLoopParameters.lisp, /root/ros_ws/devel/share/common-lisp/ros/kortex_driver/msg/ControlLoopParameters.lisp)
Linked: (/root/ros_ws/devel/.private/kortex_driver/share/common-lisp/ros/kortex_driver/msg/_package_I2CDeviceIdentification.lisp, /root/ros_ws/devel/share/common-lisp/ros/kortex_driver/msg/_package_I2CDeviceIdentification.lisp)
Linked: (/root/ros_ws/devel/.private/kortex_driver/share/common-lisp/ros/kortex_driver/msg/_package_TransformationMatrix.lisp, /root/ros_ws/devel/share/common-lisp/ros/kortex_driver/msg/_package_TransformationMatrix.lisp)
Linked: (/root/ros_ws/devel/.private/kortex_driver/share/common-lisp/ros/kortex_driver/msg/I2CData.lisp, /root/ros_ws/devel/share/common-lisp/ros/kortex_driver/msg/I2CData.lisp)
Linked: (/root/ros_ws/devel/.private/kortex_driver/share/common-lisp/ros/kortex_driver/msg/Base_JointSpeeds.lisp, /root/ros_ws/devel/share/common-lisp/ros/kortex_driver/msg/Base_JointSpeeds.lisp)
Linked: (/root/ros_ws/devel/.private/kortex_driver/share/common-lisp/ros/kortex_driver/msg/ControllerHandle.lisp, /root/ros_ws/devel/share/common-lisp/ros/kortex_driver/msg/ControllerHandle.lisp)
Linked: (/root/ros_ws/devel/.private/kortex_driver/share/common-lisp/ros/kortex_driver/msg/Base_ControlMode.lisp, /root/ros_ws/devel/share/common-lisp/ros/kortex_driver/msg/Base_ControlMode.lisp)
Linked: (/root/ros_ws/devel/.private/kortex_driver/share/common-lisp/ros/kortex_driver/msg/_package_ServoingModeInformation.lisp, /root/ros_ws/devel/share/common-lisp/ros/kortex_driver/msg/_package_ServoingModeInformation.lisp)
Linked: (/root/ros_ws/devel/.private/kortex_driver/share/common-lisp/ros/kortex_driver/msg/_package_JointTrajectoryConstraintType.lisp, /root/ros_ws/devel/share/common-lisp/ros/kortex_driver/msg/_package_JointTrajectoryConstraintType.lisp)
Linked: (/root/ros_ws/devel/.private/kortex_driver/share/common-lisp/ros/kortex_driver/msg/_package_FrameRate.lisp, /root/ros_ws/devel/share/common-lisp/ros/kortex_driver/msg/_package_FrameRate.lisp)
Linked: (/root/ros_ws/devel/.private/kortex_driver/share/common-lisp/ros/kortex_driver/msg/_package_SafetyNotificationList.lisp, /root/ros_ws/devel/share/common-lisp/ros/kortex_driver/msg/_package_SafetyNotificationList.lisp)
Linked: (/root/ros_ws/devel/.private/kortex_driver/share/common-lisp/ros/kortex_driver/msg/BackupEvent.lisp, /root/ros_ws/devel/share/common-lisp/ros/kortex_driver/msg/BackupEvent.lisp)
Linked: (/root/ros_ws/devel/.private/kortex_driver/share/common-lisp/ros/kortex_driver/msg/FollowCartesianTrajectoryActionFeedback.lisp, /root/ros_ws/devel/share/common-lisp/ros/kortex_driver/msg/FollowCartesianTrajectoryActionFeedback.lisp)
Linked: (/root/ros_ws/devel/.private/kortex_driver/share/common-lisp/ros/kortex_driver/msg/SafetyEvent.lisp, /root/ros_ws/devel/share/common-lisp/ros/kortex_driver/msg/SafetyEvent.lisp)
Linked: (/root/ros_ws/devel/.private/kortex_driver/share/common-lisp/ros/kortex_driver/msg/ControllerConfigurationMode.lisp, /root/ros_ws/devel/share/common-lisp/ros/kortex_driver/msg/ControllerConfigurationMode.lisp)
Linked: (/root/ros_ws/devel/.private/kortex_driver/share/common-lisp/ros/kortex_driver/msg/_package_OptionValue.lisp, /root/ros_ws/devel/share/common-lisp/ros/kortex_driver/msg/_package_OptionValue.lisp)
Linked: (/root/ros_ws/devel/.private/kortex_driver/share/common-lisp/ros/kortex_driver/msg/_package_TorqueOffset.lisp, /root/ros_ws/devel/share/common-lisp/ros/kortex_driver/msg/_package_TorqueOffset.lisp)
Linked: (/root/ros_ws/devel/.private/kortex_driver/share/common-lisp/ros/kortex_driver/msg/_package_TorqueCalibration.lisp, /root/ros_ws/devel/share/common-lisp/ros/kortex_driver/msg/_package_TorqueCalibration.lisp)
Linked: (/root/ros_ws/devel/.private/kortex_driver/share/common-lisp/ros/kortex_driver/msg/MapGroup.lisp, /root/ros_ws/devel/share/common-lisp/ros/kortex_driver/msg/MapGroup.lisp)
Linked: (/root/ros_ws/devel/.private/kortex_driver/share/common-lisp/ros/kortex_driver/msg/_package_CartesianSpeed.lisp, /root/ros_ws/devel/share/common-lisp/ros/kortex_driver/msg/_package_CartesianSpeed.lisp)
Linked: (/root/ros_ws/devel/.private/kortex_driver/share/common-lisp/ros/kortex_driver/msg/ControlModeNotificationList.lisp, /root/ros_ws/devel/share/common-lisp/ros/kortex_driver/msg/ControlModeNotificationList.lisp)
Linked: (/root/ros_ws/devel/.private/kortex_driver/share/common-lisp/ros/kortex_driver/msg/_package_TranslationVector.lisp, /root/ros_ws/devel/share/common-lisp/ros/kortex_driver/msg/_package_TranslationVector.lisp)
Linked: (/root/ros_ws/devel/.private/kortex_driver/share/common-lisp/ros/kortex_driver/msg/RFConfiguration.lisp, /root/ros_ws/devel/share/common-lisp/ros/kortex_driver/msg/RFConfiguration.lisp)
Linked: (/root/ros_ws/devel/.private/kortex_driver/share/common-lisp/ros/kortex_driver/msg/DistortionCoefficients.lisp, /root/ros_ws/devel/share/common-lisp/ros/kortex_driver/msg/DistortionCoefficients.lisp)
Linked: (/root/ros_ws/devel/.private/kortex_driver/share/common-lisp/ros/kortex_driver/msg/ActionType.lisp, /root/ros_ws/devel/share/common-lisp/ros/kortex_driver/msg/ActionType.lisp)
Linked: (/root/ros_ws/devel/.private/kortex_driver/share/common-lisp/ros/kortex_driver/msg/CartesianWaypoint.lisp, /root/ros_ws/devel/share/common-lisp/ros/kortex_driver/msg/CartesianWaypoint.lisp)
Linked: (/root/ros_ws/devel/.private/kortex_driver/share/common-lisp/ros/kortex_driver/msg/BrakeType.lisp, /root/ros_ws/devel/share/common-lisp/ros/kortex_driver/msg/BrakeType.lisp)
Linked: (/root/ros_ws/devel/.private/kortex_driver/share/common-lisp/ros/kortex_driver/msg/_package_Base_RotationMatrix.lisp, /root/ros_ws/devel/share/common-lisp/ros/kortex_driver/msg/_package_Base_RotationMatrix.lisp)
Linked: (/root/ros_ws/devel/.private/kortex_driver/share/common-lisp/ros/kortex_driver/msg/_package_SequenceTasksPair.lisp, /root/ros_ws/devel/share/common-lisp/ros/kortex_driver/msg/_package_SequenceTasksPair.lisp)
Linked: (/root/ros_ws/devel/.private/kortex_driver/share/common-lisp/ros/kortex_driver/msg/Base_ControlModeInformation.lisp, /root/ros_ws/devel/share/common-lisp/ros/kortex_driver/msg/Base_ControlModeInformation.lisp)
Linked: (/root/ros_ws/devel/.private/kortex_driver/share/common-lisp/ros/kortex_driver/msg/_package_SensorIdentifier.lisp, /root/ros_ws/devel/share/common-lisp/ros/kortex_driver/msg/_package_SensorIdentifier.lisp)
Linked: (/root/ros_ws/devel/.private/kortex_driver/share/common-lisp/ros/kortex_driver/msg/_package_InterconnectConfig_SafetyIdentifier.lisp, /root/ros_ws/devel/share/common-lisp/ros/kortex_driver/msg/_package_InterconnectConfig_SafetyIdentifier.lisp)
Linked: (/root/ros_ws/devel/.private/kortex_driver/share/common-lisp/ros/kortex_driver/msg/_package_MapElement.lisp, /root/ros_ws/devel/share/common-lisp/ros/kortex_driver/msg/_package_MapElement.lisp)
Linked: (/root/ros_ws/devel/.private/kortex_driver/share/common-lisp/ros/kortex_driver/msg/_package_ControllerConfiguration.lisp, /root/ros_ws/devel/share/common-lisp/ros/kortex_driver/msg/_package_ControllerConfiguration.lisp)
Linked: (/root/ros_ws/devel/.private/kortex_driver/share/common-lisp/ros/kortex_driver/msg/_package_GPIOState.lisp, /root/ros_ws/devel/share/common-lisp/ros/kortex_driver/msg/_package_GPIOState.lisp)
Linked: (/root/ros_ws/devel/.private/kortex_driver/share/common-lisp/ros/kortex_driver/msg/_package_CapSenseRegister.lisp, /root/ros_ws/devel/share/common-lisp/ros/kortex_driver/msg/_package_CapSenseRegister.lisp)
Linked: (/root/ros_ws/devel/.private/kortex_driver/share/common-lisp/ros/kortex_driver/msg/JointAngles.lisp, /root/ros_ws/devel/share/common-lisp/ros/kortex_driver/msg/JointAngles.lisp)
Linked: (/root/ros_ws/devel/.private/kortex_driver/share/common-lisp/ros/kortex_driver/msg/ServoingMode.lisp, /root/ros_ws/devel/share/common-lisp/ros/kortex_driver/msg/ServoingMode.lisp)
Linked: (/root/ros_ws/devel/.private/kortex_driver/share/common-lisp/ros/kortex_driver/msg/GpioCommand.lisp, /root/ros_ws/devel/share/common-lisp/ros/kortex_driver/msg/GpioCommand.lisp)
Linked: (/root/ros_ws/devel/.private/kortex_driver/share/common-lisp/ros/kortex_driver/msg/ArmLaterality.lisp, /root/ros_ws/devel/share/common-lisp/ros/kortex_driver/msg/ArmLaterality.lisp)
Linked: (/root/ros_ws/devel/.private/kortex_driver/share/common-lisp/ros/kortex_driver/msg/_package_ConfigurationChangeNotification.lisp, /root/ros_ws/devel/share/common-lisp/ros/kortex_driver/msg/_package_ConfigurationChangeNotification.lisp)
Linked: (/root/ros_ws/devel/.private/kortex_driver/share/common-lisp/ros/kortex_driver/msg/MotorCommand.lisp, /root/ros_ws/devel/share/common-lisp/ros/kortex_driver/msg/MotorCommand.lisp)
Linked: (/root/ros_ws/devel/.private/kortex_driver/share/common-lisp/ros/kortex_driver/msg/_package_MapEvent.lisp, /root/ros_ws/devel/share/common-lisp/ros/kortex_driver/msg/_package_MapEvent.lisp)
Linked: (/root/ros_ws/devel/.private/kortex_driver/share/common-lisp/ros/kortex_driver/msg/ActionEvent.lisp, /root/ros_ws/devel/share/common-lisp/ros/kortex_driver/msg/ActionEvent.lisp)
Linked: (/root/ros_ws/devel/.private/kortex_driver/share/common-lisp/ros/kortex_driver/msg/TrajectoryErrorType.lisp, /root/ros_ws/devel/share/common-lisp/ros/kortex_driver/msg/TrajectoryErrorType.lisp)
Linked: (/root/ros_ws/devel/.private/kortex_driver/share/common-lisp/ros/kortex_driver/msg/SensorIdentifier.lisp, /root/ros_ws/devel/share/common-lisp/ros/kortex_driver/msg/SensorIdentifier.lisp)
Linked: (/root/ros_ws/devel/.private/kortex_driver/share/common-lisp/ros/kortex_driver/msg/BridgeIdentifier.lisp, /root/ros_ws/devel/share/common-lisp/ros/kortex_driver/msg/BridgeIdentifier.lisp)
Linked: (/root/ros_ws/devel/.private/kortex_driver/share/common-lisp/ros/kortex_driver/msg/_package_CommandModeInformation.lisp, /root/ros_ws/devel/share/common-lisp/ros/kortex_driver/msg/_package_CommandModeInformation.lisp)
Linked: (/root/ros_ws/devel/.private/kortex_driver/share/common-lisp/ros/kortex_driver/msg/_package_SequenceInfoNotification.lisp, /root/ros_ws/devel/share/common-lisp/ros/kortex_driver/msg/_package_SequenceInfoNotification.lisp)
Linked: (/root/ros_ws/devel/.private/kortex_driver/share/common-lisp/ros/kortex_driver/msg/ControlConfigurationNotification.lisp, /root/ros_ws/devel/share/common-lisp/ros/kortex_driver/msg/ControlConfigurationNotification.lisp)
Linked: (/root/ros_ws/devel/.private/kortex_driver/share/common-lisp/ros/kortex_driver/msg/EncoderDerivativeParameters.lisp, /root/ros_ws/devel/share/common-lisp/ros/kortex_driver/msg/EncoderDerivativeParameters.lisp)
Linked: (/root/ros_ws/devel/.private/kortex_driver/share/common-lisp/ros/kortex_driver/msg/GPIOIdentification.lisp, /root/ros_ws/devel/share/common-lisp/ros/kortex_driver/msg/GPIOIdentification.lisp)
Linked: (/root/ros_ws/devel/.private/kortex_driver/share/common-lisp/ros/kortex_driver/msg/InterconnectCyclic_Command_tool_command.lisp, /root/ros_ws/devel/share/common-lisp/ros/kortex_driver/msg/InterconnectCyclic_Command_tool_command.lisp)
Linked: (/root/ros_ws/devel/.private/kortex_driver/share/common-lisp/ros/kortex_driver/msg/PartNumber.lisp, /root/ros_ws/devel/share/common-lisp/ros/kortex_driver/msg/PartNumber.lisp)
Linked: (/root/ros_ws/devel/.private/kortex_driver/share/common-lisp/ros/kortex_driver/msg/Gripper.lisp, /root/ros_ws/devel/share/common-lisp/ros/kortex_driver/msg/Gripper.lisp)
Linked: (/root/ros_ws/devel/.private/kortex_driver/share/common-lisp/ros/kortex_driver/msg/_package_ProtectionZoneHandle.lisp, /root/ros_ws/devel/share/common-lisp/ros/kortex_driver/msg/_package_ProtectionZoneHandle.lisp)
Linked: (/root/ros_ws/devel/.private/kortex_driver/share/common-lisp/ros/kortex_driver/msg/_package_SafetyInformation.lisp, /root/ros_ws/devel/share/common-lisp/ros/kortex_driver/msg/_package_SafetyInformation.lisp)
Linked: (/root/ros_ws/devel/.private/kortex_driver/share/common-lisp/ros/kortex_driver/msg/_package_ControllerHandle.lisp, /root/ros_ws/devel/share/common-lisp/ros/kortex_driver/msg/_package_ControllerHandle.lisp)
Linked: (/root/ros_ws/devel/.private/kortex_driver/share/common-lisp/ros/kortex_driver/msg/_package_ErrorCodes.lisp, /root/ros_ws/devel/share/common-lisp/ros/kortex_driver/msg/_package_ErrorCodes.lisp)
Linked: (/root/ros_ws/devel/.private/kortex_driver/share/common-lisp/ros/kortex_driver/msg/_package_MappingList.lisp, /root/ros_ws/devel/share/common-lisp/ros/kortex_driver/msg/_package_MappingList.lisp)
Linked: (/root/ros_ws/devel/.private/kortex_driver/share/common-lisp/ros/kortex_driver/msg/_package_KortexError.lisp, /root/ros_ws/devel/share/common-lisp/ros/kortex_driver/msg/_package_KortexError.lisp)
Linked: (/root/ros_ws/devel/.private/kortex_driver/share/common-lisp/ros/kortex_driver/msg/_package_ConstrainedPose.lisp, /root/ros_ws/devel/share/common-lisp/ros/kortex_driver/msg/_package_ConstrainedPose.lisp)
Linked: (/root/ros_ws/devel/.private/kortex_driver/share/common-lisp/ros/kortex_driver/msg/TrajectoryErrorElement.lisp, /root/ros_ws/devel/share/common-lisp/ros/kortex_driver/msg/TrajectoryErrorElement.lisp)
Linked: (/root/ros_ws/devel/.private/kortex_driver/share/common-lisp/ros/kortex_driver/msg/TransformationMatrix.lisp, /root/ros_ws/devel/share/common-lisp/ros/kortex_driver/msg/TransformationMatrix.lisp)
Linked: (/root/ros_ws/devel/.private/kortex_driver/share/common-lisp/ros/kortex_driver/msg/JointSpeedSoftLimits.lisp, /root/ros_ws/devel/share/common-lisp/ros/kortex_driver/msg/JointSpeedSoftLimits.lisp)
Linked: (/root/ros_ws/devel/.private/kortex_driver/share/common-lisp/ros/kortex_driver/msg/_package_ChangeWrench.lisp, /root/ros_ws/devel/share/common-lisp/ros/kortex_driver/msg/_package_ChangeWrench.lisp)
Linked: (/root/ros_ws/devel/.private/kortex_driver/share/common-lisp/ros/kortex_driver/msg/JointAccelerationSoftLimits.lisp, /root/ros_ws/devel/share/common-lisp/ros/kortex_driver/msg/JointAccelerationSoftLimits.lisp)
Linked: (/root/ros_ws/devel/.private/kortex_driver/share/common-lisp/ros/kortex_driver/msg/InterconnectConfig_ServiceVersion.lisp, /root/ros_ws/devel/share/common-lisp/ros/kortex_driver/msg/InterconnectConfig_ServiceVersion.lisp)
Linked: (/root/ros_ws/devel/.private/kortex_driver/share/common-lisp/ros/kortex_driver/msg/GripperCyclic_MessageId.lisp, /root/ros_ws/devel/share/common-lisp/ros/kortex_driver/msg/GripperCyclic_MessageId.lisp)
Linked: (/root/ros_ws/devel/.private/kortex_driver/share/common-lisp/ros/kortex_driver/msg/_package_ActionHandle.lisp, /root/ros_ws/devel/share/common-lisp/ros/kortex_driver/msg/_package_ActionHandle.lisp)
Linked: (/root/ros_ws/devel/.private/kortex_driver/share/common-lisp/ros/kortex_driver/msg/_package_SafetyNotification.lisp, /root/ros_ws/devel/share/common-lisp/ros/kortex_driver/msg/_package_SafetyNotification.lisp)
Linked: (/root/ros_ws/devel/.private/kortex_driver/share/common-lisp/ros/kortex_driver/msg/_package_DistortionCoefficients.lisp, /root/ros_ws/devel/share/common-lisp/ros/kortex_driver/msg/_package_DistortionCoefficients.lisp)
Linked: (/root/ros_ws/devel/.private/kortex_driver/share/common-lisp/ros/kortex_driver/msg/_package_SubErrorCodes.lisp, /root/ros_ws/devel/share/common-lisp/ros/kortex_driver/msg/_package_SubErrorCodes.lisp)
Linked: (/root/ros_ws/devel/.private/kortex_driver/share/common-lisp/ros/kortex_driver/msg/_package_Base_Position.lisp, /root/ros_ws/devel/share/common-lisp/ros/kortex_driver/msg/_package_Base_Position.lisp)
Linked: (/root/ros_ws/devel/.private/kortex_driver/share/common-lisp/ros/kortex_driver/msg/ControllerElementState.lisp, /root/ros_ws/devel/share/common-lisp/ros/kortex_driver/msg/ControllerElementState.lisp)
Linked: (/root/ros_ws/devel/.private/kortex_driver/share/common-lisp/ros/kortex_driver/msg/SequenceTasksRange.lisp, /root/ros_ws/devel/share/common-lisp/ros/kortex_driver/msg/SequenceTasksRange.lisp)
Linked: (/root/ros_ws/devel/.private/kortex_driver/share/common-lisp/ros/kortex_driver/msg/ConstrainedPosition.lisp, /root/ros_ws/devel/share/common-lisp/ros/kortex_driver/msg/ConstrainedPosition.lisp)
Linked: (/root/ros_ws/devel/.private/kortex_driver/share/common-lisp/ros/kortex_driver/msg/_package_ControllerNotification_state.lisp, /root/ros_ws/devel/share/common-lisp/ros/kortex_driver/msg/_package_ControllerNotification_state.lisp)
Linked: (/root/ros_ws/devel/.private/kortex_driver/share/common-lisp/ros/kortex_driver/msg/SensorFocusAction_action_parameters.lisp, /root/ros_ws/devel/share/common-lisp/ros/kortex_driver/msg/SensorFocusAction_action_parameters.lisp)
Linked: (/root/ros_ws/devel/.private/kortex_driver/share/common-lisp/ros/kortex_driver/msg/_package_FullUserProfile.lisp, /root/ros_ws/devel/share/common-lisp/ros/kortex_driver/msg/_package_FullUserProfile.lisp)
Linked: (/root/ros_ws/devel/.private/kortex_driver/share/common-lisp/ros/kortex_driver/msg/SequenceList.lisp, /root/ros_ws/devel/share/common-lisp/ros/kortex_driver/msg/SequenceList.lisp)
Linked: (/root/ros_ws/devel/.private/kortex_driver/share/common-lisp/ros/kortex_driver/msg/_package_GpioBehavior.lisp, /root/ros_ws/devel/share/common-lisp/ros/kortex_driver/msg/_package_GpioBehavior.lisp)
Linked: (/root/ros_ws/devel/.private/kortex_driver/share/common-lisp/ros/kortex_driver/msg/UARTStopBits.lisp, /root/ros_ws/devel/share/common-lisp/ros/kortex_driver/msg/UARTStopBits.lisp)
Linked: (/root/ros_ws/devel/.private/kortex_driver/share/common-lisp/ros/kortex_driver/msg/_package_ProtectionZoneInformation.lisp, /root/ros_ws/devel/share/common-lisp/ros/kortex_driver/msg/_package_ProtectionZoneInformation.lisp)
Linked: (/root/ros_ws/devel/.private/kortex_driver/share/common-lisp/ros/kortex_driver/msg/InterconnectCyclic_CustomData.lisp, /root/ros_ws/devel/share/common-lisp/ros/kortex_driver/msg/InterconnectCyclic_CustomData.lisp)
Linked: (/root/ros_ws/devel/.private/kortex_driver/share/common-lisp/ros/kortex_driver/msg/NavigationDirection.lisp, /root/ros_ws/devel/share/common-lisp/ros/kortex_driver/msg/NavigationDirection.lisp)
Linked: (/root/ros_ws/devel/.private/kortex_driver/share/common-lisp/ros/kortex_driver/msg/_package_I2CWriteRegisterParameter.lisp, /root/ros_ws/devel/share/common-lisp/ros/kortex_driver/msg/_package_I2CWriteRegisterParameter.lisp)
Linked: (/root/ros_ws/devel/.private/kortex_driver/share/common-lisp/ros/kortex_driver/msg/WristDigitalInputIdentifier.lisp, /root/ros_ws/devel/share/common-lisp/ros/kortex_driver/msg/WristDigitalInputIdentifier.lisp)
Linked: (/root/ros_ws/devel/.private/kortex_driver/share/common-lisp/ros/kortex_driver/msg/CartesianTransform.lisp, /root/ros_ws/devel/share/common-lisp/ros/kortex_driver/msg/CartesianTransform.lisp)
Linked: (/root/ros_ws/devel/.private/kortex_driver/share/common-lisp/ros/kortex_driver/msg/_package_PowerOnSelfTestResult.lisp, /root/ros_ws/devel/share/common-lisp/ros/kortex_driver/msg/_package_PowerOnSelfTestResult.lisp)
Linked: (/root/ros_ws/devel/.private/kortex_driver/share/common-lisp/ros/kortex_driver/msg/_package_KinematicLimitsList.lisp, /root/ros_ws/devel/share/common-lisp/ros/kortex_driver/msg/_package_KinematicLimitsList.lisp)
Linked: (/root/ros_ws/devel/.private/kortex_driver/share/common-lisp/ros/kortex_driver/msg/MapGroupHandle.lisp, /root/ros_ws/devel/share/common-lisp/ros/kortex_driver/msg/MapGroupHandle.lisp)
Linked: (/root/ros_ws/devel/.private/kortex_driver/share/common-lisp/ros/kortex_driver/msg/_package_Option.lisp, /root/ros_ws/devel/share/common-lisp/ros/kortex_driver/msg/_package_Option.lisp)
Linked: (/root/ros_ws/devel/.private/kortex_driver/share/common-lisp/ros/kortex_driver/msg/SafetyStatus.lisp, /root/ros_ws/devel/share/common-lisp/ros/kortex_driver/msg/SafetyStatus.lisp)
Linked: (/root/ros_ws/devel/.private/kortex_driver/share/common-lisp/ros/kortex_driver/msg/StepResponse.lisp, /root/ros_ws/devel/share/common-lisp/ros/kortex_driver/msg/StepResponse.lisp)
Linked: (/root/ros_ws/devel/.private/kortex_driver/share/common-lisp/ros/kortex_driver/msg/ActuatorFeedback.lisp, /root/ros_ws/devel/share/common-lisp/ros/kortex_driver/msg/ActuatorFeedback.lisp)
Linked: (/root/ros_ws/devel/.private/kortex_driver/share/common-lisp/ros/kortex_driver/msg/_package_MapGroupHandle.lisp, /root/ros_ws/devel/share/common-lisp/ros/kortex_driver/msg/_package_MapGroupHandle.lisp)
Linked: (/root/ros_ws/devel/.private/kortex_driver/share/common-lisp/ros/kortex_driver/msg/_package_NetworkNotification.lisp, /root/ros_ws/devel/share/common-lisp/ros/kortex_driver/msg/_package_NetworkNotification.lisp)
Linked: (/root/ros_ws/devel/.private/kortex_driver/share/common-lisp/ros/kortex_driver/msg/FollowCartesianTrajectoryActionResult.lisp, /root/ros_ws/devel/share/common-lisp/ros/kortex_driver/msg/FollowCartesianTrajectoryActionResult.lisp)
Linked: (/root/ros_ws/devel/.private/kortex_driver/share/common-lisp/ros/kortex_driver/msg/_package_IPv4Configuration.lisp, /root/ros_ws/devel/share/common-lisp/ros/kortex_driver/msg/_package_IPv4Configuration.lisp)
Linked: (/root/ros_ws/devel/.private/kortex_driver/share/common-lisp/ros/kortex_driver/msg/AngularTwist.lisp, /root/ros_ws/devel/share/common-lisp/ros/kortex_driver/msg/AngularTwist.lisp)
Linked: (/root/ros_ws/devel/.private/kortex_driver/share/common-lisp/ros/kortex_driver/msg/_package_ConfigurationNotificationEvent.lisp, /root/ros_ws/devel/share/common-lisp/ros/kortex_driver/msg/_package_ConfigurationNotificationEvent.lisp)
Linked: (/root/ros_ws/devel/.private/kortex_driver/share/common-lisp/ros/kortex_driver/msg/_package_GripperCommand.lisp, /root/ros_ws/devel/share/common-lisp/ros/kortex_driver/msg/_package_GripperCommand.lisp)
Linked: (/root/ros_ws/devel/.private/kortex_driver/share/common-lisp/ros/kortex_driver/msg/CalibrationItem.lisp, /root/ros_ws/devel/share/common-lisp/ros/kortex_driver/msg/CalibrationItem.lisp)
Linked: (/root/ros_ws/devel/.private/kortex_driver/share/common-lisp/ros/kortex_driver/msg/SequenceTasksPair.lisp, /root/ros_ws/devel/share/common-lisp/ros/kortex_driver/msg/SequenceTasksPair.lisp)
Linked: (/root/ros_ws/devel/.private/kortex_driver/share/common-lisp/ros/kortex_driver/msg/NetworkEvent.lisp, /root/ros_ws/devel/share/common-lisp/ros/kortex_driver/msg/NetworkEvent.lisp)
Linked: (/root/ros_ws/devel/.private/kortex_driver/share/common-lisp/ros/kortex_driver/msg/_package_GPIOValue.lisp, /root/ros_ws/devel/share/common-lisp/ros/kortex_driver/msg/_package_GPIOValue.lisp)
Linked: (/root/ros_ws/devel/.private/kortex_driver/share/common-lisp/ros/kortex_driver/msg/BridgePortConfig.lisp, /root/ros_ws/devel/share/common-lisp/ros/kortex_driver/msg/BridgePortConfig.lisp)
Linked: (/root/ros_ws/devel/.private/kortex_driver/share/common-lisp/ros/kortex_driver/msg/_package_IPv4Settings.lisp, /root/ros_ws/devel/share/common-lisp/ros/kortex_driver/msg/_package_IPv4Settings.lisp)
Linked: (/root/ros_ws/devel/.private/kortex_driver/share/common-lisp/ros/kortex_driver/msg/_package_FocusPoint.lisp, /root/ros_ws/devel/share/common-lisp/ros/kortex_driver/msg/_package_FocusPoint.lisp)
Linked: (/root/ros_ws/devel/.private/kortex_driver/share/common-lisp/ros/kortex_driver/msg/_package_Calibration.lisp, /root/ros_ws/devel/share/common-lisp/ros/kortex_driver/msg/_package_Calibration.lisp)
Linked: (/root/ros_ws/devel/.private/kortex_driver/share/common-lisp/ros/kortex_driver/msg/_package_EmergencyStop.lisp, /root/ros_ws/devel/share/common-lisp/ros/kortex_driver/msg/_package_EmergencyStop.lisp)
Linked: (/root/ros_ws/devel/.private/kortex_driver/share/common-lisp/ros/kortex_driver/msg/_package_RebootRqst.lisp, /root/ros_ws/devel/share/common-lisp/ros/kortex_driver/msg/_package_RebootRqst.lisp)
Linked: (/root/ros_ws/devel/.private/kortex_driver/share/common-lisp/ros/kortex_driver/msg/SafetyEnable.lisp, /root/ros_ws/devel/share/common-lisp/ros/kortex_driver/msg/SafetyEnable.lisp)
Linked: (/root/ros_ws/devel/.private/kortex_driver/share/common-lisp/ros/kortex_driver/msg/_package_InterconnectCyclic_Command.lisp, /root/ros_ws/devel/share/common-lisp/ros/kortex_driver/msg/_package_InterconnectCyclic_Command.lisp)
Linked: (/root/ros_ws/devel/.private/kortex_driver/share/common-lisp/ros/kortex_driver/msg/_package_Base_SafetyIdentifier.lisp, /root/ros_ws/devel/share/common-lisp/ros/kortex_driver/msg/_package_Base_SafetyIdentifier.lisp)
Linked: (/root/ros_ws/devel/.private/kortex_driver/share/common-lisp/ros/kortex_driver/msg/ActuatorConfig_SafetyLimitType.lisp, /root/ros_ws/devel/share/common-lisp/ros/kortex_driver/msg/ActuatorConfig_SafetyLimitType.lisp)
Linked: (/root/ros_ws/devel/.private/kortex_driver/share/common-lisp/ros/kortex_driver/msg/_package_Sequence.lisp, /root/ros_ws/devel/share/common-lisp/ros/kortex_driver/msg/_package_Sequence.lisp)
Linked: (/root/ros_ws/devel/.private/kortex_driver/share/common-lisp/ros/kortex_driver/msg/_package_RobotEventNotification.lisp, /root/ros_ws/devel/share/common-lisp/ros/kortex_driver/msg/_package_RobotEventNotification.lisp)
Linked: (/root/ros_ws/devel/.private/kortex_driver/share/common-lisp/ros/kortex_driver/msg/Twist.lisp, /root/ros_ws/devel/share/common-lisp/ros/kortex_driver/msg/Twist.lisp)
Linked: (/root/ros_ws/devel/.private/kortex_driver/share/common-lisp/ros/kortex_driver/msg/WrenchLimitation.lisp, /root/ros_ws/devel/share/common-lisp/ros/kortex_driver/msg/WrenchLimitation.lisp)
Linked: (/root/ros_ws/devel/.private/kortex_driver/share/common-lisp/ros/kortex_driver/msg/ConstrainedJointAngle.lisp, /root/ros_ws/devel/share/common-lisp/ros/kortex_driver/msg/ConstrainedJointAngle.lisp)
Linked: (/root/ros_ws/devel/.private/kortex_driver/share/common-lisp/ros/kortex_driver/msg/RobotiqGripperStatusFlags.lisp, /root/ros_ws/devel/share/common-lisp/ros/kortex_driver/msg/RobotiqGripperStatusFlags.lisp)
Linked: (/root/ros_ws/devel/.private/kortex_driver/share/common-lisp/ros/kortex_driver/msg/ControllerInputType.lisp, /root/ros_ws/devel/share/common-lisp/ros/kortex_driver/msg/ControllerInputType.lisp)
Linked: (/root/ros_ws/devel/.private/kortex_driver/share/common-lisp/ros/kortex_driver/msg/_package_ControllerBehavior.lisp, /root/ros_ws/devel/share/common-lisp/ros/kortex_driver/msg/_package_ControllerBehavior.lisp)
Linked: (/root/ros_ws/devel/.private/kortex_driver/share/common-lisp/ros/kortex_driver/msg/_package_CalibrationResult.lisp, /root/ros_ws/devel/share/common-lisp/ros/kortex_driver/msg/_package_CalibrationResult.lisp)
Linked: (/root/ros_ws/devel/.private/kortex_driver/share/common-lisp/ros/kortex_driver/msg/Timeout.lisp, /root/ros_ws/devel/share/common-lisp/ros/kortex_driver/msg/Timeout.lisp)
Linked: (/root/ros_ws/devel/.private/kortex_driver/share/common-lisp/ros/kortex_driver/msg/_package_PreComputedJointTrajectory.lisp, /root/ros_ws/devel/share/common-lisp/ros/kortex_driver/msg/_package_PreComputedJointTrajectory.lisp)
Linked: (/root/ros_ws/devel/.private/kortex_driver/share/common-lisp/ros/kortex_driver/msg/_package_InterconnectConfig_GPIOConfiguration.lisp, /root/ros_ws/devel/share/common-lisp/ros/kortex_driver/msg/_package_InterconnectConfig_GPIOConfiguration.lisp)
Linked: (/root/ros_ws/devel/.private/kortex_driver/share/common-lisp/ros/kortex_driver/msg/_package_AxisPosition.lisp, /root/ros_ws/devel/share/common-lisp/ros/kortex_driver/msg/_package_AxisPosition.lisp)
Linked: (/root/ros_ws/devel/.private/kortex_driver/share/common-lisp/ros/kortex_driver/msg/_package_UserEvent.lisp, /root/ros_ws/devel/share/common-lisp/ros/kortex_driver/msg/_package_UserEvent.lisp)
Linked: (/root/ros_ws/devel/.private/kortex_driver/share/common-lisp/ros/kortex_driver/msg/ServoingModeInformation.lisp, /root/ros_ws/devel/share/common-lisp/ros/kortex_driver/msg/ServoingModeInformation.lisp)
Linked: (/root/ros_ws/devel/.private/kortex_driver/share/common-lisp/ros/kortex_driver/msg/ToolConfiguration.lisp, /root/ros_ws/devel/share/common-lisp/ros/kortex_driver/msg/ToolConfiguration.lisp)
Linked: (/root/ros_ws/devel/.private/kortex_driver/share/common-lisp/ros/kortex_driver/msg/IPv4Information.lisp, /root/ros_ws/devel/share/common-lisp/ros/kortex_driver/msg/IPv4Information.lisp)
Linked: (/root/ros_ws/devel/.private/kortex_driver/share/common-lisp/ros/kortex_driver/msg/ControllerNotification.lisp, /root/ros_ws/devel/share/common-lisp/ros/kortex_driver/msg/ControllerNotification.lisp)
Linked: (/root/ros_ws/devel/.private/kortex_driver/share/common-lisp/ros/kortex_driver/msg/UserList.lisp, /root/ros_ws/devel/share/common-lisp/ros/kortex_driver/msg/UserList.lisp)
Linked: (/root/ros_ws/devel/.private/kortex_driver/share/common-lisp/ros/kortex_driver/msg/PartNumberRevision.lisp, /root/ros_ws/devel/share/common-lisp/ros/kortex_driver/msg/PartNumberRevision.lisp)
Linked: (/root/ros_ws/devel/.private/kortex_driver/share/common-lisp/ros/kortex_driver/msg/_package_I2CDevice.lisp, /root/ros_ws/devel/share/common-lisp/ros/kortex_driver/msg/_package_I2CDevice.lisp)
Linked: (/root/ros_ws/devel/.private/kortex_driver/share/common-lisp/ros/kortex_driver/msg/FrequencyResponse.lisp, /root/ros_ws/devel/share/common-lisp/ros/kortex_driver/msg/FrequencyResponse.lisp)
Linked: (/root/ros_ws/devel/.private/kortex_driver/share/common-lisp/ros/kortex_driver/msg/_package_VectorDriveParameters.lisp, /root/ros_ws/devel/share/common-lisp/ros/kortex_driver/msg/_package_VectorDriveParameters.lisp)
Linked: (/root/ros_ws/devel/.private/kortex_driver/share/common-lisp/ros/kortex_driver/msg/EthernetDuplex.lisp, /root/ros_ws/devel/share/common-lisp/ros/kortex_driver/msg/EthernetDuplex.lisp)
Linked: (/root/ros_ws/devel/.private/kortex_driver/share/common-lisp/ros/kortex_driver/msg/_package_MapGroup.lisp, /root/ros_ws/devel/share/common-lisp/ros/kortex_driver/msg/_package_MapGroup.lisp)
Linked: (/root/ros_ws/devel/.private/kortex_driver/share/common-lisp/ros/kortex_driver/msg/CommandModeInformation.lisp, /root/ros_ws/devel/share/common-lisp/ros/kortex_driver/msg/CommandModeInformation.lisp)
Linked: (/root/ros_ws/devel/.private/kortex_driver/share/common-lisp/ros/kortex_driver/msg/LimitationType.lisp, /root/ros_ws/devel/share/common-lisp/ros/kortex_driver/msg/LimitationType.lisp)
Linked: (/root/ros_ws/devel/.private/kortex_driver/share/common-lisp/ros/kortex_driver/msg/CoggingFeedforwardModeInformation.lisp, /root/ros_ws/devel/share/common-lisp/ros/kortex_driver/msg/CoggingFeedforwardModeInformation.lisp)
Linked: (/root/ros_ws/devel/.private/kortex_driver/share/common-lisp/ros/kortex_driver/msg/WaypointList.lisp, /root/ros_ws/devel/share/common-lisp/ros/kortex_driver/msg/WaypointList.lisp)
Linked: (/root/ros_ws/devel/.private/kortex_driver/share/common-lisp/ros/kortex_driver/msg/_package_TransformationRow.lisp, /root/ros_ws/devel/share/common-lisp/ros/kortex_driver/msg/_package_TransformationRow.lisp)
Linked: (/root/ros_ws/devel/.private/kortex_driver/share/common-lisp/ros/kortex_driver/msg/_package_CalibrationElement.lisp, /root/ros_ws/devel/share/common-lisp/ros/kortex_driver/msg/_package_CalibrationElement.lisp)
Linked: (/root/ros_ws/devel/.private/kortex_driver/share/common-lisp/ros/kortex_driver/msg/_package_WifiEncryptionType.lisp, /root/ros_ws/devel/share/common-lisp/ros/kortex_driver/msg/_package_WifiEncryptionType.lisp)
Linked: (/root/ros_ws/devel/.private/kortex_driver/share/common-lisp/ros/kortex_driver/msg/SequenceTaskHandle.lisp, /root/ros_ws/devel/share/common-lisp/ros/kortex_driver/msg/SequenceTaskHandle.lisp)
Linked: (/root/ros_ws/devel/.private/kortex_driver/share/common-lisp/ros/kortex_driver/msg/_package_KinematicLimits.lisp, /root/ros_ws/devel/share/common-lisp/ros/kortex_driver/msg/_package_KinematicLimits.lisp)
Linked: (/root/ros_ws/devel/.private/kortex_driver/share/common-lisp/ros/kortex_driver/msg/_package_BaseType.lisp, /root/ros_ws/devel/share/common-lisp/ros/kortex_driver/msg/_package_BaseType.lisp)
Linked: (/root/ros_ws/devel/.private/kortex_driver/share/common-lisp/ros/kortex_driver/msg/_package_WrenchMode.lisp, /root/ros_ws/devel/share/common-lisp/ros/kortex_driver/msg/_package_WrenchMode.lisp)
Linked: (/root/ros_ws/devel/.private/kortex_driver/share/common-lisp/ros/kortex_driver/msg/_package_I2CMode.lisp, /root/ros_ws/devel/share/common-lisp/ros/kortex_driver/msg/_package_I2CMode.lisp)
Linked: (/root/ros_ws/devel/.private/kortex_driver/share/common-lisp/ros/kortex_driver/msg/_package_Base_CapSenseConfig.lisp, /root/ros_ws/devel/share/common-lisp/ros/kortex_driver/msg/_package_Base_CapSenseConfig.lisp)
Linked: (/root/ros_ws/devel/.private/kortex_driver/share/common-lisp/ros/kortex_driver/msg/CompleteProductConfiguration.lisp, /root/ros_ws/devel/share/common-lisp/ros/kortex_driver/msg/CompleteProductConfiguration.lisp)
Linked: (/root/ros_ws/devel/.private/kortex_driver/share/common-lisp/ros/kortex_driver/msg/_package_WaypointValidationReport.lisp, /root/ros_ws/devel/share/common-lisp/ros/kortex_driver/msg/_package_WaypointValidationReport.lisp)
Linked: (/root/ros_ws/devel/.private/kortex_driver/share/common-lisp/ros/kortex_driver/msg/_package_CartesianReferenceFrameInfo.lisp, /root/ros_ws/devel/share/common-lisp/ros/kortex_driver/msg/_package_CartesianReferenceFrameInfo.lisp)
Linked: (/root/ros_ws/devel/.private/kortex_driver/share/common-lisp/ros/kortex_driver/msg/_package_FullIPv4Configuration.lisp, /root/ros_ws/devel/share/common-lisp/ros/kortex_driver/msg/_package_FullIPv4Configuration.lisp)
Linked: (/root/ros_ws/devel/.private/kortex_driver/share/common-lisp/ros/kortex_driver/msg/_package_PositionCommand.lisp, /root/ros_ws/devel/share/common-lisp/ros/kortex_driver/msg/_package_PositionCommand.lisp)
Linked: (/root/ros_ws/devel/.private/kortex_driver/share/common-lisp/ros/kortex_driver/msg/Waypoint_type_of_waypoint.lisp, /root/ros_ws/devel/share/common-lisp/ros/kortex_driver/msg/Waypoint_type_of_waypoint.lisp)
Linked: (/root/ros_ws/devel/.private/kortex_driver/share/common-lisp/ros/kortex_driver/msg/_package_ChangeJointSpeeds.lisp, /root/ros_ws/devel/share/common-lisp/ros/kortex_driver/msg/_package_ChangeJointSpeeds.lisp)
Linked: (/root/ros_ws/devel/.private/kortex_driver/share/common-lisp/ros/kortex_driver/msg/FrameRate.lisp, /root/ros_ws/devel/share/common-lisp/ros/kortex_driver/msg/FrameRate.lisp)
Linked: (/root/ros_ws/devel/.private/kortex_driver/share/common-lisp/ros/kortex_driver/msg/DeviceManager_ServiceVersion.lisp, /root/ros_ws/devel/share/common-lisp/ros/kortex_driver/msg/DeviceManager_ServiceVersion.lisp)
Linked: (/root/ros_ws/devel/.private/kortex_driver/share/common-lisp/ros/kortex_driver/msg/_package_UserNotificationList.lisp, /root/ros_ws/devel/share/common-lisp/ros/kortex_driver/msg/_package_UserNotificationList.lisp)
Linked: (/root/ros_ws/devel/.private/kortex_driver/share/common-lisp/ros/kortex_driver/msg/ActionExecutionState.lisp, /root/ros_ws/devel/share/common-lisp/ros/kortex_driver/msg/ActionExecutionState.lisp)
Linked: (/root/ros_ws/devel/.private/kortex_driver/share/common-lisp/ros/kortex_driver/msg/SubErrorCodes.lisp, /root/ros_ws/devel/share/common-lisp/ros/kortex_driver/msg/SubErrorCodes.lisp)
Linked: (/root/ros_ws/devel/.private/kortex_driver/share/common-lisp/ros/kortex_driver/msg/ProtectionZone.lisp, /root/ros_ws/devel/share/common-lisp/ros/kortex_driver/msg/ProtectionZone.lisp)
Linked: (/root/ros_ws/devel/.private/kortex_driver/share/common-lisp/ros/kortex_driver/msg/IKData.lisp, /root/ros_ws/devel/share/common-lisp/ros/kortex_driver/msg/IKData.lisp)
Linked: (/root/ros_ws/devel/.private/kortex_driver/share/common-lisp/ros/kortex_driver/msg/SequenceTaskConfiguration.lisp, /root/ros_ws/devel/share/common-lisp/ros/kortex_driver/msg/SequenceTaskConfiguration.lisp)
Linked: (/root/ros_ws/devel/.private/kortex_driver/share/common-lisp/ros/kortex_driver/msg/CustomDataSelection.lisp, /root/ros_ws/devel/share/common-lisp/ros/kortex_driver/msg/CustomDataSelection.lisp)
Linked: (/root/ros_ws/devel/.private/kortex_driver/share/common-lisp/ros/kortex_driver/msg/GpioConfigurationList.lisp, /root/ros_ws/devel/share/common-lisp/ros/kortex_driver/msg/GpioConfigurationList.lisp)
Linked: (/root/ros_ws/devel/.private/kortex_driver/share/common-lisp/ros/kortex_driver/msg/BitRate.lisp, /root/ros_ws/devel/share/common-lisp/ros/kortex_driver/msg/BitRate.lisp)
Linked: (/root/ros_ws/devel/.private/kortex_driver/share/common-lisp/ros/kortex_driver/msg/ControllerConfigurationList.lisp, /root/ros_ws/devel/share/common-lisp/ros/kortex_driver/msg/ControllerConfigurationList.lisp)
Linked: (/root/ros_ws/devel/.private/kortex_driver/share/common-lisp/ros/kortex_driver/msg/SafetyThreshold.lisp, /root/ros_ws/devel/share/common-lisp/ros/kortex_driver/msg/SafetyThreshold.lisp)
Linked: (/root/ros_ws/devel/.private/kortex_driver/share/common-lisp/ros/kortex_driver/msg/_package_ActuatorCyclic_Command.lisp, /root/ros_ws/devel/share/common-lisp/ros/kortex_driver/msg/_package_ActuatorCyclic_Command.lisp)
Linked: (/root/ros_ws/devel/.private/kortex_driver/share/common-lisp/ros/kortex_driver/msg/_package_BridgeIdentifier.lisp, /root/ros_ws/devel/share/common-lisp/ros/kortex_driver/msg/_package_BridgeIdentifier.lisp)
Linked: (/root/ros_ws/devel/.private/kortex_driver/share/common-lisp/ros/kortex_driver/msg/UARTPortId.lisp, /root/ros_ws/devel/share/common-lisp/ros/kortex_driver/msg/UARTPortId.lisp)
Linked: (/root/ros_ws/devel/.private/kortex_driver/share/common-lisp/ros/kortex_driver/msg/WaypointValidationReport.lisp, /root/ros_ws/devel/share/common-lisp/ros/kortex_driver/msg/WaypointValidationReport.lisp)
Linked: (/root/ros_ws/devel/.private/kortex_driver/share/common-lisp/ros/kortex_driver/msg/CommandMode.lisp, /root/ros_ws/devel/share/common-lisp/ros/kortex_driver/msg/CommandMode.lisp)
Linked: (/root/ros_ws/devel/.private/kortex_driver/share/common-lisp/ros/kortex_driver/msg/ConstrainedOrientation.lisp, /root/ros_ws/devel/share/common-lisp/ros/kortex_driver/msg/ConstrainedOrientation.lisp)
Linked: (/root/ros_ws/devel/.private/kortex_driver/share/common-lisp/ros/kortex_driver/msg/SensorFocusAction.lisp, /root/ros_ws/devel/share/common-lisp/ros/kortex_driver/msg/SensorFocusAction.lisp)
Linked: (/root/ros_ws/devel/.private/kortex_driver/share/common-lisp/ros/kortex_driver/msg/NetworkType.lisp, /root/ros_ws/devel/share/common-lisp/ros/kortex_driver/msg/NetworkType.lisp)
Linked: (/root/ros_ws/devel/.private/kortex_driver/share/common-lisp/ros/kortex_driver/msg/BaseCyclic_ServiceVersion.lisp, /root/ros_ws/devel/share/common-lisp/ros/kortex_driver/msg/BaseCyclic_ServiceVersion.lisp)
Linked: (/root/ros_ws/devel/.private/kortex_driver/share/common-lisp/ros/kortex_driver/msg/_package_OperatingMode.lisp, /root/ros_ws/devel/share/common-lisp/ros/kortex_driver/msg/_package_OperatingMode.lisp)
Linked: (/root/ros_ws/devel/.private/kortex_driver/share/common-lisp/ros/kortex_driver/msg/_package_ActuatorCommand.lisp, /root/ros_ws/devel/share/common-lisp/ros/kortex_driver/msg/_package_ActuatorCommand.lisp)
Linked: (/root/ros_ws/devel/.private/kortex_driver/share/common-lisp/ros/kortex_driver/msg/_package_FirmwareBundleVersions.lisp, /root/ros_ws/devel/share/common-lisp/ros/kortex_driver/msg/_package_FirmwareBundleVersions.lisp)
Linked: (/root/ros_ws/devel/.private/kortex_driver/share/common-lisp/ros/kortex_driver/msg/MapEvent_events.lisp, /root/ros_ws/devel/share/common-lisp/ros/kortex_driver/msg/MapEvent_events.lisp)
Linked: (/root/ros_ws/devel/.private/kortex_driver/share/common-lisp/ros/kortex_driver/msg/_package_CustomDataSelection.lisp, /root/ros_ws/devel/share/common-lisp/ros/kortex_driver/msg/_package_CustomDataSelection.lisp)
Linked: (/root/ros_ws/devel/.private/kortex_driver/share/common-lisp/ros/kortex_driver/msg/MappingHandle.lisp, /root/ros_ws/devel/share/common-lisp/ros/kortex_driver/msg/MappingHandle.lisp)
Linked: (/root/ros_ws/devel/.private/kortex_driver/share/common-lisp/ros/kortex_driver/msg/_package_BaseCyclic_CustomData.lisp, /root/ros_ws/devel/share/common-lisp/ros/kortex_driver/msg/_package_BaseCyclic_CustomData.lisp)
Linked: (/root/ros_ws/devel/.private/kortex_driver/share/common-lisp/ros/kortex_driver/msg/_package_SafetyEvent.lisp, /root/ros_ws/devel/share/common-lisp/ros/kortex_driver/msg/_package_SafetyEvent.lisp)
Linked: (/root/ros_ws/devel/.private/kortex_driver/share/common-lisp/ros/kortex_driver/msg/_package_ControlConfigurationEvent.lisp, /root/ros_ws/devel/share/common-lisp/ros/kortex_driver/msg/_package_ControlConfigurationEvent.lisp)
Linked: (/root/ros_ws/devel/.private/kortex_driver/share/common-lisp/ros/kortex_driver/msg/VisionConfig_RotationMatrixRow.lisp, /root/ros_ws/devel/share/common-lisp/ros/kortex_driver/msg/VisionConfig_RotationMatrixRow.lisp)
Linked: (/root/ros_ws/devel/.private/kortex_driver/share/common-lisp/ros/kortex_driver/msg/_package_BaseCyclic_Command.lisp, /root/ros_ws/devel/share/common-lisp/ros/kortex_driver/msg/_package_BaseCyclic_Command.lisp)
Linked: (/root/ros_ws/devel/.private/kortex_driver/share/common-lisp/ros/kortex_driver/msg/_package_SafetyInformationList.lisp, /root/ros_ws/devel/share/common-lisp/ros/kortex_driver/msg/_package_SafetyInformationList.lisp)
Linked: (/root/ros_ws/devel/.private/kortex_driver/share/common-lisp/ros/kortex_driver/msg/FollowCartesianTrajectoryFeedback.lisp, /root/ros_ws/devel/share/common-lisp/ros/kortex_driver/msg/FollowCartesianTrajectoryFeedback.lisp)
Linked: (/root/ros_ws/devel/.private/kortex_driver/share/common-lisp/ros/kortex_driver/msg/Unit.lisp, /root/ros_ws/devel/share/common-lisp/ros/kortex_driver/msg/Unit.lisp)
Linked: (/root/ros_ws/devel/.private/kortex_driver/share/common-lisp/ros/kortex_driver/msg/TrajectoryContinuityMode.lisp, /root/ros_ws/devel/share/common-lisp/ros/kortex_driver/msg/TrajectoryContinuityMode.lisp)
Linked: (/root/ros_ws/devel/.private/kortex_driver/share/common-lisp/ros/kortex_driver/msg/Action_action_parameters.lisp, /root/ros_ws/devel/share/common-lisp/ros/kortex_driver/msg/Action_action_parameters.lisp)
Linked: (/root/ros_ws/devel/.private/kortex_driver/share/common-lisp/ros/kortex_driver/msg/_package_SafetyThreshold.lisp, /root/ros_ws/devel/share/common-lisp/ros/kortex_driver/msg/_package_SafetyThreshold.lisp)
Linked: (/root/ros_ws/devel/.private/kortex_driver/share/common-lisp/ros/kortex_driver/msg/_package_CommandMode.lisp, /root/ros_ws/devel/share/common-lisp/ros/kortex_driver/msg/_package_CommandMode.lisp)
Linked: (/root/ros_ws/devel/.private/kortex_driver/share/common-lisp/ros/kortex_driver/msg/_package_TrajectoryErrorType.lisp, /root/ros_ws/devel/share/common-lisp/ros/kortex_driver/msg/_package_TrajectoryErrorType.lisp)
Linked: (/root/ros_ws/devel/.private/kortex_driver/share/common-lisp/ros/kortex_driver/msg/_package_ServoingMode.lisp, /root/ros_ws/devel/share/common-lisp/ros/kortex_driver/msg/_package_ServoingMode.lisp)
Linked: (/root/ros_ws/devel/.private/kortex_driver/share/common-lisp/ros/kortex_driver/msg/_package_StatusFlags.lisp, /root/ros_ws/devel/share/common-lisp/ros/kortex_driver/msg/_package_StatusFlags.lisp)
Linked: (/root/ros_ws/devel/.private/kortex_driver/share/common-lisp/ros/kortex_driver/msg/SnapshotType.lisp, /root/ros_ws/devel/share/common-lisp/ros/kortex_driver/msg/SnapshotType.lisp)
Linked: (/root/ros_ws/devel/.private/kortex_driver/share/common-lisp/ros/kortex_driver/msg/_package_MapGroupList.lisp, /root/ros_ws/devel/share/common-lisp/ros/kortex_driver/msg/_package_MapGroupList.lisp)
Linked: (/root/ros_ws/devel/.private/kortex_driver/share/common-lisp/ros/kortex_driver/msg/_package_I2CRegisterAddressSize.lisp, /root/ros_ws/devel/share/common-lisp/ros/kortex_driver/msg/_package_I2CRegisterAddressSize.lisp)
Linked: (/root/ros_ws/devel/.private/kortex_driver/share/common-lisp/ros/kortex_driver/msg/Base_ServiceVersion.lisp, /root/ros_ws/devel/share/common-lisp/ros/kortex_driver/msg/Base_ServiceVersion.lisp)
Linked: (/root/ros_ws/devel/.private/kortex_driver/share/common-lisp/ros/kortex_driver/msg/PowerOnSelfTestResult.lisp, /root/ros_ws/devel/share/common-lisp/ros/kortex_driver/msg/PowerOnSelfTestResult.lisp)
Linked: (/root/ros_ws/devel/.private/kortex_driver/share/common-lisp/ros/kortex_driver/msg/ControllerType.lisp, /root/ros_ws/devel/share/common-lisp/ros/kortex_driver/msg/ControllerType.lisp)
Linked: (/root/ros_ws/devel/.private/kortex_driver/share/common-lisp/ros/kortex_driver/msg/_package_IntrinsicProfileIdentifier.lisp, /root/ros_ws/devel/share/common-lisp/ros/kortex_driver/msg/_package_IntrinsicProfileIdentifier.lisp)
Linked: (/root/ros_ws/devel/.private/kortex_driver/share/common-lisp/ros/kortex_driver/msg/_package_NetworkEvent.lisp, /root/ros_ws/devel/share/common-lisp/ros/kortex_driver/msg/_package_NetworkEvent.lisp)
Linked: (/root/ros_ws/devel/.private/kortex_driver/share/common-lisp/ros/kortex_driver/msg/Snapshot.lisp, /root/ros_ws/devel/share/common-lisp/ros/kortex_driver/msg/Snapshot.lisp)
Linked: (/root/ros_ws/devel/.private/kortex_driver/share/common-lisp/ros/kortex_driver/msg/MappingInfoNotification.lisp, /root/ros_ws/devel/share/common-lisp/ros/kortex_driver/msg/MappingInfoNotification.lisp)
Linked: (/root/ros_ws/devel/.private/kortex_driver/share/common-lisp/ros/kortex_driver/msg/_package_WrenchLimitation.lisp, /root/ros_ws/devel/share/common-lisp/ros/kortex_driver/msg/_package_WrenchLimitation.lisp)
Linked: (/root/ros_ws/devel/.private/kortex_driver/share/common-lisp/ros/kortex_driver/msg/ControlLoop.lisp, /root/ros_ws/devel/share/common-lisp/ros/kortex_driver/msg/ControlLoop.lisp)
Linked: (/root/ros_ws/devel/.private/kortex_driver/share/common-lisp/ros/kortex_driver/msg/_package_ControllerInputType.lisp, /root/ros_ws/devel/share/common-lisp/ros/kortex_driver/msg/_package_ControllerInputType.lisp)
Linked: (/root/ros_ws/devel/.private/kortex_driver/share/common-lisp/ros/kortex_driver/msg/VisionConfig_ServiceVersion.lisp, /root/ros_ws/devel/share/common-lisp/ros/kortex_driver/msg/VisionConfig_ServiceVersion.lisp)
Linked: (/root/ros_ws/devel/.private/kortex_driver/share/common-lisp/ros/kortex_driver/msg/TrajectoryInfoType.lisp, /root/ros_ws/devel/share/common-lisp/ros/kortex_driver/msg/TrajectoryInfoType.lisp)
Linked: (/root/ros_ws/devel/.private/kortex_driver/share/common-lisp/ros/kortex_driver/msg/_package_EthernetDeviceIdentification.lisp, /root/ros_ws/devel/share/common-lisp/ros/kortex_driver/msg/_package_EthernetDeviceIdentification.lisp)
Linked: (/root/ros_ws/devel/.private/kortex_driver/share/common-lisp/ros/kortex_driver/msg/_package_ArmState.lisp, /root/ros_ws/devel/share/common-lisp/ros/kortex_driver/msg/_package_ArmState.lisp)
Linked: (/root/ros_ws/devel/.private/kortex_driver/share/common-lisp/ros/kortex_driver/msg/TorqueCalibration.lisp, /root/ros_ws/devel/share/common-lisp/ros/kortex_driver/msg/TorqueCalibration.lisp)
Linked: (/root/ros_ws/devel/.private/kortex_driver/share/common-lisp/ros/kortex_driver/msg/KinematicLimits.lisp, /root/ros_ws/devel/share/common-lisp/ros/kortex_driver/msg/KinematicLimits.lisp)
Linked: (/root/ros_ws/devel/.private/kortex_driver/share/common-lisp/ros/kortex_driver/msg/_package_EndEffectorType.lisp, /root/ros_ws/devel/share/common-lisp/ros/kortex_driver/msg/_package_EndEffectorType.lisp)
Linked: (/root/ros_ws/devel/.private/kortex_driver/share/common-lisp/ros/kortex_driver/msg/I2CRegisterAddressSize.lisp, /root/ros_ws/devel/share/common-lisp/ros/kortex_driver/msg/I2CRegisterAddressSize.lisp)
Linked: (/root/ros_ws/devel/.private/kortex_driver/share/common-lisp/ros/kortex_driver/msg/CartesianTrajectoryConstraint_type.lisp, /root/ros_ws/devel/share/common-lisp/ros/kortex_driver/msg/CartesianTrajectoryConstraint_type.lisp)
Linked: (/root/ros_ws/devel/.private/kortex_driver/share/common-lisp/ros/kortex_driver/msg/_package_BitRate.lisp, /root/ros_ws/devel/share/common-lisp/ros/kortex_driver/msg/_package_BitRate.lisp)
Linked: (/root/ros_ws/devel/.private/kortex_driver/share/common-lisp/ros/kortex_driver/msg/_package_ActuatorFeedback.lisp, /root/ros_ws/devel/share/common-lisp/ros/kortex_driver/msg/_package_ActuatorFeedback.lisp)
Linked: (/root/ros_ws/devel/.private/kortex_driver/share/common-lisp/ros/kortex_driver/msg/DesiredSpeeds.lisp, /root/ros_ws/devel/share/common-lisp/ros/kortex_driver/msg/DesiredSpeeds.lisp)
Linked: (/root/ros_ws/devel/.private/kortex_driver/share/common-lisp/ros/kortex_driver/msg/Calibration.lisp, /root/ros_ws/devel/share/common-lisp/ros/kortex_driver/msg/Calibration.lisp)
Linked: (/root/ros_ws/devel/.private/kortex_driver/share/common-lisp/ros/kortex_driver/msg/_package_AdvancedSequenceHandle.lisp, /root/ros_ws/devel/share/common-lisp/ros/kortex_driver/msg/_package_AdvancedSequenceHandle.lisp)
Linked: (/root/ros_ws/devel/.private/kortex_driver/share/common-lisp/ros/kortex_driver/msg/CountryCodeIdentifier.lisp, /root/ros_ws/devel/share/common-lisp/ros/kortex_driver/msg/CountryCodeIdentifier.lisp)
Linked: (/root/ros_ws/devel/.private/kortex_driver/share/common-lisp/ros/kortex_driver/msg/_package_ArmStateInformation.lisp, /root/ros_ws/devel/share/common-lisp/ros/kortex_driver/msg/_package_ArmStateInformation.lisp)
Linked: (/root/ros_ws/devel/.private/kortex_driver/share/common-lisp/ros/kortex_driver/msg/_package_MapEvent_events.lisp, /root/ros_ws/devel/share/common-lisp/ros/kortex_driver/msg/_package_MapEvent_events.lisp)
Linked: (/root/ros_ws/devel/.private/kortex_driver/share/common-lisp/ros/kortex_driver/msg/DeviceHandles.lisp, /root/ros_ws/devel/share/common-lisp/ros/kortex_driver/msg/DeviceHandles.lisp)
Linked: (/root/ros_ws/devel/.private/kortex_driver/share/common-lisp/ros/kortex_driver/msg/_package_ModelNumber.lisp, /root/ros_ws/devel/share/common-lisp/ros/kortex_driver/msg/_package_ModelNumber.lisp)
Linked: (/root/ros_ws/devel/.private/kortex_driver/share/common-lisp/ros/kortex_driver/msg/ActuatorCustomData.lisp, /root/ros_ws/devel/share/common-lisp/ros/kortex_driver/msg/ActuatorCustomData.lisp)
Linked: (/root/ros_ws/devel/.private/kortex_driver/share/common-lisp/ros/kortex_driver/msg/_package_WifiConfiguration.lisp, /root/ros_ws/devel/share/common-lisp/ros/kortex_driver/msg/_package_WifiConfiguration.lisp)
Linked: (/root/ros_ws/devel/.private/kortex_driver/share/common-lisp/ros/kortex_driver/msg/UARTDeviceIdentification.lisp, /root/ros_ws/devel/share/common-lisp/ros/kortex_driver/msg/UARTDeviceIdentification.lisp)
Linked: (/root/ros_ws/devel/.private/kortex_driver/share/common-lisp/ros/kortex_driver/msg/_package_ShapeType.lisp, /root/ros_ws/devel/share/common-lisp/ros/kortex_driver/msg/_package_ShapeType.lisp)
Linked: (/root/ros_ws/devel/.private/kortex_driver/share/common-lisp/ros/kortex_driver/msg/Orientation.lisp, /root/ros_ws/devel/share/common-lisp/ros/kortex_driver/msg/Orientation.lisp)
Linked: (/root/ros_ws/devel/.private/kortex_driver/share/common-lisp/ros/kortex_driver/msg/_package_DeviceManager_ServiceVersion.lisp, /root/ros_ws/devel/share/common-lisp/ros/kortex_driver/msg/_package_DeviceManager_ServiceVersion.lisp)
Linked: (/root/ros_ws/devel/.private/kortex_driver/share/common-lisp/ros/kortex_driver/msg/InterconnectConfig_SafetyIdentifier.lisp, /root/ros_ws/devel/share/common-lisp/ros/kortex_driver/msg/InterconnectConfig_SafetyIdentifier.lisp)
Linked: (/root/ros_ws/devel/.private/kortex_driver/share/common-lisp/ros/kortex_driver/msg/Timestamp.lisp, /root/ros_ws/devel/share/common-lisp/ros/kortex_driver/msg/Timestamp.lisp)
Linked: (/root/ros_ws/devel/.private/kortex_driver/share/common-lisp/ros/kortex_driver/msg/BridgeType.lisp, /root/ros_ws/devel/share/common-lisp/ros/kortex_driver/msg/BridgeType.lisp)
Linked: (/root/ros_ws/devel/.private/kortex_driver/share/common-lisp/ros/kortex_driver/msg/SwitchControlMapping.lisp, /root/ros_ws/devel/share/common-lisp/ros/kortex_driver/msg/SwitchControlMapping.lisp)
Linked: (/root/ros_ws/devel/.private/kortex_driver/share/common-lisp/ros/kortex_driver/msg/ControllerElementEventType.lisp, /root/ros_ws/devel/share/common-lisp/ros/kortex_driver/msg/ControllerElementEventType.lisp)
Linked: (/root/ros_ws/devel/.private/kortex_driver/share/common-lisp/ros/kortex_driver/msg/DeviceConfig_CapSenseConfig.lisp, /root/ros_ws/devel/share/common-lisp/ros/kortex_driver/msg/DeviceConfig_CapSenseConfig.lisp)
Linked: (/root/ros_ws/devel/.private/kortex_driver/share/common-lisp/ros/kortex_driver/msg/_package_AngularTwist.lisp, /root/ros_ws/devel/share/common-lisp/ros/kortex_driver/msg/_package_AngularTwist.lisp)
Linked: (/root/ros_ws/devel/.private/kortex_driver/share/common-lisp/ros/kortex_driver/msg/TwistLimitation.lisp, /root/ros_ws/devel/share/common-lisp/ros/kortex_driver/msg/TwistLimitation.lisp)
Linked: (/root/ros_ws/devel/.private/kortex_driver/share/common-lisp/ros/kortex_driver/msg/FollowCartesianTrajectoryResult.lisp, /root/ros_ws/devel/share/common-lisp/ros/kortex_driver/msg/FollowCartesianTrajectoryResult.lisp)
Linked: (/root/ros_ws/devel/.private/kortex_driver/share/common-lisp/ros/kortex_driver/msg/JointAngle.lisp, /root/ros_ws/devel/share/common-lisp/ros/kortex_driver/msg/JointAngle.lisp)
Linked: (/root/ros_ws/devel/.private/kortex_driver/share/common-lisp/ros/kortex_driver/msg/I2CMode.lisp, /root/ros_ws/devel/share/common-lisp/ros/kortex_driver/msg/I2CMode.lisp)
Linked: (/root/ros_ws/devel/.private/kortex_driver/share/common-lisp/ros/kortex_driver/msg/InterconnectCyclic_MessageId.lisp, /root/ros_ws/devel/share/common-lisp/ros/kortex_driver/msg/InterconnectCyclic_MessageId.lisp)
Linked: (/root/ros_ws/devel/.private/kortex_driver/share/common-lisp/ros/kortex_driver/msg/ArmStateInformation.lisp, /root/ros_ws/devel/share/common-lisp/ros/kortex_driver/msg/ArmStateInformation.lisp)
Linked: (/root/ros_ws/devel/.private/kortex_driver/share/common-lisp/ros/kortex_driver/msg/UserNotificationList.lisp, /root/ros_ws/devel/share/common-lisp/ros/kortex_driver/msg/UserNotificationList.lisp)
Linked: (/root/ros_ws/devel/.private/kortex_driver/share/common-lisp/ros/kortex_driver/msg/CalibrationResult.lisp, /root/ros_ws/devel/share/common-lisp/ros/kortex_driver/msg/CalibrationResult.lisp)
Linked: (/root/ros_ws/devel/.private/kortex_driver/share/common-lisp/ros/kortex_driver/msg/GpioEvent.lisp, /root/ros_ws/devel/share/common-lisp/ros/kortex_driver/msg/GpioEvent.lisp)
Linked: (/root/ros_ws/devel/.private/kortex_driver/share/common-lisp/ros/kortex_driver/msg/_package_ActionExecutionState.lisp, /root/ros_ws/devel/share/common-lisp/ros/kortex_driver/msg/_package_ActionExecutionState.lisp)
Linked: (/root/ros_ws/devel/.private/kortex_driver/share/common-lisp/ros/kortex_driver/msg/_package_WristType.lisp, /root/ros_ws/devel/share/common-lisp/ros/kortex_driver/msg/_package_WristType.lisp)
Linked: (/root/ros_ws/devel/.private/kortex_driver/share/common-lisp/ros/kortex_driver/msg/_package_ConstrainedOrientation.lisp, /root/ros_ws/devel/share/common-lisp/ros/kortex_driver/msg/_package_ConstrainedOrientation.lisp)
Linked: (/root/ros_ws/devel/.private/kortex_driver/share/common-lisp/ros/kortex_driver/msg/_package_FocusAction.lisp, /root/ros_ws/devel/share/common-lisp/ros/kortex_driver/msg/_package_FocusAction.lisp)
Linked: (/root/ros_ws/devel/.private/kortex_driver/share/common-lisp/ros/kortex_driver/msg/BridgeStatus.lisp, /root/ros_ws/devel/share/common-lisp/ros/kortex_driver/msg/BridgeStatus.lisp)
Linked: (/root/ros_ws/devel/.private/kortex_driver/share/common-lisp/ros/kortex_driver/msg/FollowCartesianTrajectoryGoal.lisp, /root/ros_ws/devel/share/common-lisp/ros/kortex_driver/msg/FollowCartesianTrajectoryGoal.lisp)
Linked: (/root/ros_ws/devel/.private/kortex_driver/share/common-lisp/ros/kortex_driver/msg/_package_GpioConfigurationList.lisp, /root/ros_ws/devel/share/common-lisp/ros/kortex_driver/msg/_package_GpioConfigurationList.lisp)
Linked: (/root/ros_ws/devel/.private/kortex_driver/share/common-lisp/ros/kortex_driver/msg/_package_InterconnectCyclic_ServiceVersion.lisp, /root/ros_ws/devel/share/common-lisp/ros/kortex_driver/msg/_package_InterconnectCyclic_ServiceVersion.lisp)
Linked: (/root/ros_ws/devel/.private/kortex_driver/share/common-lisp/ros/kortex_driver/msg/_package_PayloadInformation.lisp, /root/ros_ws/devel/share/common-lisp/ros/kortex_driver/msg/_package_PayloadInformation.lisp)
Linked: (/root/ros_ws/devel/.private/kortex_driver/share/common-lisp/ros/kortex_driver/msg/CartesianLimitation.lisp, /root/ros_ws/devel/share/common-lisp/ros/kortex_driver/msg/CartesianLimitation.lisp)
Linked: (/root/ros_ws/devel/.private/kortex_driver/share/common-lisp/ros/kortex_driver/msg/_package_SequenceHandle.lisp, /root/ros_ws/devel/share/common-lisp/ros/kortex_driver/msg/_package_SequenceHandle.lisp)
Linked: (/root/ros_ws/devel/.private/kortex_driver/share/common-lisp/ros/kortex_driver/msg/_package_CartesianLimitation.lisp, /root/ros_ws/devel/share/common-lisp/ros/kortex_driver/msg/_package_CartesianLimitation.lisp)
Linked: (/root/ros_ws/devel/.private/kortex_driver/share/common-lisp/ros/kortex_driver/msg/_package_NavigationDirection.lisp, /root/ros_ws/devel/share/common-lisp/ros/kortex_driver/msg/_package_NavigationDirection.lisp)
Linked: (/root/ros_ws/devel/.private/kortex_driver/share/common-lisp/ros/kortex_driver/msg/NetworkNotification.lisp, /root/ros_ws/devel/share/common-lisp/ros/kortex_driver/msg/NetworkNotification.lisp)
Linked: (/root/ros_ws/devel/.private/kortex_driver/share/common-lisp/ros/kortex_driver/msg/_package_ActionNotificationList.lisp, /root/ros_ws/devel/share/common-lisp/ros/kortex_driver/msg/_package_ActionNotificationList.lisp)
Linked: (/root/ros_ws/devel/.private/kortex_driver/share/common-lisp/ros/kortex_driver/msg/_package_Waypoint.lisp, /root/ros_ws/devel/share/common-lisp/ros/kortex_driver/msg/_package_Waypoint.lisp)
Linked: (/root/ros_ws/devel/.private/kortex_driver/share/common-lisp/ros/kortex_driver/msg/_package_TwistLinearSoftLimit.lisp, /root/ros_ws/devel/share/common-lisp/ros/kortex_driver/msg/_package_TwistLinearSoftLimit.lisp)
Linked: (/root/ros_ws/devel/.private/kortex_driver/share/common-lisp/ros/kortex_driver/msg/_package_OptionIdentifier.lisp, /root/ros_ws/devel/share/common-lisp/ros/kortex_driver/msg/_package_OptionIdentifier.lisp)
Linked: (/root/ros_ws/devel/.private/kortex_driver/share/common-lisp/ros/kortex_driver/msg/Faults.lisp, /root/ros_ws/devel/share/common-lisp/ros/kortex_driver/msg/Faults.lisp)
Linked: (/root/ros_ws/devel/.private/kortex_driver/share/common-lisp/ros/kortex_driver/msg/_package_Base_JointSpeeds.lisp, /root/ros_ws/devel/share/common-lisp/ros/kortex_driver/msg/_package_Base_JointSpeeds.lisp)
Linked: (/root/ros_ws/devel/.private/kortex_driver/share/common-lisp/ros/kortex_driver/msg/GripperRequest.lisp, /root/ros_ws/devel/share/common-lisp/ros/kortex_driver/msg/GripperRequest.lisp)
Linked: (/root/ros_ws/devel/.private/kortex_driver/share/common-lisp/ros/kortex_driver/msg/_package_GPIOIdentifier.lisp, /root/ros_ws/devel/share/common-lisp/ros/kortex_driver/msg/_package_GPIOIdentifier.lisp)
Linked: (/root/ros_ws/devel/.private/kortex_driver/share/common-lisp/ros/kortex_driver/msg/ModelNumber.lisp, /root/ros_ws/devel/share/common-lisp/ros/kortex_driver/msg/ModelNumber.lisp)
Linked: (/root/ros_ws/devel/.private/kortex_driver/share/common-lisp/ros/kortex_driver/msg/AxisPosition.lisp, /root/ros_ws/devel/share/common-lisp/ros/kortex_driver/msg/AxisPosition.lisp)
Linked: (/root/ros_ws/devel/.private/kortex_driver/share/common-lisp/ros/kortex_driver/msg/MACAddress.lisp, /root/ros_ws/devel/share/common-lisp/ros/kortex_driver/msg/MACAddress.lisp)
Linked: (/root/ros_ws/devel/.private/kortex_driver/share/common-lisp/ros/kortex_driver/msg/SequenceTask.lisp, /root/ros_ws/devel/share/common-lisp/ros/kortex_driver/msg/SequenceTask.lisp)
Linked: (/root/ros_ws/devel/.private/kortex_driver/share/common-lisp/ros/kortex_driver/msg/_package_I2CReadParameter.lisp, /root/ros_ws/devel/share/common-lisp/ros/kortex_driver/msg/_package_I2CReadParameter.lisp)
Linked: (/root/ros_ws/devel/.private/kortex_driver/share/common-lisp/ros/kortex_driver/msg/InterconnectCyclic_Feedback.lisp, /root/ros_ws/devel/share/common-lisp/ros/kortex_driver/msg/InterconnectCyclic_Feedback.lisp)
Linked: (/root/ros_ws/devel/.private/kortex_driver/share/common-lisp/ros/kortex_driver/msg/_package_SignalQuality.lisp, /root/ros_ws/devel/share/common-lisp/ros/kortex_driver/msg/_package_SignalQuality.lisp)
Linked: (/root/ros_ws/devel/.private/kortex_driver/share/common-lisp/ros/kortex_driver/msg/_package_Query.lisp, /root/ros_ws/devel/share/common-lisp/ros/kortex_driver/msg/_package_Query.lisp)
Linked: (/root/ros_ws/devel/.private/kortex_driver/share/common-lisp/ros/kortex_driver/msg/_package_UARTPortId.lisp, /root/ros_ws/devel/share/common-lisp/ros/kortex_driver/msg/_package_UARTPortId.lisp)
Linked: (/root/ros_ws/devel/.private/kortex_driver/share/common-lisp/ros/kortex_driver/msg/_package_FactoryNotification.lisp, /root/ros_ws/devel/share/common-lisp/ros/kortex_driver/msg/_package_FactoryNotification.lisp)
Linked: (/root/ros_ws/devel/.private/kortex_driver/share/common-lisp/ros/kortex_driver/msg/NotificationType.lisp, /root/ros_ws/devel/share/common-lisp/ros/kortex_driver/msg/NotificationType.lisp)
Linked: (/root/ros_ws/devel/.private/kortex_driver/share/common-lisp/ros/kortex_driver/msg/_package_PasswordChange.lisp, /root/ros_ws/devel/share/common-lisp/ros/kortex_driver/msg/_package_PasswordChange.lisp)
Linked: (/root/ros_ws/devel/.private/kortex_driver/share/common-lisp/ros/kortex_driver/msg/Option.lisp, /root/ros_ws/devel/share/common-lisp/ros/kortex_driver/msg/Option.lisp)
Linked: (/root/ros_ws/devel/.private/kortex_driver/share/common-lisp/ros/kortex_driver/msg/ControlLoopSelection.lisp, /root/ros_ws/devel/share/common-lisp/ros/kortex_driver/msg/ControlLoopSelection.lisp)
Linked: (/root/ros_ws/devel/.private/kortex_driver/share/common-lisp/ros/kortex_driver/msg/_package_SequenceTasksConfiguration.lisp, /root/ros_ws/devel/share/common-lisp/ros/kortex_driver/msg/_package_SequenceTasksConfiguration.lisp)
Linked: (/root/ros_ws/devel/.private/kortex_driver/share/common-lisp/ros/kortex_driver/msg/_package_UserProfileList.lisp, /root/ros_ws/devel/share/common-lisp/ros/kortex_driver/msg/_package_UserProfileList.lisp)
Linked: (/root/ros_ws/devel/.private/kortex_driver/share/common-lisp/ros/kortex_driver/msg/_package_SafetyHandle.lisp, /root/ros_ws/devel/share/common-lisp/ros/kortex_driver/msg/_package_SafetyHandle.lisp)
Linked: (/root/ros_ws/devel/.private/kortex_driver/share/common-lisp/ros/kortex_driver/msg/_package_SequenceTaskConfiguration.lisp, /root/ros_ws/devel/share/common-lisp/ros/kortex_driver/msg/_package_SequenceTaskConfiguration.lisp)
Linked: (/root/ros_ws/devel/.private/kortex_driver/share/common-lisp/ros/kortex_driver/msg/_package_DesiredSpeeds.lisp, /root/ros_ws/devel/share/common-lisp/ros/kortex_driver/msg/_package_DesiredSpeeds.lisp)
Linked: (/root/ros_ws/devel/.private/kortex_driver/share/common-lisp/ros/kortex_driver/msg/ExtrinsicParameters.lisp, /root/ros_ws/devel/share/common-lisp/ros/kortex_driver/msg/ExtrinsicParameters.lisp)
Linked: (/root/ros_ws/devel/.private/kortex_driver/share/common-lisp/ros/kortex_driver/msg/_package_UARTWordLength.lisp, /root/ros_ws/devel/share/common-lisp/ros/kortex_driver/msg/_package_UARTWordLength.lisp)
Linked: (/root/ros_ws/devel/.private/kortex_driver/share/common-lisp/ros/kortex_driver/msg/ConfigurationNotificationEvent.lisp, /root/ros_ws/devel/share/common-lisp/ros/kortex_driver/msg/ConfigurationNotificationEvent.lisp)
Linked: (/root/ros_ws/devel/.private/kortex_driver/share/common-lisp/ros/kortex_driver/msg/_package_SensorFocusAction_action_parameters.lisp, /root/ros_ws/devel/share/common-lisp/ros/kortex_driver/msg/_package_SensorFocusAction_action_parameters.lisp)
Linked: (/root/ros_ws/devel/.private/kortex_driver/share/common-lisp/ros/kortex_driver/msg/Finger.lisp, /root/ros_ws/devel/share/common-lisp/ros/kortex_driver/msg/Finger.lisp)
Linked: (/root/ros_ws/devel/.private/kortex_driver/share/common-lisp/ros/kortex_driver/msg/I2CReadParameter.lisp, /root/ros_ws/devel/share/common-lisp/ros/kortex_driver/msg/I2CReadParameter.lisp)
Linked: (/root/ros_ws/devel/.private/kortex_driver/share/common-lisp/ros/kortex_driver/msg/DeviceType.lisp, /root/ros_ws/devel/share/common-lisp/ros/kortex_driver/msg/DeviceType.lisp)
Linked: (/root/ros_ws/devel/.private/kortex_driver/share/common-lisp/ros/kortex_driver/msg/TrajectoryErrorReport.lisp, /root/ros_ws/devel/share/common-lisp/ros/kortex_driver/msg/TrajectoryErrorReport.lisp)
Linked: (/root/ros_ws/devel/.private/kortex_driver/share/common-lisp/ros/kortex_driver/msg/_package_CoggingFeedforwardModeInformation.lisp, /root/ros_ws/devel/share/common-lisp/ros/kortex_driver/msg/_package_CoggingFeedforwardModeInformation.lisp)
Linked: (/root/ros_ws/devel/.private/kortex_driver/share/common-lisp/ros/kortex_driver/msg/WifiConfigurationList.lisp, /root/ros_ws/devel/share/common-lisp/ros/kortex_driver/msg/WifiConfigurationList.lisp)
Linked: (/root/ros_ws/devel/.private/kortex_driver/share/common-lisp/ros/kortex_driver/msg/WifiEncryptionType.lisp, /root/ros_ws/devel/share/common-lisp/ros/kortex_driver/msg/WifiEncryptionType.lisp)
Linked: (/root/ros_ws/devel/.private/kortex_driver/share/common-lisp/ros/kortex_driver/msg/_package_Base_Stop.lisp, /root/ros_ws/devel/share/common-lisp/ros/kortex_driver/msg/_package_Base_Stop.lisp)
Linked: (/root/ros_ws/devel/.private/kortex_driver/share/common-lisp/ros/kortex_driver/msg/DeviceConfig_SafetyLimitType.lisp, /root/ros_ws/devel/share/common-lisp/ros/kortex_driver/msg/DeviceConfig_SafetyLimitType.lisp)
Linked: (/root/ros_ws/devel/.private/kortex_driver/share/common-lisp/ros/kortex_driver/msg/_package_FollowCartesianTrajectoryActionFeedback.lisp, /root/ros_ws/devel/share/common-lisp/ros/kortex_driver/msg/_package_FollowCartesianTrajectoryActionFeedback.lisp)
Linked: (/root/ros_ws/devel/.private/kortex_driver/share/common-lisp/ros/kortex_driver/msg/_package_BaseCyclic_ServiceVersion.lisp, /root/ros_ws/devel/share/common-lisp/ros/kortex_driver/msg/_package_BaseCyclic_ServiceVersion.lisp)
Linked: (/root/ros_ws/devel/.private/kortex_driver/share/common-lisp/ros/kortex_driver/msg/_package_MapList.lisp, /root/ros_ws/devel/share/common-lisp/ros/kortex_driver/msg/_package_MapList.lisp)
Linked: (/root/ros_ws/devel/.private/kortex_driver/share/common-lisp/ros/kortex_driver/msg/_package_GripperCyclic_ServiceVersion.lisp, /root/ros_ws/devel/share/common-lisp/ros/kortex_driver/msg/_package_GripperCyclic_ServiceVersion.lisp)
Linked: (/root/ros_ws/devel/.private/kortex_driver/share/common-lisp/ros/kortex_driver/msg/MapElement.lisp, /root/ros_ws/devel/share/common-lisp/ros/kortex_driver/msg/MapElement.lisp)
Linked: (/root/ros_ws/devel/.private/kortex_driver/share/common-lisp/ros/kortex_driver/msg/I2CReadRegisterParameter.lisp, /root/ros_ws/devel/share/common-lisp/ros/kortex_driver/msg/I2CReadRegisterParameter.lisp)
Linked: (/root/ros_ws/devel/.private/kortex_driver/share/common-lisp/ros/kortex_driver/msg/_package_GpioPinPropertyFlags.lisp, /root/ros_ws/devel/share/common-lisp/ros/kortex_driver/msg/_package_GpioPinPropertyFlags.lisp)
Linked: (/root/ros_ws/devel/.private/kortex_driver/share/common-lisp/ros/kortex_driver/msg/SequenceTasks.lisp, /root/ros_ws/devel/share/common-lisp/ros/kortex_driver/msg/SequenceTasks.lisp)
Linked: (/root/ros_ws/devel/.private/kortex_driver/share/common-lisp/ros/kortex_driver/msg/GripperMode.lisp, /root/ros_ws/devel/share/common-lisp/ros/kortex_driver/msg/GripperMode.lisp)
Linked: (/root/ros_ws/devel/.private/kortex_driver/share/common-lisp/ros/kortex_driver/msg/_package_SequenceList.lisp, /root/ros_ws/devel/share/common-lisp/ros/kortex_driver/msg/_package_SequenceList.lisp)
Linked: (/root/ros_ws/devel/.private/kortex_driver/share/common-lisp/ros/kortex_driver/msg/ControlConfig_ControlMode.lisp, /root/ros_ws/devel/share/common-lisp/ros/kortex_driver/msg/ControlConfig_ControlMode.lisp)
Linked: (/root/ros_ws/devel/.private/kortex_driver/share/common-lisp/ros/kortex_driver/msg/SafetyNotification.lisp, /root/ros_ws/devel/share/common-lisp/ros/kortex_driver/msg/SafetyNotification.lisp)
Linked: (/root/ros_ws/devel/.private/kortex_driver/share/common-lisp/ros/kortex_driver/msg/_package_SafetyStatus.lisp, /root/ros_ws/devel/share/common-lisp/ros/kortex_driver/msg/_package_SafetyStatus.lisp)
Linked: (/root/ros_ws/devel/.private/kortex_driver/share/common-lisp/ros/kortex_driver/msg/ControllerEvent.lisp, /root/ros_ws/devel/share/common-lisp/ros/kortex_driver/msg/ControllerEvent.lisp)
Linked: (/root/ros_ws/devel/.private/kortex_driver/share/common-lisp/ros/kortex_driver/msg/_package_ControlConfig_ControlModeInformation.lisp, /root/ros_ws/devel/share/common-lisp/ros/kortex_driver/msg/_package_ControlConfig_ControlModeInformation.lisp)
Linked: (/root/ros_ws/devel/.private/kortex_driver/share/common-lisp/ros/kortex_driver/msg/_package_ModelId.lisp, /root/ros_ws/devel/share/common-lisp/ros/kortex_driver/msg/_package_ModelId.lisp)
Linked: (/root/ros_ws/devel/.private/kortex_driver/share/common-lisp/ros/kortex_driver/msg/PreComputedJointTrajectoryElement.lisp, /root/ros_ws/devel/share/common-lisp/ros/kortex_driver/msg/PreComputedJointTrajectoryElement.lisp)
Linked: (/root/ros_ws/devel/.private/kortex_driver/share/common-lisp/ros/kortex_driver/msg/_package_ActuatorCyclic_MessageId.lisp, /root/ros_ws/devel/share/common-lisp/ros/kortex_driver/msg/_package_ActuatorCyclic_MessageId.lisp)
Linked: (/root/ros_ws/devel/.private/kortex_driver/share/common-lisp/ros/kortex_driver/msg/ZoneShape.lisp, /root/ros_ws/devel/share/common-lisp/ros/kortex_driver/msg/ZoneShape.lisp)
Linked: (/root/ros_ws/devel/.private/kortex_driver/share/common-lisp/ros/kortex_driver/msg/CartesianTrajectoryConstraint.lisp, /root/ros_ws/devel/share/common-lisp/ros/kortex_driver/msg/CartesianTrajectoryConstraint.lisp)
Linked: (/root/ros_ws/devel/.private/kortex_driver/share/common-lisp/ros/kortex_driver/msg/UARTWordLength.lisp, /root/ros_ws/devel/share/common-lisp/ros/kortex_driver/msg/UARTWordLength.lisp)
Linked: (/root/ros_ws/devel/.private/kortex_driver/share/common-lisp/ros/kortex_driver/msg/RebootRqst.lisp, /root/ros_ws/devel/share/common-lisp/ros/kortex_driver/msg/RebootRqst.lisp)
Linked: (/root/ros_ws/devel/.private/kortex_driver/share/common-lisp/ros/kortex_driver/msg/LedState.lisp, /root/ros_ws/devel/share/common-lisp/ros/kortex_driver/msg/LedState.lisp)
Linked: (/root/ros_ws/devel/.private/kortex_driver/share/common-lisp/ros/kortex_driver/msg/EndEffectorType.lisp, /root/ros_ws/devel/share/common-lisp/ros/kortex_driver/msg/EndEffectorType.lisp)
Linked: (/root/ros_ws/devel/.private/kortex_driver/share/common-lisp/ros/kortex_driver/msg/SystemTime.lisp, /root/ros_ws/devel/share/common-lisp/ros/kortex_driver/msg/SystemTime.lisp)
Linked: (/root/ros_ws/devel/.private/kortex_driver/share/common-lisp/ros/kortex_driver/msg/ControlConfig_JointSpeeds.lisp, /root/ros_ws/devel/share/common-lisp/ros/kortex_driver/msg/ControlConfig_JointSpeeds.lisp)
Linked: (/root/ros_ws/devel/.private/kortex_driver/share/common-lisp/ros/kortex_driver/msg/_package_InterconnectCyclic_Command_tool_command.lisp, /root/ros_ws/devel/share/common-lisp/ros/kortex_driver/msg/_package_InterconnectCyclic_Command_tool_command.lisp)
Linked: (/root/ros_ws/devel/.private/kortex_driver/share/common-lisp/ros/kortex_driver/msg/_package_EventIdSequenceInfoNotification.lisp, /root/ros_ws/devel/share/common-lisp/ros/kortex_driver/msg/_package_EventIdSequenceInfoNotification.lisp)
Linked: (/root/ros_ws/devel/.private/kortex_driver/share/common-lisp/ros/kortex_driver/msg/Action.lisp, /root/ros_ws/devel/share/common-lisp/ros/kortex_driver/msg/Action.lisp)
Linked: (/root/ros_ws/devel/.private/kortex_driver/share/common-lisp/ros/kortex_driver/msg/FirmwareVersion.lisp, /root/ros_ws/devel/share/common-lisp/ros/kortex_driver/msg/FirmwareVersion.lisp)
Linked: (/root/ros_ws/devel/.private/kortex_driver/share/common-lisp/ros/kortex_driver/msg/_package_ActuatorCyclic_ServiceVersion.lisp, /root/ros_ws/devel/share/common-lisp/ros/kortex_driver/msg/_package_ActuatorCyclic_ServiceVersion.lisp)
Linked: (/root/ros_ws/devel/.private/kortex_driver/share/common-lisp/ros/kortex_driver/msg/ControllerConfiguration.lisp, /root/ros_ws/devel/share/common-lisp/ros/kortex_driver/msg/ControllerConfiguration.lisp)
Linked: (/root/ros_ws/devel/.private/kortex_driver/share/common-lisp/ros/kortex_driver/msg/_package_UserNotification.lisp, /root/ros_ws/devel/share/common-lisp/ros/kortex_driver/msg/_package_UserNotification.lisp)
Linked: (/root/ros_ws/devel/.private/kortex_driver/share/common-lisp/ros/kortex_driver/msg/_package_VisionNotification.lisp, /root/ros_ws/devel/share/common-lisp/ros/kortex_driver/msg/_package_VisionNotification.lisp)
Linked: (/root/ros_ws/devel/.private/kortex_driver/share/common-lisp/ros/kortex_driver/msg/Servoing.lisp, /root/ros_ws/devel/share/common-lisp/ros/kortex_driver/msg/Servoing.lisp)
Linked: (/root/ros_ws/devel/.private/kortex_driver/share/common-lisp/ros/kortex_driver/msg/_package_SequenceInfoNotificationList.lisp, /root/ros_ws/devel/share/common-lisp/ros/kortex_driver/msg/_package_SequenceInfoNotificationList.lisp)
Linked: (/root/ros_ws/devel/.private/kortex_driver/share/common-lisp/ros/kortex_driver/msg/Pose.lisp, /root/ros_ws/devel/share/common-lisp/ros/kortex_driver/msg/Pose.lisp)
Linked: (/root/ros_ws/devel/.private/kortex_driver/share/common-lisp/ros/kortex_driver/msg/_package_NotificationOptions.lisp, /root/ros_ws/devel/share/common-lisp/ros/kortex_driver/msg/_package_NotificationOptions.lisp)
Linked: (/root/ros_ws/devel/.private/kortex_driver/share/common-lisp/ros/kortex_driver/msg/_package_TwistLimitation.lisp, /root/ros_ws/devel/share/common-lisp/ros/kortex_driver/msg/_package_TwistLimitation.lisp)
Linked: (/root/ros_ws/devel/.private/kortex_driver/share/common-lisp/ros/kortex_driver/msg/Base_CapSenseMode.lisp, /root/ros_ws/devel/share/common-lisp/ros/kortex_driver/msg/Base_CapSenseMode.lisp)
Linked: (/root/ros_ws/devel/.private/kortex_driver/share/common-lisp/ros/kortex_driver/msg/_package_ControlConfigurationNotification.lisp, /root/ros_ws/devel/share/common-lisp/ros/kortex_driver/msg/_package_ControlConfigurationNotification.lisp)
Linked: (/root/ros_ws/devel/.private/kortex_driver/share/common-lisp/ros/kortex_driver/msg/UserProfileHandle.lisp, /root/ros_ws/devel/share/common-lisp/ros/kortex_driver/msg/UserProfileHandle.lisp)
Linked: (/root/ros_ws/devel/.private/kortex_driver/share/common-lisp/ros/kortex_driver/msg/OperatingModeNotification.lisp, /root/ros_ws/devel/share/common-lisp/ros/kortex_driver/msg/OperatingModeNotification.lisp)
Linked: (/root/ros_ws/devel/.private/kortex_driver/share/common-lisp/ros/kortex_driver/msg/_package_GripperCyclic_MessageId.lisp, /root/ros_ws/devel/share/common-lisp/ros/kortex_driver/msg/_package_GripperCyclic_MessageId.lisp)
Linked: (/root/ros_ws/devel/.private/kortex_driver/share/common-lisp/ros/kortex_driver/msg/_package_OperatingModeInformation.lisp, /root/ros_ws/devel/share/common-lisp/ros/kortex_driver/msg/_package_OperatingModeInformation.lisp)
Linked: (/root/ros_ws/devel/.private/kortex_driver/share/common-lisp/ros/kortex_driver/msg/_package_EncoderDerivativeParameters.lisp, /root/ros_ws/devel/share/common-lisp/ros/kortex_driver/msg/_package_EncoderDerivativeParameters.lisp)
Linked: (/root/ros_ws/devel/.private/kortex_driver/share/common-lisp/ros/kortex_driver/msg/_package_Snapshot.lisp, /root/ros_ws/devel/share/common-lisp/ros/kortex_driver/msg/_package_Snapshot.lisp)
Linked: (/root/ros_ws/devel/.private/kortex_driver/share/common-lisp/ros/kortex_driver/msg/_package_ControlConfig_Position.lisp, /root/ros_ws/devel/share/common-lisp/ros/kortex_driver/msg/_package_ControlConfig_Position.lisp)
Linked: (/root/ros_ws/devel/.private/kortex_driver/share/common-lisp/ros/kortex_driver/msg/_package_VisionEvent.lisp, /root/ros_ws/devel/share/common-lisp/ros/kortex_driver/msg/_package_VisionEvent.lisp)
Linked: (/root/ros_ws/devel/.private/kortex_driver/share/common-lisp/ros/kortex_driver/msg/TwistAngularSoftLimit.lisp, /root/ros_ws/devel/share/common-lisp/ros/kortex_driver/msg/TwistAngularSoftLimit.lisp)
Linked: (/root/ros_ws/devel/.private/kortex_driver/share/common-lisp/ros/kortex_driver/msg/_package_MotorFeedback.lisp, /root/ros_ws/devel/share/common-lisp/ros/kortex_driver/msg/_package_MotorFeedback.lisp)
Linked: (/root/ros_ws/devel/.private/kortex_driver/share/common-lisp/ros/kortex_driver/msg/GPIOPull.lisp, /root/ros_ws/devel/share/common-lisp/ros/kortex_driver/msg/GPIOPull.lisp)
Linked: (/root/ros_ws/devel/.private/kortex_driver/share/common-lisp/ros/kortex_driver/msg/_package_GPIOMode.lisp, /root/ros_ws/devel/share/common-lisp/ros/kortex_driver/msg/_package_GPIOMode.lisp)
Linked: (/root/ros_ws/devel/.private/kortex_driver/share/common-lisp/ros/kortex_driver/msg/_package_BridgeType.lisp, /root/ros_ws/devel/share/common-lisp/ros/kortex_driver/msg/_package_BridgeType.lisp)
Linked: (/root/ros_ws/devel/.private/kortex_driver/share/common-lisp/ros/kortex_driver/msg/_package_ControllerState.lisp, /root/ros_ws/devel/share/common-lisp/ros/kortex_driver/msg/_package_ControllerState.lisp)
Linked: (/root/ros_ws/devel/.private/kortex_driver/share/common-lisp/ros/kortex_driver/msg/_package_FollowCartesianTrajectoryAction.lisp, /root/ros_ws/devel/share/common-lisp/ros/kortex_driver/msg/_package_FollowCartesianTrajectoryAction.lisp)
Linked: (/root/ros_ws/devel/.private/kortex_driver/share/common-lisp/ros/kortex_driver/msg/ArmState.lisp, /root/ros_ws/devel/share/common-lisp/ros/kortex_driver/msg/ArmState.lisp)
Linked: (/root/ros_ws/devel/.private/kortex_driver/share/common-lisp/ros/kortex_driver/msg/_package_ToolConfiguration.lisp, /root/ros_ws/devel/share/common-lisp/ros/kortex_driver/msg/_package_ToolConfiguration.lisp)
Linked: (/root/ros_ws/devel/.private/kortex_driver/share/common-lisp/ros/kortex_driver/msg/_package_GripperCyclic_CustomData.lisp, /root/ros_ws/devel/share/common-lisp/ros/kortex_driver/msg/_package_GripperCyclic_CustomData.lisp)
Linked: (/root/ros_ws/devel/.private/kortex_driver/share/common-lisp/ros/kortex_driver/msg/MapEvent.lisp, /root/ros_ws/devel/share/common-lisp/ros/kortex_driver/msg/MapEvent.lisp)
Linked: (/root/ros_ws/devel/.private/kortex_driver/share/common-lisp/ros/kortex_driver/msg/_package_ManualFocus.lisp, /root/ros_ws/devel/share/common-lisp/ros/kortex_driver/msg/_package_ManualFocus.lisp)
Linked: (/root/ros_ws/devel/.private/kortex_driver/share/common-lisp/ros/kortex_driver/msg/ControllerElementHandle_identifier.lisp, /root/ros_ws/devel/share/common-lisp/ros/kortex_driver/msg/ControllerElementHandle_identifier.lisp)
Linked: (/root/ros_ws/devel/.private/kortex_driver/share/common-lisp/ros/kortex_driver/msg/ConstrainedPose.lisp, /root/ros_ws/devel/share/common-lisp/ros/kortex_driver/msg/ConstrainedPose.lisp)
Linked: (/root/ros_ws/devel/.private/kortex_driver/share/common-lisp/ros/kortex_driver/msg/_package_ControlLoop.lisp, /root/ros_ws/devel/share/common-lisp/ros/kortex_driver/msg/_package_ControlLoop.lisp)
Linked: (/root/ros_ws/devel/.private/kortex_driver/share/common-lisp/ros/kortex_driver/msg/_package_CoggingFeedforwardMode.lisp, /root/ros_ws/devel/share/common-lisp/ros/kortex_driver/msg/_package_CoggingFeedforwardMode.lisp)
Linked: (/root/ros_ws/devel/.private/kortex_driver/share/common-lisp/ros/kortex_driver/msg/SequenceInformation.lisp, /root/ros_ws/devel/share/common-lisp/ros/kortex_driver/msg/SequenceInformation.lisp)
Linked: (/root/ros_ws/devel/.private/kortex_driver/share/common-lisp/ros/kortex_driver/msg/ManualFocus.lisp, /root/ros_ws/devel/share/common-lisp/ros/kortex_driver/msg/ManualFocus.lisp)
Linked: (/root/ros_ws/devel/.private/kortex_driver/share/common-lisp/ros/kortex_driver/msg/_package_Base_ControlMode.lisp, /root/ros_ws/devel/share/common-lisp/ros/kortex_driver/msg/_package_Base_ControlMode.lisp)
Linked: (/root/ros_ws/devel/.private/kortex_driver/share/common-lisp/ros/kortex_driver/msg/GripperCyclic_CustomData.lisp, /root/ros_ws/devel/share/common-lisp/ros/kortex_driver/msg/GripperCyclic_CustomData.lisp)
Linked: (/root/ros_ws/devel/.private/kortex_driver/share/common-lisp/ros/kortex_driver/msg/SafetyInformationList.lisp, /root/ros_ws/devel/share/common-lisp/ros/kortex_driver/msg/SafetyInformationList.lisp)
Linked: (/root/ros_ws/devel/.private/kortex_driver/share/common-lisp/ros/kortex_driver/msg/_package_Base_ControlModeInformation.lisp, /root/ros_ws/devel/share/common-lisp/ros/kortex_driver/msg/_package_Base_ControlModeInformation.lisp)
Linked: (/root/ros_ws/devel/.private/kortex_driver/share/common-lisp/ros/kortex_driver/msg/SensorSettings.lisp, /root/ros_ws/devel/share/common-lisp/ros/kortex_driver/msg/SensorSettings.lisp)
Linked: (/root/ros_ws/devel/.private/kortex_driver/share/common-lisp/ros/kortex_driver/msg/CapSenseRegister.lisp, /root/ros_ws/devel/share/common-lisp/ros/kortex_driver/msg/CapSenseRegister.lisp)
Linked: (/root/ros_ws/devel/.private/kortex_driver/share/common-lisp/ros/kortex_driver/msg/_package_ControllerEvent.lisp, /root/ros_ws/devel/share/common-lisp/ros/kortex_driver/msg/_package_ControllerEvent.lisp)
Linked: (/root/ros_ws/devel/.private/kortex_driver/share/common-lisp/ros/kortex_driver/msg/_package_RobotEventNotificationList.lisp, /root/ros_ws/devel/share/common-lisp/ros/kortex_driver/msg/_package_RobotEventNotificationList.lisp)
Linked: (/root/ros_ws/devel/.private/kortex_driver/share/common-lisp/ros/kortex_driver/msg/kortex_driver-msg.asd, /root/ros_ws/devel/share/common-lisp/ros/kortex_driver/msg/kortex_driver-msg.asd)
Linked: (/root/ros_ws/devel/.private/kortex_driver/share/common-lisp/ros/kortex_driver/msg/ActuatorCyclic_CustomData.lisp, /root/ros_ws/devel/share/common-lisp/ros/kortex_driver/msg/ActuatorCyclic_CustomData.lisp)
Linked: (/root/ros_ws/devel/.private/kortex_driver/share/common-lisp/ros/kortex_driver/msg/BridgeConfig.lisp, /root/ros_ws/devel/share/common-lisp/ros/kortex_driver/msg/BridgeConfig.lisp)
Linked: (/root/ros_ws/devel/.private/kortex_driver/share/common-lisp/ros/kortex_driver/msg/Empty.lisp, /root/ros_ws/devel/share/common-lisp/ros/kortex_driver/msg/Empty.lisp)
Linked: (/root/ros_ws/devel/.private/kortex_driver/share/common-lisp/ros/kortex_driver/msg/_package_SwitchControlMapping.lisp, /root/ros_ws/devel/share/common-lisp/ros/kortex_driver/msg/_package_SwitchControlMapping.lisp)
Linked: (/root/ros_ws/devel/.private/kortex_driver/share/common-lisp/ros/kortex_driver/msg/ConstrainedJointAngles.lisp, /root/ros_ws/devel/share/common-lisp/ros/kortex_driver/msg/ConstrainedJointAngles.lisp)
Linked: (/root/ros_ws/devel/.private/kortex_driver/share/common-lisp/ros/kortex_driver/msg/FocusPoint.lisp, /root/ros_ws/devel/share/common-lisp/ros/kortex_driver/msg/FocusPoint.lisp)
Linked: (/root/ros_ws/devel/.private/kortex_driver/share/common-lisp/ros/kortex_driver/msg/_package_Delay.lisp, /root/ros_ws/devel/share/common-lisp/ros/kortex_driver/msg/_package_Delay.lisp)
Linked: (/root/ros_ws/devel/.private/kortex_driver/share/common-lisp/ros/kortex_driver/msg/UARTParity.lisp, /root/ros_ws/devel/share/common-lisp/ros/kortex_driver/msg/UARTParity.lisp)
Linked: (/root/ros_ws/devel/.private/kortex_driver/share/common-lisp/ros/kortex_driver/msg/_package_ControllerElementHandle.lisp, /root/ros_ws/devel/share/common-lisp/ros/kortex_driver/msg/_package_ControllerElementHandle.lisp)
Linked: (/root/ros_ws/devel/.private/kortex_driver/share/common-lisp/ros/kortex_driver/msg/_package_ActuatorInformation.lisp, /root/ros_ws/devel/share/common-lisp/ros/kortex_driver/msg/_package_ActuatorInformation.lisp)
Linked: (/root/ros_ws/devel/.private/kortex_driver/share/common-lisp/ros/kortex_driver/msg/_package_TwistCommand.lisp, /root/ros_ws/devel/share/common-lisp/ros/kortex_driver/msg/_package_TwistCommand.lisp)
Linked: (/root/ros_ws/devel/.private/kortex_driver/share/common-lisp/ros/kortex_driver/msg/ControlConfig_ControlModeInformation.lisp, /root/ros_ws/devel/share/common-lisp/ros/kortex_driver/msg/ControlConfig_ControlModeInformation.lisp)
Linked: (/root/ros_ws/devel/.private/kortex_driver/share/common-lisp/ros/kortex_driver/msg/_package_ProtectionZoneEvent.lisp, /root/ros_ws/devel/share/common-lisp/ros/kortex_driver/msg/_package_ProtectionZoneEvent.lisp)
Linked: (/root/ros_ws/devel/.private/kortex_driver/share/common-lisp/ros/kortex_driver/msg/_package_WaypointList.lisp, /root/ros_ws/devel/share/common-lisp/ros/kortex_driver/msg/_package_WaypointList.lisp)
Linked: (/root/ros_ws/devel/.private/kortex_driver/share/common-lisp/ros/kortex_driver/msg/ProtectionZoneHandle.lisp, /root/ros_ws/devel/share/common-lisp/ros/kortex_driver/msg/ProtectionZoneHandle.lisp)
Linked: (/root/ros_ws/devel/.private/kortex_driver/share/common-lisp/ros/kortex_driver/msg/TrajectoryErrorIdentifier.lisp, /root/ros_ws/devel/share/common-lisp/ros/kortex_driver/msg/TrajectoryErrorIdentifier.lisp)
Linked: (/root/ros_ws/devel/.private/kortex_driver/share/common-lisp/ros/kortex_driver/msg/_package_InterconnectCyclic_CustomData.lisp, /root/ros_ws/devel/share/common-lisp/ros/kortex_driver/msg/_package_InterconnectCyclic_CustomData.lisp)
Linked: (/root/ros_ws/devel/.private/kortex_driver/share/common-lisp/ros/kortex_driver/msg/_package_SafetyConfiguration.lisp, /root/ros_ws/devel/share/common-lisp/ros/kortex_driver/msg/_package_SafetyConfiguration.lisp)
Linked: (/root/ros_ws/devel/.private/kortex_driver/share/common-lisp/ros/kortex_driver/msg/GpioBehavior.lisp, /root/ros_ws/devel/share/common-lisp/ros/kortex_driver/msg/GpioBehavior.lisp)
Linked: (/root/ros_ws/devel/.private/kortex_driver/share/common-lisp/ros/kortex_driver/msg/_package_BackupEvent.lisp, /root/ros_ws/devel/share/common-lisp/ros/kortex_driver/msg/_package_BackupEvent.lisp)
Linked: (/root/ros_ws/devel/.private/kortex_driver/share/common-lisp/ros/kortex_driver/msg/I2CWriteRegisterParameter.lisp, /root/ros_ws/devel/share/common-lisp/ros/kortex_driver/msg/I2CWriteRegisterParameter.lisp)
Linked: (/root/ros_ws/devel/.private/kortex_driver/share/common-lisp/ros/kortex_driver/msg/_package_DeviceTypes.lisp, /root/ros_ws/devel/share/common-lisp/ros/kortex_driver/msg/_package_DeviceTypes.lisp)
Linked: (/root/ros_ws/devel/.private/kortex_driver/share/common-lisp/ros/kortex_driver/msg/WristType.lisp, /root/ros_ws/devel/share/common-lisp/ros/kortex_driver/msg/WristType.lisp)
Linked: (/root/ros_ws/devel/.private/kortex_driver/share/common-lisp/ros/kortex_driver/msg/ControlConfig_ServiceVersion.lisp, /root/ros_ws/devel/share/common-lisp/ros/kortex_driver/msg/ControlConfig_ServiceVersion.lisp)
Linked: (/root/ros_ws/devel/.private/kortex_driver/share/common-lisp/ros/kortex_driver/msg/_package_Xbox360AnalogInputIdentifier.lisp, /root/ros_ws/devel/share/common-lisp/ros/kortex_driver/msg/_package_Xbox360AnalogInputIdentifier.lisp)
Linked: (/root/ros_ws/devel/.private/kortex_driver/share/common-lisp/ros/kortex_driver/msg/ProtectionZoneList.lisp, /root/ros_ws/devel/share/common-lisp/ros/kortex_driver/msg/ProtectionZoneList.lisp)
Linked: (/root/ros_ws/devel/.private/kortex_driver/share/common-lisp/ros/kortex_driver/msg/EventIdSequenceInfoNotification.lisp, /root/ros_ws/devel/share/common-lisp/ros/kortex_driver/msg/EventIdSequenceInfoNotification.lisp)
Linked: (/root/ros_ws/devel/.private/kortex_driver/share/common-lisp/ros/kortex_driver/msg/_package_JointSpeedSoftLimits.lisp, /root/ros_ws/devel/share/common-lisp/ros/kortex_driver/msg/_package_JointSpeedSoftLimits.lisp)
Linked: (/root/ros_ws/devel/.private/kortex_driver/share/common-lisp/ros/kortex_driver/msg/_package_Point.lisp, /root/ros_ws/devel/share/common-lisp/ros/kortex_driver/msg/_package_Point.lisp)
Linked: (/root/ros_ws/devel/.private/kortex_driver/share/common-lisp/ros/kortex_driver/msg/_package_AdmittanceMode.lisp, /root/ros_ws/devel/share/common-lisp/ros/kortex_driver/msg/_package_AdmittanceMode.lisp)
Linked: (/root/ros_ws/devel/.private/kortex_driver/share/common-lisp/ros/kortex_driver/msg/_package_BridgeStatus.lisp, /root/ros_ws/devel/share/common-lisp/ros/kortex_driver/msg/_package_BridgeStatus.lisp)
Linked: (/root/ros_ws/devel/.private/kortex_driver/share/common-lisp/ros/kortex_driver/msg/_package_BridgeConfig.lisp, /root/ros_ws/devel/share/common-lisp/ros/kortex_driver/msg/_package_BridgeConfig.lisp)
Linked: (/root/ros_ws/devel/.private/kortex_driver/share/common-lisp/ros/kortex_driver/msg/SafetyIdentifierBankA.lisp, /root/ros_ws/devel/share/common-lisp/ros/kortex_driver/msg/SafetyIdentifierBankA.lisp)
Linked: (/root/ros_ws/devel/.private/kortex_driver/share/common-lisp/ros/kortex_driver/msg/NetworkHandle.lisp, /root/ros_ws/devel/share/common-lisp/ros/kortex_driver/msg/NetworkHandle.lisp)
Linked: (/root/ros_ws/devel/.private/kortex_driver/share/common-lisp/ros/kortex_driver/msg/_package_SequenceTasks.lisp, /root/ros_ws/devel/share/common-lisp/ros/kortex_driver/msg/_package_SequenceTasks.lisp)
Linked: (/root/ros_ws/devel/.private/kortex_driver/share/common-lisp/ros/kortex_driver/msg/_package_ActionType.lisp, /root/ros_ws/devel/share/common-lisp/ros/kortex_driver/msg/_package_ActionType.lisp)
Linked: (/root/ros_ws/devel/.private/kortex_driver/share/common-lisp/ros/kortex_driver/msg/InterfaceModuleType.lisp, /root/ros_ws/devel/share/common-lisp/ros/kortex_driver/msg/InterfaceModuleType.lisp)
Linked: (/root/ros_ws/devel/.private/kortex_driver/share/common-lisp/ros/kortex_driver/msg/_package_SafetyIdentifierBankA.lisp, /root/ros_ws/devel/share/common-lisp/ros/kortex_driver/msg/_package_SafetyIdentifierBankA.lisp)
Linked: (/root/ros_ws/devel/.private/kortex_driver/share/common-lisp/ros/kortex_driver/msg/_package_DeviceType.lisp, /root/ros_ws/devel/share/common-lisp/ros/kortex_driver/msg/_package_DeviceType.lisp)
Linked: (/root/ros_ws/devel/.private/kortex_driver/share/common-lisp/ros/kortex_driver/msg/ConfigurationChangeNotification.lisp, /root/ros_ws/devel/share/common-lisp/ros/kortex_driver/msg/ConfigurationChangeNotification.lisp)
Linked: (/root/ros_ws/devel/.private/kortex_driver/share/common-lisp/ros/kortex_driver/msg/_package_EthernetDuplex.lisp, /root/ros_ws/devel/share/common-lisp/ros/kortex_driver/msg/_package_EthernetDuplex.lisp)
Linked: (/root/ros_ws/devel/.private/kortex_driver/share/common-lisp/ros/kortex_driver/msg/_package_DeviceConfig_CapSenseMode.lisp, /root/ros_ws/devel/share/common-lisp/ros/kortex_driver/msg/_package_DeviceConfig_CapSenseMode.lisp)
Linked: (/root/ros_ws/devel/.private/kortex_driver/share/common-lisp/ros/kortex_driver/msg/_package_ControlModeNotificationList.lisp, /root/ros_ws/devel/share/common-lisp/ros/kortex_driver/msg/_package_ControlModeNotificationList.lisp)
Linked: (/root/ros_ws/devel/.private/kortex_driver/share/common-lisp/ros/kortex_driver/msg/_package_ActuatorConfig_ControlMode.lisp, /root/ros_ws/devel/share/common-lisp/ros/kortex_driver/msg/_package_ActuatorConfig_ControlMode.lisp)
Linked: (/root/ros_ws/devel/.private/kortex_driver/share/common-lisp/ros/kortex_driver/msg/ChangeJointSpeeds.lisp, /root/ros_ws/devel/share/common-lisp/ros/kortex_driver/msg/ChangeJointSpeeds.lisp)
Linked: (/root/ros_ws/devel/.private/kortex_driver/share/common-lisp/ros/kortex_driver/msg/_package_MappingHandle.lisp, /root/ros_ws/devel/share/common-lisp/ros/kortex_driver/msg/_package_MappingHandle.lisp)
Linked: (/root/ros_ws/devel/.private/kortex_driver/share/common-lisp/ros/kortex_driver/msg/BaseCyclic_Feedback.lisp, /root/ros_ws/devel/share/common-lisp/ros/kortex_driver/msg/BaseCyclic_Feedback.lisp)
Linked: (/root/ros_ws/devel/.private/kortex_driver/share/common-lisp/ros/kortex_driver/msg/ActuatorConfig_ControlMode.lisp, /root/ros_ws/devel/share/common-lisp/ros/kortex_driver/msg/ActuatorConfig_ControlMode.lisp)
Linked: (/root/ros_ws/devel/.private/kortex_driver/share/common-lisp/ros/kortex_driver/msg/BridgeList.lisp, /root/ros_ws/devel/share/common-lisp/ros/kortex_driver/msg/BridgeList.lisp)
Linked: (/root/ros_ws/devel/.private/kortex_driver/share/common-lisp/ros/kortex_driver/msg/_package_JointTorques.lisp, /root/ros_ws/devel/share/common-lisp/ros/kortex_driver/msg/_package_JointTorques.lisp)
Linked: (/root/ros_ws/devel/.private/kortex_driver/share/common-lisp/ros/kortex_driver/msg/_package_SnapshotType.lisp, /root/ros_ws/devel/share/common-lisp/ros/kortex_driver/msg/_package_SnapshotType.lisp)
Linked: (/root/ros_ws/devel/.private/kortex_driver/share/common-lisp/ros/kortex_driver/msg/AxisOffsets.lisp, /root/ros_ws/devel/share/common-lisp/ros/kortex_driver/msg/AxisOffsets.lisp)
Linked: (/root/ros_ws/devel/.private/kortex_driver/share/common-lisp/ros/kortex_driver/msg/ActuatorCyclic_ServiceVersion.lisp, /root/ros_ws/devel/share/common-lisp/ros/kortex_driver/msg/ActuatorCyclic_ServiceVersion.lisp)
Linked: (/root/ros_ws/devel/.private/kortex_driver/share/common-lisp/ros/kortex_driver/msg/OptionIdentifier.lisp, /root/ros_ws/devel/share/common-lisp/ros/kortex_driver/msg/OptionIdentifier.lisp)
Linked: (/root/ros_ws/devel/.private/kortex_driver/share/common-lisp/ros/kortex_driver/msg/_package_ServoingModeNotificationList.lisp, /root/ros_ws/devel/share/common-lisp/ros/kortex_driver/msg/_package_ServoingModeNotificationList.lisp)
Linked: (/root/ros_ws/devel/.private/kortex_driver/share/common-lisp/ros/kortex_driver/msg/Base_ControlModeNotification.lisp, /root/ros_ws/devel/share/common-lisp/ros/kortex_driver/msg/Base_ControlModeNotification.lisp)
Linked: (/root/ros_ws/devel/.private/kortex_driver/share/common-lisp/ros/kortex_driver/msg/KinematicTrajectoryConstraints.lisp, /root/ros_ws/devel/share/common-lisp/ros/kortex_driver/msg/KinematicTrajectoryConstraints.lisp)
Linked: (/root/ros_ws/devel/.private/kortex_driver/share/common-lisp/ros/kortex_driver/msg/_package_MappingInfoNotification.lisp, /root/ros_ws/devel/share/common-lisp/ros/kortex_driver/msg/_package_MappingInfoNotification.lisp)
Linked: (/root/ros_ws/devel/.private/kortex_driver/share/common-lisp/ros/kortex_driver/msg/_package_FirmwareVersion.lisp, /root/ros_ws/devel/share/common-lisp/ros/kortex_driver/msg/_package_FirmwareVersion.lisp)
Linked: (/root/ros_ws/devel/.private/kortex_driver/share/common-lisp/ros/kortex_driver/msg/_package_GripperMode.lisp, /root/ros_ws/devel/share/common-lisp/ros/kortex_driver/msg/_package_GripperMode.lisp)
Linked: (/root/ros_ws/devel/.private/kortex_driver/share/common-lisp/ros/kortex_driver/msg/_package_Timestamp.lisp, /root/ros_ws/devel/share/common-lisp/ros/kortex_driver/msg/_package_Timestamp.lisp)
Linked: (/root/ros_ws/devel/.private/kortex_driver/share/common-lisp/ros/kortex_driver/msg/_package_InterconnectCyclic_MessageId.lisp, /root/ros_ws/devel/share/common-lisp/ros/kortex_driver/msg/_package_InterconnectCyclic_MessageId.lisp)
Linked: (/root/ros_ws/devel/.private/kortex_driver/share/common-lisp/ros/kortex_driver/msg/ProtectionZoneNotification.lisp, /root/ros_ws/devel/share/common-lisp/ros/kortex_driver/msg/ProtectionZoneNotification.lisp)
Linked: (/root/ros_ws/devel/.private/kortex_driver/share/common-lisp/ros/kortex_driver/msg/KortexError.lisp, /root/ros_ws/devel/share/common-lisp/ros/kortex_driver/msg/KortexError.lisp)
Linked: (/root/ros_ws/devel/.private/kortex_driver/share/common-lisp/ros/kortex_driver/msg/_package_GPIOPull.lisp, /root/ros_ws/devel/share/common-lisp/ros/kortex_driver/msg/_package_GPIOPull.lisp)
Linked: (/root/ros_ws/devel/.private/kortex_driver/share/common-lisp/ros/kortex_driver/msg/GPIOMode.lisp, /root/ros_ws/devel/share/common-lisp/ros/kortex_driver/msg/GPIOMode.lisp)
Linked: (/root/ros_ws/devel/.private/kortex_driver/share/common-lisp/ros/kortex_driver/msg/_package_OptionInformation.lisp, /root/ros_ws/devel/share/common-lisp/ros/kortex_driver/msg/_package_OptionInformation.lisp)
Linked: (/root/ros_ws/devel/.private/kortex_driver/share/common-lisp/ros/kortex_driver/msg/_package_ControlConfig_ControlMode.lisp, /root/ros_ws/devel/share/common-lisp/ros/kortex_driver/msg/_package_ControlConfig_ControlMode.lisp)
Linked: (/root/ros_ws/devel/.private/kortex_driver/share/common-lisp/ros/kortex_driver/msg/ArmStateNotification.lisp, /root/ros_ws/devel/share/common-lisp/ros/kortex_driver/msg/ArmStateNotification.lisp)
Linked: (/root/ros_ws/devel/.private/kortex_driver/share/common-lisp/ros/kortex_driver/msg/_package_PartNumber.lisp, /root/ros_ws/devel/share/common-lisp/ros/kortex_driver/msg/_package_PartNumber.lisp)
Linked: (/root/ros_ws/devel/.private/kortex_driver/share/common-lisp/ros/kortex_driver/msg/ChangeTwist.lisp, /root/ros_ws/devel/share/common-lisp/ros/kortex_driver/msg/ChangeTwist.lisp)
Linked: (/root/ros_ws/devel/.private/kortex_driver/share/common-lisp/ros/kortex_driver/msg/_package_UARTParity.lisp, /root/ros_ws/devel/share/common-lisp/ros/kortex_driver/msg/_package_UARTParity.lisp)
Linked: (/root/ros_ws/devel/.private/kortex_driver/share/common-lisp/ros/kortex_driver/msg/_package_GravityVector.lisp, /root/ros_ws/devel/share/common-lisp/ros/kortex_driver/msg/_package_GravityVector.lisp)
Linked: (/root/ros_ws/devel/.private/kortex_driver/share/common-lisp/ros/kortex_driver/msg/VisionNotification.lisp, /root/ros_ws/devel/share/common-lisp/ros/kortex_driver/msg/VisionNotification.lisp)
Linked: (/root/ros_ws/devel/.private/kortex_driver/share/common-lisp/ros/kortex_driver/msg/WifiConfiguration.lisp, /root/ros_ws/devel/share/common-lisp/ros/kortex_driver/msg/WifiConfiguration.lisp)
Linked: (/root/ros_ws/devel/.private/kortex_driver/share/common-lisp/ros/kortex_driver/msg/InterconnectCyclic_ServiceVersion.lisp, /root/ros_ws/devel/share/common-lisp/ros/kortex_driver/msg/InterconnectCyclic_ServiceVersion.lisp)
Linked: (/root/ros_ws/devel/.private/kortex_driver/share/common-lisp/ros/kortex_driver/msg/_package_TrajectoryInfo.lisp, /root/ros_ws/devel/share/common-lisp/ros/kortex_driver/msg/_package_TrajectoryInfo.lisp)
Linked: (/root/ros_ws/devel/.private/kortex_driver/share/common-lisp/ros/kortex_driver/msg/CustomDataIndex.lisp, /root/ros_ws/devel/share/common-lisp/ros/kortex_driver/msg/CustomDataIndex.lisp)
Linked: (/root/ros_ws/devel/.private/kortex_driver/share/common-lisp/ros/kortex_driver/msg/JointTrajectoryConstraint.lisp, /root/ros_ws/devel/share/common-lisp/ros/kortex_driver/msg/JointTrajectoryConstraint.lisp)
Linked: (/root/ros_ws/devel/.private/kortex_driver/share/common-lisp/ros/kortex_driver/msg/MotorFeedback.lisp, /root/ros_ws/devel/share/common-lisp/ros/kortex_driver/msg/MotorFeedback.lisp)
Linked: (/root/ros_ws/devel/.private/kortex_driver/share/common-lisp/ros/kortex_driver/msg/SafetyHandle.lisp, /root/ros_ws/devel/share/common-lisp/ros/kortex_driver/msg/SafetyHandle.lisp)
Linked: (/root/ros_ws/devel/.private/kortex_driver/share/common-lisp/ros/kortex_driver/msg/Connection.lisp, /root/ros_ws/devel/share/common-lisp/ros/kortex_driver/msg/Connection.lisp)
Linked: (/root/ros_ws/devel/.private/kortex_driver/share/common-lisp/ros/kortex_driver/msg/EthernetConfiguration.lisp, /root/ros_ws/devel/share/common-lisp/ros/kortex_driver/msg/EthernetConfiguration.lisp)
Linked: (/root/ros_ws/devel/.private/kortex_driver/share/common-lisp/ros/kortex_driver/msg/_package_Timeout.lisp, /root/ros_ws/devel/share/common-lisp/ros/kortex_driver/msg/_package_Timeout.lisp)
Linked: (/root/ros_ws/devel/.private/kortex_driver/share/common-lisp/ros/kortex_driver/msg/_package_TwistAngularSoftLimit.lisp, /root/ros_ws/devel/share/common-lisp/ros/kortex_driver/msg/_package_TwistAngularSoftLimit.lisp)
Linked: (/root/ros_ws/devel/.private/kortex_driver/share/common-lisp/ros/kortex_driver/msg/_package_BridgeList.lisp, /root/ros_ws/devel/share/common-lisp/ros/kortex_driver/msg/_package_BridgeList.lisp)
Linked: (/root/ros_ws/devel/.private/kortex_driver/share/common-lisp/ros/kortex_driver/msg/UserEvent.lisp, /root/ros_ws/devel/share/common-lisp/ros/kortex_driver/msg/UserEvent.lisp)
Linked: (/root/ros_ws/devel/.private/kortex_driver/share/common-lisp/ros/kortex_driver/msg/Point.lisp, /root/ros_ws/devel/share/common-lisp/ros/kortex_driver/msg/Point.lisp)
Linked: (/root/ros_ws/devel/.private/kortex_driver/share/common-lisp/ros/kortex_driver/msg/_package_AngularWaypoint.lisp, /root/ros_ws/devel/share/common-lisp/ros/kortex_driver/msg/_package_AngularWaypoint.lisp)
Linked: (/root/ros_ws/devel/.private/kortex_driver/share/common-lisp/ros/kortex_driver/msg/Delay.lisp, /root/ros_ws/devel/share/common-lisp/ros/kortex_driver/msg/Delay.lisp)
Linked: (/root/ros_ws/devel/.private/kortex_driver/share/common-lisp/ros/kortex_driver/msg/_package_CalibrationParameter_value.lisp, /root/ros_ws/devel/share/common-lisp/ros/kortex_driver/msg/_package_CalibrationParameter_value.lisp)
Linked: (/root/ros_ws/devel/.private/kortex_driver/share/common-lisp/ros/kortex_driver/msg/_package_CountryCode.lisp, /root/ros_ws/devel/share/common-lisp/ros/kortex_driver/msg/_package_CountryCode.lisp)
Linked: (/root/ros_ws/devel/.private/kortex_driver/share/common-lisp/ros/kortex_driver/msg/GripperCommand.lisp, /root/ros_ws/devel/share/common-lisp/ros/kortex_driver/msg/GripperCommand.lisp)
Linked: (/root/ros_ws/devel/.private/kortex_driver/share/common-lisp/ros/kortex_driver/msg/DeviceTypes.lisp, /root/ros_ws/devel/share/common-lisp/ros/kortex_driver/msg/DeviceTypes.lisp)
Linked: (/root/ros_ws/devel/.private/kortex_driver/share/common-lisp/ros/kortex_driver/msg/MappingInfoNotificationList.lisp, /root/ros_ws/devel/share/common-lisp/ros/kortex_driver/msg/MappingInfoNotificationList.lisp)
Linked: (/root/ros_ws/devel/.private/kortex_driver/share/common-lisp/ros/kortex_driver/msg/_package_I2CConfiguration.lisp, /root/ros_ws/devel/share/common-lisp/ros/kortex_driver/msg/_package_I2CConfiguration.lisp)
Linked: (/root/ros_ws/devel/.private/kortex_driver/share/common-lisp/ros/kortex_driver/msg/GripperCyclic_Command.lisp, /root/ros_ws/devel/share/common-lisp/ros/kortex_driver/msg/GripperCyclic_Command.lisp)
Linked: (/root/ros_ws/devel/.private/kortex_driver/share/common-lisp/ros/kortex_driver/msg/ActuatorInformation.lisp, /root/ros_ws/devel/share/common-lisp/ros/kortex_driver/msg/ActuatorInformation.lisp)
Linked: (/root/ros_ws/devel/.private/kortex_driver/share/common-lisp/ros/kortex_driver/msg/ConfigurationChangeNotification_configuration_change.lisp, /root/ros_ws/devel/share/common-lisp/ros/kortex_driver/msg/ConfigurationChangeNotification_configuration_change.lisp)
Linked: (/root/ros_ws/devel/.private/kortex_driver/share/common-lisp/ros/kortex_driver/msg/CalibrationElement.lisp, /root/ros_ws/devel/share/common-lisp/ros/kortex_driver/msg/CalibrationElement.lisp)
Linked: (/root/ros_ws/devel/.private/kortex_driver/share/common-lisp/ros/kortex_driver/msg/_package_BaseCyclic_Feedback.lisp, /root/ros_ws/devel/share/common-lisp/ros/kortex_driver/msg/_package_BaseCyclic_Feedback.lisp)
Linked: (/root/ros_ws/devel/.private/kortex_driver/share/common-lisp/ros/kortex_driver/msg/Xbox360AnalogInputIdentifier.lisp, /root/ros_ws/devel/share/common-lisp/ros/kortex_driver/msg/Xbox360AnalogInputIdentifier.lisp)
Linked: (/root/ros_ws/devel/.private/kortex_driver/share/common-lisp/ros/kortex_driver/msg/_package_LinearTwist.lisp, /root/ros_ws/devel/share/common-lisp/ros/kortex_driver/msg/_package_LinearTwist.lisp)
Linked: (/root/ros_ws/devel/.private/kortex_driver/share/common-lisp/ros/kortex_driver/msg/SafetyInformation.lisp, /root/ros_ws/devel/share/common-lisp/ros/kortex_driver/msg/SafetyInformation.lisp)
Linked: (/root/ros_ws/devel/.private/kortex_driver/share/common-lisp/ros/kortex_driver/msg/RobotEvent.lisp, /root/ros_ws/devel/share/common-lisp/ros/kortex_driver/msg/RobotEvent.lisp)
Linked: (/root/ros_ws/devel/.private/kortex_driver/share/common-lisp/ros/kortex_driver/msg/AdvancedSequenceHandle.lisp, /root/ros_ws/devel/share/common-lisp/ros/kortex_driver/msg/AdvancedSequenceHandle.lisp)
Linked: (/root/ros_ws/devel/.private/kortex_driver/share/common-lisp/ros/kortex_driver/msg/_package_PreComputedJointTrajectoryElement.lisp, /root/ros_ws/devel/share/common-lisp/ros/kortex_driver/msg/_package_PreComputedJointTrajectoryElement.lisp)
Linked: (/root/ros_ws/devel/.private/kortex_driver/share/common-lisp/ros/kortex_driver/msg/WrenchCommand.lisp, /root/ros_ws/devel/share/common-lisp/ros/kortex_driver/msg/WrenchCommand.lisp)
Linked: (/root/ros_ws/devel/.private/kortex_driver/share/common-lisp/ros/kortex_driver/msg/_package_LedState.lisp, /root/ros_ws/devel/share/common-lisp/ros/kortex_driver/msg/_package_LedState.lisp)
Linked: (/root/ros_ws/devel/.private/kortex_driver/share/common-lisp/ros/kortex_driver/msg/GripperCyclic_ServiceVersion.lisp, /root/ros_ws/devel/share/common-lisp/ros/kortex_driver/msg/GripperCyclic_ServiceVersion.lisp)
Linked: (/root/ros_ws/devel/.private/kortex_driver/share/common-lisp/ros/kortex_driver/msg/_package_ControlLoopParameters.lisp, /root/ros_ws/devel/share/common-lisp/ros/kortex_driver/msg/_package_ControlLoopParameters.lisp)
Linked: (/root/ros_ws/devel/.private/kortex_driver/share/common-lisp/ros/kortex_driver/msg/_package_BrakeType.lisp, /root/ros_ws/devel/share/common-lisp/ros/kortex_driver/msg/_package_BrakeType.lisp)
Linked: (/root/ros_ws/devel/.private/kortex_driver/share/common-lisp/ros/kortex_driver/msg/FullIPv4Configuration.lisp, /root/ros_ws/devel/share/common-lisp/ros/kortex_driver/msg/FullIPv4Configuration.lisp)
Linked: (/root/ros_ws/devel/.private/kortex_driver/share/common-lisp/ros/kortex_driver/msg/_package_WifiInformation.lisp, /root/ros_ws/devel/share/common-lisp/ros/kortex_driver/msg/_package_WifiInformation.lisp)
Linked: (/root/ros_ws/devel/.private/kortex_driver/share/common-lisp/ros/kortex_driver/msg/_package_SafetyStatusValue.lisp, /root/ros_ws/devel/share/common-lisp/ros/kortex_driver/msg/_package_SafetyStatusValue.lisp)
Linked: (/root/ros_ws/devel/.private/kortex_driver/share/common-lisp/ros/kortex_driver/msg/_package_RampResponse.lisp, /root/ros_ws/devel/share/common-lisp/ros/kortex_driver/msg/_package_RampResponse.lisp)
Linked: (/root/ros_ws/devel/.private/kortex_driver/share/common-lisp/ros/kortex_driver/msg/Waypoint.lisp, /root/ros_ws/devel/share/common-lisp/ros/kortex_driver/msg/Waypoint.lisp)
Linked: (/root/ros_ws/devel/.private/kortex_driver/share/common-lisp/ros/kortex_driver/msg/_package_UARTDeviceIdentification.lisp, /root/ros_ws/devel/share/common-lisp/ros/kortex_driver/msg/_package_UARTDeviceIdentification.lisp)
Linked: (/root/ros_ws/devel/.private/kortex_driver/share/common-lisp/ros/kortex_driver/msg/_package_ActuatorConfig_ServiceVersion.lisp, /root/ros_ws/devel/share/common-lisp/ros/kortex_driver/msg/_package_ActuatorConfig_ServiceVersion.lisp)
Linked: (/root/ros_ws/devel/.private/kortex_driver/share/common-lisp/ros/kortex_driver/msg/FirmwareBundleVersions.lisp, /root/ros_ws/devel/share/common-lisp/ros/kortex_driver/msg/FirmwareBundleVersions.lisp)
Linked: (/root/ros_ws/devel/.private/kortex_driver/share/common-lisp/ros/kortex_driver/msg/_package_JointLimitation.lisp, /root/ros_ws/devel/share/common-lisp/ros/kortex_driver/msg/_package_JointLimitation.lisp)
Linked: (/root/ros_ws/devel/.private/kortex_driver/share/common-lisp/ros/kortex_driver/msg/WifiSecurityType.lisp, /root/ros_ws/devel/share/common-lisp/ros/kortex_driver/msg/WifiSecurityType.lisp)
Linked: (/root/ros_ws/devel/.private/kortex_driver/share/common-lisp/ros/kortex_driver/msg/EthernetDevice.lisp, /root/ros_ws/devel/share/common-lisp/ros/kortex_driver/msg/EthernetDevice.lisp)
Linked: (/root/ros_ws/devel/.private/kortex_driver/share/common-lisp/ros/kortex_driver/msg/EthernetSpeed.lisp, /root/ros_ws/devel/share/common-lisp/ros/kortex_driver/msg/EthernetSpeed.lisp)
Linked: (/root/ros_ws/devel/.private/kortex_driver/share/common-lisp/ros/kortex_driver/msg/_package_CartesianTransform.lisp, /root/ros_ws/devel/share/common-lisp/ros/kortex_driver/msg/_package_CartesianTransform.lisp)
Linked: (/root/ros_ws/devel/.private/kortex_driver/share/common-lisp/ros/kortex_driver/msg/_package_JointTorque.lisp, /root/ros_ws/devel/share/common-lisp/ros/kortex_driver/msg/_package_JointTorque.lisp)
Linked: (/root/ros_ws/devel/.private/kortex_driver/share/common-lisp/ros/kortex_driver/msg/FullUserProfile.lisp, /root/ros_ws/devel/share/common-lisp/ros/kortex_driver/msg/FullUserProfile.lisp)
Linked: (/root/ros_ws/devel/.private/kortex_driver/share/common-lisp/ros/kortex_driver/msg/_package_Base_ServiceVersion.lisp, /root/ros_ws/devel/share/common-lisp/ros/kortex_driver/msg/_package_Base_ServiceVersion.lisp)
Linked: (/root/ros_ws/devel/.private/kortex_driver/share/common-lisp/ros/kortex_driver/msg/_package_ActuatorCyclic_Feedback.lisp, /root/ros_ws/devel/share/common-lisp/ros/kortex_driver/msg/_package_ActuatorCyclic_Feedback.lisp)
Linked: (/root/ros_ws/devel/.private/kortex_driver/share/common-lisp/ros/kortex_driver/msg/_package_Unit.lisp, /root/ros_ws/devel/share/common-lisp/ros/kortex_driver/msg/_package_Unit.lisp)
Linked: (/root/ros_ws/devel/.private/kortex_driver/share/common-lisp/ros/kortex_driver/msg/_package_ArmLaterality.lisp, /root/ros_ws/devel/share/common-lisp/ros/kortex_driver/msg/_package_ArmLaterality.lisp)
Linked: (/root/ros_ws/devel/.private/kortex_driver/share/common-lisp/ros/kortex_driver/msg/ProtectionZoneInformation.lisp, /root/ros_ws/devel/share/common-lisp/ros/kortex_driver/msg/ProtectionZoneInformation.lisp)
Linked: (/root/ros_ws/devel/.private/kortex_driver/share/common-lisp/ros/kortex_driver/msg/ActuatorCyclic_MessageId.lisp, /root/ros_ws/devel/share/common-lisp/ros/kortex_driver/msg/ActuatorCyclic_MessageId.lisp)
Linked: (/root/ros_ws/devel/.private/kortex_driver/share/common-lisp/ros/kortex_driver/msg/_package_Wrench.lisp, /root/ros_ws/devel/share/common-lisp/ros/kortex_driver/msg/_package_Wrench.lisp)
Linked: (/root/ros_ws/devel/.private/kortex_driver/share/common-lisp/ros/kortex_driver/msg/FollowCartesianTrajectoryActionGoal.lisp, /root/ros_ws/devel/share/common-lisp/ros/kortex_driver/msg/FollowCartesianTrajectoryActionGoal.lisp)
Linked: (/root/ros_ws/devel/.private/kortex_driver/share/common-lisp/ros/kortex_driver/msg/_package_TrajectoryContinuityMode.lisp, /root/ros_ws/devel/share/common-lisp/ros/kortex_driver/msg/_package_TrajectoryContinuityMode.lisp)
Linked: (/root/ros_ws/devel/.private/kortex_driver/share/common-lisp/ros/kortex_driver/msg/InterconnectCyclic_Command.lisp, /root/ros_ws/devel/share/common-lisp/ros/kortex_driver/msg/InterconnectCyclic_Command.lisp)
Linked: (/root/ros_ws/devel/.private/kortex_driver/share/common-lisp/ros/kortex_driver/msg/IPv4Configuration.lisp, /root/ros_ws/devel/share/common-lisp/ros/kortex_driver/msg/IPv4Configuration.lisp)
Linked: (/root/ros_ws/devel/.private/kortex_driver/share/common-lisp/ros/kortex_driver/msg/_package_FrequencyResponse.lisp, /root/ros_ws/devel/share/common-lisp/ros/kortex_driver/msg/_package_FrequencyResponse.lisp)
Linked: (/root/ros_ws/devel/.private/kortex_driver/share/common-lisp/ros/kortex_driver/msg/Permission.lisp, /root/ros_ws/devel/share/common-lisp/ros/kortex_driver/msg/Permission.lisp)
Linked: (/root/ros_ws/devel/.private/kortex_driver/share/common-lisp/ros/kortex_driver/msg/I2CWriteParameter.lisp, /root/ros_ws/devel/share/common-lisp/ros/kortex_driver/msg/I2CWriteParameter.lisp)
Linked: (/root/ros_ws/devel/.private/kortex_driver/share/common-lisp/ros/kortex_driver/msg/_package_Action_action_parameters.lisp, /root/ros_ws/devel/share/common-lisp/ros/kortex_driver/msg/_package_Action_action_parameters.lisp)
Linked: (/root/ros_ws/devel/.private/kortex_driver/share/common-lisp/ros/kortex_driver/msg/_package_EthernetConfiguration.lisp, /root/ros_ws/devel/share/common-lisp/ros/kortex_driver/msg/_package_EthernetConfiguration.lisp)
Linked: (/root/ros_ws/devel/.private/kortex_driver/share/common-lisp/ros/kortex_driver/msg/_package_ControllerElementHandle_identifier.lisp, /root/ros_ws/devel/share/common-lisp/ros/kortex_driver/msg/_package_ControllerElementHandle_identifier.lisp)
Linked: (/root/ros_ws/devel/.private/kortex_driver/share/common-lisp/ros/kortex_driver/msg/_package_RunMode.lisp, /root/ros_ws/devel/share/common-lisp/ros/kortex_driver/msg/_package_RunMode.lisp)
Linked: (/root/ros_ws/devel/.private/kortex_driver/share/common-lisp/ros/kortex_driver/msg/ConfigurationChangeNotificationList.lisp, /root/ros_ws/devel/share/common-lisp/ros/kortex_driver/msg/ConfigurationChangeNotificationList.lisp)
Linked: (/root/ros_ws/devel/.private/kortex_driver/share/common-lisp/ros/kortex_driver/msg/_package_ControllerElementState.lisp, /root/ros_ws/devel/share/common-lisp/ros/kortex_driver/msg/_package_ControllerElementState.lisp)
Linked: (/root/ros_ws/devel/.private/kortex_driver/share/common-lisp/ros/kortex_driver/msg/_package_SystemTime.lisp, /root/ros_ws/devel/share/common-lisp/ros/kortex_driver/msg/_package_SystemTime.lisp)
Linked: (/root/ros_ws/devel/.private/kortex_driver/share/common-lisp/ros/kortex_driver/msg/GravityVector.lisp, /root/ros_ws/devel/share/common-lisp/ros/kortex_driver/msg/GravityVector.lisp)
Linked: (/root/ros_ws/devel/.private/kortex_driver/share/common-lisp/ros/kortex_driver/msg/_package_ServoingModeNotification.lisp, /root/ros_ws/devel/share/common-lisp/ros/kortex_driver/msg/_package_ServoingModeNotification.lisp)
Linked: (/root/ros_ws/devel/.private/kortex_driver/share/common-lisp/ros/kortex_driver/msg/_package_ControllerEventType.lisp, /root/ros_ws/devel/share/common-lisp/ros/kortex_driver/msg/_package_ControllerEventType.lisp)
Linked: (/root/ros_ws/devel/.private/kortex_driver/share/common-lisp/ros/kortex_driver/msg/IntrinsicParameters.lisp, /root/ros_ws/devel/share/common-lisp/ros/kortex_driver/msg/IntrinsicParameters.lisp)
Linked: (/root/ros_ws/devel/.private/kortex_driver/share/common-lisp/ros/kortex_driver/msg/_package_BootloaderVersion.lisp, /root/ros_ws/devel/share/common-lisp/ros/kortex_driver/msg/_package_BootloaderVersion.lisp)
Linked: (/root/ros_ws/devel/.private/kortex_driver/share/common-lisp/ros/kortex_driver/msg/_package_ControllerElementEventType.lisp, /root/ros_ws/devel/share/common-lisp/ros/kortex_driver/msg/_package_ControllerElementEventType.lisp)
Linked: (/root/ros_ws/devel/.private/kortex_driver/share/common-lisp/ros/kortex_driver/msg/IPv4Settings.lisp, /root/ros_ws/devel/share/common-lisp/ros/kortex_driver/msg/IPv4Settings.lisp)
Linked: (/root/ros_ws/devel/.private/kortex_driver/share/common-lisp/ros/kortex_driver/msg/_package_ConstrainedPosition.lisp, /root/ros_ws/devel/share/common-lisp/ros/kortex_driver/msg/_package_ConstrainedPosition.lisp)
Linked: (/root/ros_ws/devel/.private/kortex_driver/share/common-lisp/ros/kortex_driver/msg/SignalQuality.lisp, /root/ros_ws/devel/share/common-lisp/ros/kortex_driver/msg/SignalQuality.lisp)
Linked: (/root/ros_ws/devel/.private/kortex_driver/share/common-lisp/ros/kortex_driver/msg/_package_VisionConfig_RotationMatrix.lisp, /root/ros_ws/devel/share/common-lisp/ros/kortex_driver/msg/_package_VisionConfig_RotationMatrix.lisp)
Linked: (/root/ros_ws/devel/.private/kortex_driver/share/common-lisp/ros/kortex_driver/msg/_package_Finger.lisp, /root/ros_ws/devel/share/common-lisp/ros/kortex_driver/msg/_package_Finger.lisp)
Linked: (/root/ros_ws/devel/.private/kortex_driver/share/common-lisp/ros/kortex_driver/msg/MapHandle.lisp, /root/ros_ws/devel/share/common-lisp/ros/kortex_driver/msg/MapHandle.lisp)
Linked: (/root/ros_ws/devel/.private/kortex_driver/share/common-lisp/ros/kortex_driver/msg/_package_RFConfiguration.lisp, /root/ros_ws/devel/share/common-lisp/ros/kortex_driver/msg/_package_RFConfiguration.lisp)
Linked: (/root/ros_ws/devel/.private/kortex_driver/share/common-lisp/ros/kortex_driver/msg/ControlConfigurationEvent.lisp, /root/ros_ws/devel/share/common-lisp/ros/kortex_driver/msg/ControlConfigurationEvent.lisp)
Linked: (/root/ros_ws/devel/.private/kortex_driver/share/common-lisp/ros/kortex_driver/msg/_package_SafetyEnable.lisp, /root/ros_ws/devel/share/common-lisp/ros/kortex_driver/msg/_package_SafetyEnable.lisp)
Linked: (/root/ros_ws/devel/.private/kortex_driver/share/common-lisp/ros/kortex_driver/msg/JointSpeed.lisp, /root/ros_ws/devel/share/common-lisp/ros/kortex_driver/msg/JointSpeed.lisp)
Linked: (/root/ros_ws/devel/.private/kortex_driver/share/common-lisp/ros/kortex_driver/msg/_package_ControlLoopSelection.lisp, /root/ros_ws/devel/share/common-lisp/ros/kortex_driver/msg/_package_ControlLoopSelection.lisp)
Linked: (/root/ros_ws/devel/.private/kortex_driver/share/common-lisp/ros/kortex_driver/msg/_package_RequestedActionType.lisp, /root/ros_ws/devel/share/common-lisp/ros/kortex_driver/msg/_package_RequestedActionType.lisp)
Linked: (/root/ros_ws/devel/.private/kortex_driver/share/common-lisp/ros/kortex_driver/msg/BluetoothEnableState.lisp, /root/ros_ws/devel/share/common-lisp/ros/kortex_driver/msg/BluetoothEnableState.lisp)
Linked: (/root/ros_ws/devel/.private/kortex_driver/share/common-lisp/ros/kortex_driver/msg/_package_ConstrainedJointAngles.lisp, /root/ros_ws/devel/share/common-lisp/ros/kortex_driver/msg/_package_ConstrainedJointAngles.lisp)
Linked: (/root/ros_ws/devel/.private/kortex_driver/share/common-lisp/ros/kortex_driver/msg/_package_IPv4Information.lisp, /root/ros_ws/devel/share/common-lisp/ros/kortex_driver/msg/_package_IPv4Information.lisp)
Linked: (/root/ros_ws/devel/.private/kortex_driver/share/common-lisp/ros/kortex_driver/msg/CalibrationParameter.lisp, /root/ros_ws/devel/share/common-lisp/ros/kortex_driver/msg/CalibrationParameter.lisp)
Linked: (/root/ros_ws/devel/.private/kortex_driver/share/common-lisp/ros/kortex_driver/msg/SafetyNotificationList.lisp, /root/ros_ws/devel/share/common-lisp/ros/kortex_driver/msg/SafetyNotificationList.lisp)
Linked: (/root/ros_ws/devel/.private/kortex_driver/share/common-lisp/ros/kortex_driver/msg/_package_SafetyConfigurationList.lisp, /root/ros_ws/devel/share/common-lisp/ros/kortex_driver/msg/_package_SafetyConfigurationList.lisp)
Linked: (/root/ros_ws/devel/.private/kortex_driver/share/common-lisp/ros/kortex_driver/msg/_package_FollowCartesianTrajectoryFeedback.lisp, /root/ros_ws/devel/share/common-lisp/ros/kortex_driver/msg/_package_FollowCartesianTrajectoryFeedback.lisp)
Linked: (/root/ros_ws/devel/.private/kortex_driver/share/common-lisp/ros/kortex_driver/msg/GpioAction.lisp, /root/ros_ws/devel/share/common-lisp/ros/kortex_driver/msg/GpioAction.lisp)
Linked: (/root/ros_ws/devel/.private/kortex_driver/share/common-lisp/ros/kortex_driver/msg/RunModes.lisp, /root/ros_ws/devel/share/common-lisp/ros/kortex_driver/msg/RunModes.lisp)
Linked: (/root/ros_ws/devel/.private/kortex_driver/share/common-lisp/ros/kortex_driver/msg/_package_UARTConfiguration.lisp, /root/ros_ws/devel/share/common-lisp/ros/kortex_driver/msg/_package_UARTConfiguration.lisp)
Linked: (/root/ros_ws/devel/.private/kortex_driver/share/common-lisp/ros/kortex_driver/msg/_package_Sensor.lisp, /root/ros_ws/devel/share/common-lisp/ros/kortex_driver/msg/_package_Sensor.lisp)
Linked: (/root/ros_ws/devel/.private/kortex_driver/share/common-lisp/ros/kortex_driver/msg/CustomDataUnit.lisp, /root/ros_ws/devel/share/common-lisp/ros/kortex_driver/msg/CustomDataUnit.lisp)
Linked: (/root/ros_ws/devel/.private/kortex_driver/share/common-lisp/ros/kortex_driver/msg/_package_JointTrajectoryConstraint.lisp, /root/ros_ws/devel/share/common-lisp/ros/kortex_driver/msg/_package_JointTrajectoryConstraint.lisp)
Linked: (/root/ros_ws/devel/.private/kortex_driver/share/common-lisp/ros/kortex_driver/msg/_package_CustomDataIndex.lisp, /root/ros_ws/devel/share/common-lisp/ros/kortex_driver/msg/_package_CustomDataIndex.lisp)
Linked: (/root/ros_ws/devel/.private/kortex_driver/share/common-lisp/ros/kortex_driver/msg/_package_ControllerNotificationList.lisp, /root/ros_ws/devel/share/common-lisp/ros/kortex_driver/msg/_package_ControllerNotificationList.lisp)
Linked: (/root/ros_ws/devel/.private/kortex_driver/share/common-lisp/ros/kortex_driver/msg/ChangeWrench.lisp, /root/ros_ws/devel/share/common-lisp/ros/kortex_driver/msg/ChangeWrench.lisp)
Linked: (/root/ros_ws/devel/.private/kortex_driver/share/common-lisp/ros/kortex_driver/msg/_package_Admittance.lisp, /root/ros_ws/devel/share/common-lisp/ros/kortex_driver/msg/_package_Admittance.lisp)
Linked: (/root/ros_ws/devel/.private/kortex_driver/share/common-lisp/ros/kortex_driver/msg/_package_I2CDeviceAddressing.lisp, /root/ros_ws/devel/share/common-lisp/ros/kortex_driver/msg/_package_I2CDeviceAddressing.lisp)
Linked: (/root/ros_ws/devel/.private/kortex_driver/share/common-lisp/ros/kortex_driver/msg/_package_KinematicTrajectoryConstraints.lisp, /root/ros_ws/devel/share/common-lisp/ros/kortex_driver/msg/_package_KinematicTrajectoryConstraints.lisp)
Linked: (/root/ros_ws/devel/.private/kortex_driver/share/common-lisp/ros/kortex_driver/msg/LinearTwist.lisp, /root/ros_ws/devel/share/common-lisp/ros/kortex_driver/msg/LinearTwist.lisp)
Linked: (/root/ros_ws/devel/.private/kortex_driver/share/common-lisp/ros/kortex_driver/msg/_package_ArmStateNotification.lisp, /root/ros_ws/devel/share/common-lisp/ros/kortex_driver/msg/_package_ArmStateNotification.lisp)
Linked: (/root/ros_ws/devel/.private/kortex_driver/share/common-lisp/ros/kortex_driver/msg/_package_GPIOIdentification.lisp, /root/ros_ws/devel/share/common-lisp/ros/kortex_driver/msg/_package_GPIOIdentification.lisp)
Linked: (/root/ros_ws/devel/.private/kortex_driver/share/common-lisp/ros/kortex_driver/msg/_package_Connection.lisp, /root/ros_ws/devel/share/common-lisp/ros/kortex_driver/msg/_package_Connection.lisp)
Linked: (/root/ros_ws/devel/.private/kortex_driver/share/common-lisp/ros/kortex_driver/msg/BridgeResult.lisp, /root/ros_ws/devel/share/common-lisp/ros/kortex_driver/msg/BridgeResult.lisp)
Linked: (/root/ros_ws/devel/.private/kortex_driver/share/common-lisp/ros/kortex_driver/msg/_package_VisionConfig_ServiceVersion.lisp, /root/ros_ws/devel/share/common-lisp/ros/kortex_driver/msg/_package_VisionConfig_ServiceVersion.lisp)
Linked: (/root/ros_ws/devel/.private/kortex_driver/share/common-lisp/ros/kortex_driver/msg/GPIOState.lisp, /root/ros_ws/devel/share/common-lisp/ros/kortex_driver/msg/GPIOState.lisp)
Linked: (/root/ros_ws/devel/.private/kortex_driver/share/common-lisp/ros/kortex_driver/msg/ActionNotificationList.lisp, /root/ros_ws/devel/share/common-lisp/ros/kortex_driver/msg/ActionNotificationList.lisp)
Linked: (/root/ros_ws/devel/.private/kortex_driver/share/common-lisp/ros/kortex_driver/msg/UARTConfiguration.lisp, /root/ros_ws/devel/share/common-lisp/ros/kortex_driver/msg/UARTConfiguration.lisp)
Linked: (/root/ros_ws/devel/.private/kortex_driver/share/common-lisp/ros/kortex_driver/msg/I2CDeviceIdentification.lisp, /root/ros_ws/devel/share/common-lisp/ros/kortex_driver/msg/I2CDeviceIdentification.lisp)
Linked: (/root/ros_ws/devel/.private/kortex_driver/share/common-lisp/ros/kortex_driver/msg/_package_GripperCyclic_Feedback.lisp, /root/ros_ws/devel/share/common-lisp/ros/kortex_driver/msg/_package_GripperCyclic_Feedback.lisp)
Linked: (/root/ros_ws/devel/.private/kortex_driver/share/common-lisp/ros/kortex_driver/msg/_package_Base_CapSenseMode.lisp, /root/ros_ws/devel/share/common-lisp/ros/kortex_driver/msg/_package_Base_CapSenseMode.lisp)
Linked: (/root/ros_ws/devel/.private/kortex_driver/share/common-lisp/ros/kortex_driver/msg/BootloaderVersion.lisp, /root/ros_ws/devel/share/common-lisp/ros/kortex_driver/msg/BootloaderVersion.lisp)
Linked: (/root/ros_ws/devel/.private/kortex_driver/share/common-lisp/ros/kortex_driver/msg/_package_ActuatorConfig_ControlModeInformation.lisp, /root/ros_ws/devel/share/common-lisp/ros/kortex_driver/msg/_package_ActuatorConfig_ControlModeInformation.lisp)
Linked: (/root/ros_ws/devel/.private/kortex_driver/share/common-lisp/ros/kortex_driver/msg/_package_FollowCartesianTrajectoryActionResult.lisp, /root/ros_ws/devel/share/common-lisp/ros/kortex_driver/msg/_package_FollowCartesianTrajectoryActionResult.lisp)
Linked: (/root/ros_ws/devel/.private/kortex_driver/share/common-lisp/ros/kortex_driver/msg/DeviceHandle.lisp, /root/ros_ws/devel/share/common-lisp/ros/kortex_driver/msg/DeviceHandle.lisp)
Linked: (/root/ros_ws/devel/.private/kortex_driver/share/common-lisp/ros/kortex_driver/msg/_package_CompleteProductConfiguration.lisp, /root/ros_ws/devel/share/common-lisp/ros/kortex_driver/msg/_package_CompleteProductConfiguration.lisp)
Linked: (/root/ros_ws/devel/.private/kortex_driver/share/common-lisp/ros/kortex_driver/msg/_package_DeviceConfig_CapSenseConfig.lisp, /root/ros_ws/devel/share/common-lisp/ros/kortex_driver/msg/_package_DeviceConfig_CapSenseConfig.lisp)
Linked: (/root/ros_ws/devel/.private/kortex_driver/share/common-lisp/ros/kortex_driver/msg/SafetyConfigurationList.lisp, /root/ros_ws/devel/share/common-lisp/ros/kortex_driver/msg/SafetyConfigurationList.lisp)
Linked: (/root/ros_ws/devel/.private/kortex_driver/share/common-lisp/ros/kortex_driver/msg/_package_TrajectoryErrorElement.lisp, /root/ros_ws/devel/share/common-lisp/ros/kortex_driver/msg/_package_TrajectoryErrorElement.lisp)
Linked: (/root/ros_ws/devel/.private/kortex_driver/share/common-lisp/ros/kortex_driver/msg/BaseFeedback.lisp, /root/ros_ws/devel/share/common-lisp/ros/kortex_driver/msg/BaseFeedback.lisp)
Linked: (/root/ros_ws/devel/.private/kortex_driver/share/common-lisp/ros/kortex_driver/msg/CalibrationStatus.lisp, /root/ros_ws/devel/share/common-lisp/ros/kortex_driver/msg/CalibrationStatus.lisp)
Linked: (/root/ros_ws/devel/.private/kortex_driver/share/common-lisp/ros/kortex_driver/msg/PasswordChange.lisp, /root/ros_ws/devel/share/common-lisp/ros/kortex_driver/msg/PasswordChange.lisp)
Linked: (/root/ros_ws/devel/.private/kortex_driver/share/common-lisp/ros/kortex_driver/msg/OptionInformation.lisp, /root/ros_ws/devel/share/common-lisp/ros/kortex_driver/msg/OptionInformation.lisp)
Linked: (/root/ros_ws/devel/.private/kortex_driver/share/common-lisp/ros/kortex_driver/msg/DeviceConfig_CapSenseMode.lisp, /root/ros_ws/devel/share/common-lisp/ros/kortex_driver/msg/DeviceConfig_CapSenseMode.lisp)
Linked: (/root/ros_ws/devel/.private/kortex_driver/share/common-lisp/ros/kortex_driver/msg/_package_JointAccelerationSoftLimits.lisp, /root/ros_ws/devel/share/common-lisp/ros/kortex_driver/msg/_package_JointAccelerationSoftLimits.lisp)
Linked: (/root/ros_ws/devel/.private/kortex_driver/share/common-lisp/ros/kortex_driver/msg/Map.lisp, /root/ros_ws/devel/share/common-lisp/ros/kortex_driver/msg/Map.lisp)
Linked: (/root/ros_ws/devel/.private/kortex_driver/share/common-lisp/ros/kortex_driver/msg/PreComputedJointTrajectory.lisp, /root/ros_ws/devel/share/common-lisp/ros/kortex_driver/msg/PreComputedJointTrajectory.lisp)
Linked: (/root/ros_ws/devel/.private/kortex_driver/share/common-lisp/ros/kortex_driver/msg/_package_JointAngle.lisp, /root/ros_ws/devel/share/common-lisp/ros/kortex_driver/msg/_package_JointAngle.lisp)
Linked: (/root/ros_ws/devel/.private/kortex_driver/share/common-lisp/ros/kortex_driver/msg/_package_CalibrationItem.lisp, /root/ros_ws/devel/share/common-lisp/ros/kortex_driver/msg/_package_CalibrationItem.lisp)
Linked: (/root/ros_ws/devel/.private/kortex_driver/share/common-lisp/ros/kortex_driver/msg/_package_CommandFlags.lisp, /root/ros_ws/devel/share/common-lisp/ros/kortex_driver/msg/_package_CommandFlags.lisp)
Linked: (/root/ros_ws/devel/.private/kortex_driver/share/common-lisp/ros/kortex_driver/msg/_package_Faults.lisp, /root/ros_ws/devel/share/common-lisp/ros/kortex_driver/msg/_package_Faults.lisp)
Linked: (/root/ros_ws/devel/.private/kortex_driver/share/common-lisp/ros/kortex_driver/msg/_package_GripperRequest.lisp, /root/ros_ws/devel/share/common-lisp/ros/kortex_driver/msg/_package_GripperRequest.lisp)
Linked: (/root/ros_ws/devel/.private/kortex_driver/share/common-lisp/ros/kortex_driver/msg/_package_ControllerConfigurationMode.lisp, /root/ros_ws/devel/share/common-lisp/ros/kortex_driver/msg/_package_ControllerConfigurationMode.lisp)
Linked: (/root/ros_ws/devel/.private/kortex_driver/share/common-lisp/ros/kortex_driver/msg/Query.lisp, /root/ros_ws/devel/share/common-lisp/ros/kortex_driver/msg/Query.lisp)
Linked: (/root/ros_ws/devel/.private/kortex_driver/share/common-lisp/ros/kortex_driver/msg/_package_InterconnectCyclic_CustomData_tool_customData.lisp, /root/ros_ws/devel/share/common-lisp/ros/kortex_driver/msg/_package_InterconnectCyclic_CustomData_tool_customData.lisp)
Linked: (/root/ros_ws/devel/.private/kortex_driver/share/common-lisp/ros/kortex_driver/msg/_package_WifiInformationList.lisp, /root/ros_ws/devel/share/common-lisp/ros/kortex_driver/msg/_package_WifiInformationList.lisp)
Linked: (/root/ros_ws/devel/.private/kortex_driver/share/common-lisp/ros/kortex_driver/msg/_package_ActivateMapHandle.lisp, /root/ros_ws/devel/share/common-lisp/ros/kortex_driver/msg/_package_ActivateMapHandle.lisp)
Linked: (/root/ros_ws/devel/.private/kortex_driver/share/common-lisp/ros/kortex_driver/msg/_package_CustomDataUnit.lisp, /root/ros_ws/devel/share/common-lisp/ros/kortex_driver/msg/_package_CustomDataUnit.lisp)
Linked: (/root/ros_ws/devel/.private/kortex_driver/share/common-lisp/ros/kortex_driver/msg/_package_WrenchCommand.lisp, /root/ros_ws/devel/share/common-lisp/ros/kortex_driver/msg/_package_WrenchCommand.lisp)
Linked: (/root/ros_ws/devel/.private/kortex_driver/share/common-lisp/ros/kortex_driver/msg/_package_FollowCartesianTrajectoryActionGoal.lisp, /root/ros_ws/devel/share/common-lisp/ros/kortex_driver/msg/_package_FollowCartesianTrajectoryActionGoal.lisp)
Linked: (/root/ros_ws/devel/.private/kortex_driver/share/common-lisp/ros/kortex_driver/msg/GpioPinPropertyFlags.lisp, /root/ros_ws/devel/share/common-lisp/ros/kortex_driver/msg/GpioPinPropertyFlags.lisp)
Linked: (/root/ros_ws/devel/.private/kortex_driver/share/common-lisp/ros/kortex_driver/msg/_package_SequenceTasksRange.lisp, /root/ros_ws/devel/share/common-lisp/ros/kortex_driver/msg/_package_SequenceTasksRange.lisp)
Linked: (/root/ros_ws/devel/.private/kortex_driver/share/common-lisp/ros/kortex_driver/msg/Sequence.lisp, /root/ros_ws/devel/share/common-lisp/ros/kortex_driver/msg/Sequence.lisp)
Linked: (/root/ros_ws/devel/.private/kortex_driver/share/common-lisp/ros/kortex_driver/msg/_package_SequenceTask.lisp, /root/ros_ws/devel/share/common-lisp/ros/kortex_driver/msg/_package_SequenceTask.lisp)
Linked: (/root/ros_ws/devel/.private/kortex_driver/share/common-lisp/ros/kortex_driver/msg/_package_Twist.lisp, /root/ros_ws/devel/share/common-lisp/ros/kortex_driver/msg/_package_Twist.lisp)
Linked: (/root/ros_ws/devel/.private/kortex_driver/share/common-lisp/ros/kortex_driver/msg/_package_ConfigurationChangeNotification_configuration_change.lisp, /root/ros_ws/devel/share/common-lisp/ros/kortex_driver/msg/_package_ConfigurationChangeNotification_configuration_change.lisp)
Linked: (/root/ros_ws/devel/.private/kortex_driver/share/common-lisp/ros/kortex_driver/msg/_package_WristDigitalInputIdentifier.lisp, /root/ros_ws/devel/share/common-lisp/ros/kortex_driver/msg/_package_WristDigitalInputIdentifier.lisp)
Linked: (/root/ros_ws/devel/.private/kortex_driver/share/common-lisp/ros/kortex_driver/msg/_package_ZoneShape.lisp, /root/ros_ws/devel/share/common-lisp/ros/kortex_driver/msg/_package_ZoneShape.lisp)
Linked: (/root/ros_ws/devel/.private/kortex_driver/share/common-lisp/ros/kortex_driver/msg/Base_RotationMatrix.lisp, /root/ros_ws/devel/share/common-lisp/ros/kortex_driver/msg/Base_RotationMatrix.lisp)
Linked: (/root/ros_ws/devel/.private/kortex_driver/share/common-lisp/ros/kortex_driver/msg/SafetyConfiguration.lisp, /root/ros_ws/devel/share/common-lisp/ros/kortex_driver/msg/SafetyConfiguration.lisp)
Linked: (/root/ros_ws/devel/.private/kortex_driver/share/common-lisp/ros/kortex_driver/msg/ControllerList.lisp, /root/ros_ws/devel/share/common-lisp/ros/kortex_driver/msg/ControllerList.lisp)
Linked: (/root/ros_ws/devel/.private/kortex_driver/share/common-lisp/ros/kortex_driver/msg/JointTrajectoryConstraintType.lisp, /root/ros_ws/devel/share/common-lisp/ros/kortex_driver/msg/JointTrajectoryConstraintType.lisp)
Linked: (/root/ros_ws/devel/.private/kortex_driver/share/common-lisp/ros/kortex_driver/msg/_package_DeviceHandles.lisp, /root/ros_ws/devel/share/common-lisp/ros/kortex_driver/msg/_package_DeviceHandles.lisp)
Linked: (/root/ros_ws/devel/.private/kortex_driver/share/common-lisp/ros/kortex_driver/msg/JointLimitation.lisp, /root/ros_ws/devel/share/common-lisp/ros/kortex_driver/msg/JointLimitation.lisp)
Linked: (/root/ros_ws/devel/.private/kortex_driver/share/common-lisp/ros/kortex_driver/msg/KinematicLimitsList.lisp, /root/ros_ws/devel/share/common-lisp/ros/kortex_driver/msg/KinematicLimitsList.lisp)
Linked: (/root/ros_ws/devel/.private/kortex_driver/share/common-lisp/ros/kortex_driver/msg/CommunicationInterfaceConfiguration.lisp, /root/ros_ws/devel/share/common-lisp/ros/kortex_driver/msg/CommunicationInterfaceConfiguration.lisp)
Linked: (/root/ros_ws/devel/.private/kortex_driver/share/common-lisp/ros/kortex_driver/msg/_package_UserList.lisp, /root/ros_ws/devel/share/common-lisp/ros/kortex_driver/msg/_package_UserList.lisp)
Linked: (/root/ros_ws/devel/.private/kortex_driver/share/common-lisp/ros/kortex_driver/msg/Resolution.lisp, /root/ros_ws/devel/share/common-lisp/ros/kortex_driver/msg/Resolution.lisp)
Linked: (/root/ros_ws/devel/.private/kortex_driver/share/common-lisp/ros/kortex_driver/msg/I2CConfiguration.lisp, /root/ros_ws/devel/share/common-lisp/ros/kortex_driver/msg/I2CConfiguration.lisp)
Linked: (/root/ros_ws/devel/.private/kortex_driver/share/common-lisp/ros/kortex_driver/msg/_package_UARTStopBits.lisp, /root/ros_ws/devel/share/common-lisp/ros/kortex_driver/msg/_package_UARTStopBits.lisp)
Linked: (/root/ros_ws/devel/.private/kortex_driver/share/common-lisp/ros/kortex_driver/msg/ActionNotification.lisp, /root/ros_ws/devel/share/common-lisp/ros/kortex_driver/msg/ActionNotification.lisp)
Linked: (/root/ros_ws/devel/.private/kortex_driver/share/common-lisp/ros/kortex_driver/msg/ActuatorCommand.lisp, /root/ros_ws/devel/share/common-lisp/ros/kortex_driver/msg/ActuatorCommand.lisp)
Linked: (/root/ros_ws/devel/.private/kortex_driver/share/common-lisp/ros/kortex_driver/msg/_package_Ssid.lisp, /root/ros_ws/devel/share/common-lisp/ros/kortex_driver/msg/_package_Ssid.lisp)
Linked: (/root/ros_ws/devel/.private/kortex_driver/share/common-lisp/ros/kortex_driver/msg/_package_FactoryEvent.lisp, /root/ros_ws/devel/share/common-lisp/ros/kortex_driver/msg/_package_FactoryEvent.lisp)
Linked: (/root/ros_ws/devel/.private/kortex_driver/share/common-lisp/ros/kortex_driver/msg/JointTorques.lisp, /root/ros_ws/devel/share/common-lisp/ros/kortex_driver/msg/JointTorques.lisp)
Linked: (/root/ros_ws/devel/.private/kortex_driver/share/common-lisp/ros/kortex_driver/msg/_package_ControllerNotification.lisp, /root/ros_ws/devel/share/common-lisp/ros/kortex_driver/msg/_package_ControllerNotification.lisp)
Linked: (/root/ros_ws/devel/.private/kortex_driver/share/common-lisp/ros/kortex_driver/msg/_package_Base_ControlModeNotification.lisp, /root/ros_ws/devel/share/common-lisp/ros/kortex_driver/msg/_package_Base_ControlModeNotification.lisp)
Linked: (/root/ros_ws/devel/.private/kortex_driver/share/common-lisp/ros/kortex_driver/msg/StatusFlags.lisp, /root/ros_ws/devel/share/common-lisp/ros/kortex_driver/msg/StatusFlags.lisp)
Linked: (/root/ros_ws/devel/.private/kortex_driver/share/common-lisp/ros/kortex_driver/msg/OperatingModeNotificationList.lisp, /root/ros_ws/devel/share/common-lisp/ros/kortex_driver/msg/OperatingModeNotificationList.lisp)
Linked: (/root/ros_ws/devel/.private/kortex_driver/share/common-lisp/ros/kortex_driver/msg/_package_ConstrainedJointAngle.lisp, /root/ros_ws/devel/share/common-lisp/ros/kortex_driver/msg/_package_ConstrainedJointAngle.lisp)
Linked: (/root/ros_ws/devel/.private/kortex_driver/share/common-lisp/ros/kortex_driver/msg/_package_LimitationType.lisp, /root/ros_ws/devel/share/common-lisp/ros/kortex_driver/msg/_package_LimitationType.lisp)
Linked: (/root/ros_ws/devel/.private/kortex_driver/share/common-lisp/ros/kortex_driver/msg/_package_NetworkHandle.lisp, /root/ros_ws/devel/share/common-lisp/ros/kortex_driver/msg/_package_NetworkHandle.lisp)
Linked: (/root/ros_ws/devel/.private/kortex_driver/share/common-lisp/ros/kortex_driver/msg/JointsLimitationsList.lisp, /root/ros_ws/devel/share/common-lisp/ros/kortex_driver/msg/JointsLimitationsList.lisp)
Linked: (/root/ros_ws/devel/.private/kortex_driver/share/common-lisp/ros/kortex_driver/msg/_package_Base_GpioConfiguration.lisp, /root/ros_ws/devel/share/common-lisp/ros/kortex_driver/msg/_package_Base_GpioConfiguration.lisp)
Linked: (/root/ros_ws/devel/.private/kortex_driver/share/common-lisp/ros/kortex_driver/msg/SequenceTasksConfiguration.lisp, /root/ros_ws/devel/share/common-lisp/ros/kortex_driver/msg/SequenceTasksConfiguration.lisp)
Linked: (/root/ros_ws/devel/.private/kortex_driver/share/common-lisp/ros/kortex_driver/msg/_package_NetworkType.lisp, /root/ros_ws/devel/share/common-lisp/ros/kortex_driver/msg/_package_NetworkType.lisp)
Linked: (/root/ros_ws/devel/.private/kortex_driver/share/common-lisp/ros/kortex_driver/msg/_package_Empty.lisp, /root/ros_ws/devel/share/common-lisp/ros/kortex_driver/msg/_package_Empty.lisp)
Linked: (/root/ros_ws/devel/.private/kortex_driver/share/common-lisp/ros/kortex_driver/msg/_package_Pose.lisp, /root/ros_ws/devel/share/common-lisp/ros/kortex_driver/msg/_package_Pose.lisp)
Linked: (/root/ros_ws/devel/.private/kortex_driver/share/common-lisp/ros/kortex_driver/msg/ErrorCodes.lisp, /root/ros_ws/devel/share/common-lisp/ros/kortex_driver/msg/ErrorCodes.lisp)
Linked: (/root/ros_ws/devel/.private/kortex_driver/share/common-lisp/ros/kortex_driver/msg/_package_IKData.lisp, /root/ros_ws/devel/share/common-lisp/ros/kortex_driver/msg/_package_IKData.lisp)
Linked: (/root/ros_ws/devel/.private/kortex_driver/share/common-lisp/ros/kortex_driver/msg/CalibrationParameter_value.lisp, /root/ros_ws/devel/share/common-lisp/ros/kortex_driver/msg/CalibrationParameter_value.lisp)
Linked: (/root/ros_ws/devel/.private/kortex_driver/share/common-lisp/ros/kortex_driver/msg/CartesianSpeed.lisp, /root/ros_ws/devel/share/common-lisp/ros/kortex_driver/msg/CartesianSpeed.lisp)
Linked: (/root/ros_ws/devel/.private/kortex_driver/share/common-lisp/ros/kortex_driver/msg/_package_ActuatorCyclic_CustomData.lisp, /root/ros_ws/devel/share/common-lisp/ros/kortex_driver/msg/_package_ActuatorCyclic_CustomData.lisp)
Linked: (/root/ros_ws/devel/.private/kortex_driver/share/common-lisp/ros/kortex_driver/msg/SoundType.lisp, /root/ros_ws/devel/share/common-lisp/ros/kortex_driver/msg/SoundType.lisp)
Linked: (/root/ros_ws/devel/.private/kortex_driver/share/common-lisp/ros/kortex_driver/msg/_package_GpioAction.lisp, /root/ros_ws/devel/share/common-lisp/ros/kortex_driver/msg/_package_GpioAction.lisp)
Linked: (/root/ros_ws/devel/.private/kortex_driver/share/common-lisp/ros/kortex_driver/msg/_package_EthernetDevice.lisp, /root/ros_ws/devel/share/common-lisp/ros/kortex_driver/msg/_package_EthernetDevice.lisp)
Linked: (/root/ros_ws/devel/.private/kortex_driver/share/common-lisp/ros/kortex_driver/msg/_package_AxisOffsets.lisp, /root/ros_ws/devel/share/common-lisp/ros/kortex_driver/msg/_package_AxisOffsets.lisp)
Linked: (/root/ros_ws/devel/.private/kortex_driver/share/common-lisp/ros/kortex_driver/msg/I2CDevice.lisp, /root/ros_ws/devel/share/common-lisp/ros/kortex_driver/msg/I2CDevice.lisp)
Linked: (/root/ros_ws/devel/.private/kortex_driver/share/common-lisp/ros/kortex_driver/msg/_package_ProtectionZoneNotification.lisp, /root/ros_ws/devel/share/common-lisp/ros/kortex_driver/msg/_package_ProtectionZoneNotification.lisp)
Linked: (/root/ros_ws/devel/.private/kortex_driver/share/common-lisp/ros/kortex_driver/msg/_package_RobotiqGripperStatusFlags.lisp, /root/ros_ws/devel/share/common-lisp/ros/kortex_driver/msg/_package_RobotiqGripperStatusFlags.lisp)
Linked: (/root/ros_ws/devel/.private/kortex_driver/share/common-lisp/ros/kortex_driver/msg/_package_SequenceTaskHandle.lisp, /root/ros_ws/devel/share/common-lisp/ros/kortex_driver/msg/_package_SequenceTaskHandle.lisp)
Linked: (/root/ros_ws/devel/.private/kortex_driver/share/common-lisp/ros/kortex_driver/msg/ControllerEventType.lisp, /root/ros_ws/devel/share/common-lisp/ros/kortex_driver/msg/ControllerEventType.lisp)
Linked: (/root/ros_ws/devel/.private/kortex_driver/share/common-lisp/ros/kortex_driver/msg/_package_WifiEnableState.lisp, /root/ros_ws/devel/share/common-lisp/ros/kortex_driver/msg/_package_WifiEnableState.lisp)
Linked: (/root/ros_ws/devel/.private/kortex_driver/share/common-lisp/ros/kortex_driver/msg/_package_JointAngles.lisp, /root/ros_ws/devel/share/common-lisp/ros/kortex_driver/msg/_package_JointAngles.lisp)
Linked: (/root/ros_ws/devel/.private/kortex_driver/share/common-lisp/ros/kortex_driver/msg/_package_JointsLimitationsList.lisp, /root/ros_ws/devel/share/common-lisp/ros/kortex_driver/msg/_package_JointsLimitationsList.lisp)
Linked: (/root/ros_ws/devel/.private/kortex_driver/share/common-lisp/ros/kortex_driver/msg/OperatingModeInformation.lisp, /root/ros_ws/devel/share/common-lisp/ros/kortex_driver/msg/OperatingModeInformation.lisp)
Linked: (/root/ros_ws/devel/.private/kortex_driver/share/common-lisp/ros/kortex_driver/msg/_package_DeviceConfig_SafetyLimitType.lisp, /root/ros_ws/devel/share/common-lisp/ros/kortex_driver/msg/_package_DeviceConfig_SafetyLimitType.lisp)
Linked: (/root/ros_ws/devel/.private/kortex_driver/share/common-lisp/ros/kortex_driver/msg/_package_MapHandle.lisp, /root/ros_ws/devel/share/common-lisp/ros/kortex_driver/msg/_package_MapHandle.lisp)
Linked: (/root/ros_ws/devel/.private/kortex_driver/share/common-lisp/ros/kortex_driver/msg/_package_ProtectionZone.lisp, /root/ros_ws/devel/share/common-lisp/ros/kortex_driver/msg/_package_ProtectionZone.lisp)
Linked: (/root/ros_ws/devel/.private/kortex_driver/share/common-lisp/ros/kortex_driver/msg/_package_UserProfileHandle.lisp, /root/ros_ws/devel/share/common-lisp/ros/kortex_driver/msg/_package_UserProfileHandle.lisp)
Linked: (/root/ros_ws/devel/.private/kortex_driver/share/common-lisp/ros/kortex_driver/msg/_package_InterconnectCyclic_Feedback.lisp, /root/ros_ws/devel/share/common-lisp/ros/kortex_driver/msg/_package_InterconnectCyclic_Feedback.lisp)
Linked: (/root/ros_ws/devel/.private/kortex_driver/share/common-lisp/ros/kortex_driver/msg/_package_ExtrinsicParameters.lisp, /root/ros_ws/devel/share/common-lisp/ros/kortex_driver/msg/_package_ExtrinsicParameters.lisp)
Linked: (/root/ros_ws/devel/.private/kortex_driver/share/common-lisp/ros/kortex_driver/msg/_package_ProtectionZoneList.lisp, /root/ros_ws/devel/share/common-lisp/ros/kortex_driver/msg/_package_ProtectionZoneList.lisp)
Linked: (/root/ros_ws/devel/.private/kortex_driver/share/common-lisp/ros/kortex_driver/srv/ValidateWaypointList.lisp, /root/ros_ws/devel/share/common-lisp/ros/kortex_driver/srv/ValidateWaypointList.lisp)
Linked: (/root/ros_ws/devel/.private/kortex_driver/share/common-lisp/ros/kortex_driver/srv/_package_Stop.lisp, /root/ros_ws/devel/share/common-lisp/ros/kortex_driver/srv/_package_Stop.lisp)
Linked: (/root/ros_ws/devel/.private/kortex_driver/share/common-lisp/ros/kortex_driver/srv/SetGravityVector.lisp, /root/ros_ws/devel/share/common-lisp/ros/kortex_driver/srv/SetGravityVector.lisp)
Linked: (/root/ros_ws/devel/.private/kortex_driver/share/common-lisp/ros/kortex_driver/srv/GetSafetyConfiguration.lisp, /root/ros_ws/devel/share/common-lisp/ros/kortex_driver/srv/GetSafetyConfiguration.lisp)
Linked: (/root/ros_ws/devel/.private/kortex_driver/share/common-lisp/ros/kortex_driver/srv/ChangePassword.lisp, /root/ros_ws/devel/share/common-lisp/ros/kortex_driver/srv/ChangePassword.lisp)
Linked: (/root/ros_ws/devel/.private/kortex_driver/share/common-lisp/ros/kortex_driver/srv/_package_SetSafetyWarningThreshold.lisp, /root/ros_ws/devel/share/common-lisp/ros/kortex_driver/srv/_package_SetSafetyWarningThreshold.lisp)
Linked: (/root/ros_ws/devel/.private/kortex_driver/share/common-lisp/ros/kortex_driver/srv/DisableBridge.lisp, /root/ros_ws/devel/share/common-lisp/ros/kortex_driver/srv/DisableBridge.lisp)
Linked: (/root/ros_ws/devel/.private/kortex_driver/share/common-lisp/ros/kortex_driver/srv/_package_OnNotificationActionTopic.lisp, /root/ros_ws/devel/share/common-lisp/ros/kortex_driver/srv/_package_OnNotificationActionTopic.lisp)
Linked: (/root/ros_ws/devel/.private/kortex_driver/share/common-lisp/ros/kortex_driver/srv/GetMeasuredCartesianPose.lisp, /root/ros_ws/devel/share/common-lisp/ros/kortex_driver/srv/GetMeasuredCartesianPose.lisp)
Linked: (/root/ros_ws/devel/.private/kortex_driver/share/common-lisp/ros/kortex_driver/srv/_package_GetActuatorCount.lisp, /root/ros_ws/devel/share/common-lisp/ros/kortex_driver/srv/_package_GetActuatorCount.lisp)
Linked: (/root/ros_ws/devel/.private/kortex_driver/share/common-lisp/ros/kortex_driver/srv/_package_GetWrenchHardLimitation.lisp, /root/ros_ws/devel/share/common-lisp/ros/kortex_driver/srv/_package_GetWrenchHardLimitation.lisp)
Linked: (/root/ros_ws/devel/.private/kortex_driver/share/common-lisp/ros/kortex_driver/srv/OnNotificationServoingModeTopic.lisp, /root/ros_ws/devel/share/common-lisp/ros/kortex_driver/srv/OnNotificationServoingModeTopic.lisp)
Linked: (/root/ros_ws/devel/.private/kortex_driver/share/common-lisp/ros/kortex_driver/srv/_package_SetTwistAngularSoftLimit.lisp, /root/ros_ws/devel/share/common-lisp/ros/kortex_driver/srv/_package_SetTwistAngularSoftLimit.lisp)
Linked: (/root/ros_ws/devel/.private/kortex_driver/share/common-lisp/ros/kortex_driver/srv/_package.lisp, /root/ros_ws/devel/share/common-lisp/ros/kortex_driver/srv/_package.lisp)
Linked: (/root/ros_ws/devel/.private/kortex_driver/share/common-lisp/ros/kortex_driver/srv/_package_SetI2CConfiguration.lisp, /root/ros_ws/devel/share/common-lisp/ros/kortex_driver/srv/_package_SetI2CConfiguration.lisp)
Linked: (/root/ros_ws/devel/.private/kortex_driver/share/common-lisp/ros/kortex_driver/srv/ApplyEmergencyStop.lisp, /root/ros_ws/devel/share/common-lisp/ros/kortex_driver/srv/ApplyEmergencyStop.lisp)
Linked: (/root/ros_ws/devel/.private/kortex_driver/share/common-lisp/ros/kortex_driver/srv/SetCommandMode.lisp, /root/ros_ws/devel/share/common-lisp/ros/kortex_driver/srv/SetCommandMode.lisp)
Linked: (/root/ros_ws/devel/.private/kortex_driver/share/common-lisp/ros/kortex_driver/srv/_package_ReadAllSequenceTasks.lisp, /root/ros_ws/devel/share/common-lisp/ros/kortex_driver/srv/_package_ReadAllSequenceTasks.lisp)
Linked: (/root/ros_ws/devel/.private/kortex_driver/share/common-lisp/ros/kortex_driver/srv/_package_SetControlMode.lisp, /root/ros_ws/devel/share/common-lisp/ros/kortex_driver/srv/_package_SetControlMode.lisp)
Linked: (/root/ros_ws/devel/.private/kortex_driver/share/common-lisp/ros/kortex_driver/srv/GetWifiInformation.lisp, /root/ros_ws/devel/share/common-lisp/ros/kortex_driver/srv/GetWifiInformation.lisp)
Linked: (/root/ros_ws/devel/.private/kortex_driver/share/common-lisp/ros/kortex_driver/srv/Base_GetControlMode.lisp, /root/ros_ws/devel/share/common-lisp/ros/kortex_driver/srv/Base_GetControlMode.lisp)
Linked: (/root/ros_ws/devel/.private/kortex_driver/share/common-lisp/ros/kortex_driver/srv/_package_OnNotificationSafetyTopic.lisp, /root/ros_ws/devel/share/common-lisp/ros/kortex_driver/srv/_package_OnNotificationSafetyTopic.lisp)
Linked: (/root/ros_ws/devel/.private/kortex_driver/share/common-lisp/ros/kortex_driver/srv/ReadSequence.lisp, /root/ros_ws/devel/share/common-lisp/ros/kortex_driver/srv/ReadSequence.lisp)
Linked: (/root/ros_ws/devel/.private/kortex_driver/share/common-lisp/ros/kortex_driver/srv/_package_ReadAllProtectionZones.lisp, /root/ros_ws/devel/share/common-lisp/ros/kortex_driver/srv/_package_ReadAllProtectionZones.lisp)
Linked: (/root/ros_ws/devel/.private/kortex_driver/share/common-lisp/ros/kortex_driver/srv/DisconnectWifi.lisp, /root/ros_ws/devel/share/common-lisp/ros/kortex_driver/srv/DisconnectWifi.lisp)
Linked: (/root/ros_ws/devel/.private/kortex_driver/share/common-lisp/ros/kortex_driver/srv/OnNotificationMappingInfoTopic.lisp, /root/ros_ws/devel/share/common-lisp/ros/kortex_driver/srv/OnNotificationMappingInfoTopic.lisp)
Linked: (/root/ros_ws/devel/.private/kortex_driver/share/common-lisp/ros/kortex_driver/srv/SetIntrinsicParameters.lisp, /root/ros_ws/devel/share/common-lisp/ros/kortex_driver/srv/SetIntrinsicParameters.lisp)
Linked: (/root/ros_ws/devel/.private/kortex_driver/share/common-lisp/ros/kortex_driver/srv/DuplicateMapping.lisp, /root/ros_ws/devel/share/common-lisp/ros/kortex_driver/srv/DuplicateMapping.lisp)
Linked: (/root/ros_ws/devel/.private/kortex_driver/share/common-lisp/ros/kortex_driver/srv/PlayCartesianTrajectoryOrientation.lisp, /root/ros_ws/devel/share/common-lisp/ros/kortex_driver/srv/PlayCartesianTrajectoryOrientation.lisp)
Linked: (/root/ros_ws/devel/.private/kortex_driver/share/common-lisp/ros/kortex_driver/srv/_package_GetIPv4Information.lisp, /root/ros_ws/devel/share/common-lisp/ros/kortex_driver/srv/_package_GetIPv4Information.lisp)
Linked: (/root/ros_ws/devel/.private/kortex_driver/share/common-lisp/ros/kortex_driver/srv/_package_GetDesiredSpeeds.lisp, /root/ros_ws/devel/share/common-lisp/ros/kortex_driver/srv/_package_GetDesiredSpeeds.lisp)
Linked: (/root/ros_ws/devel/.private/kortex_driver/share/common-lisp/ros/kortex_driver/srv/_package_GetMeasuredCartesianPose.lisp, /root/ros_ws/devel/share/common-lisp/ros/kortex_driver/srv/_package_GetMeasuredCartesianPose.lisp)
Linked: (/root/ros_ws/devel/.private/kortex_driver/share/common-lisp/ros/kortex_driver/srv/SetPayloadInformation.lisp, /root/ros_ws/devel/share/common-lisp/ros/kortex_driver/srv/SetPayloadInformation.lisp)
Linked: (/root/ros_ws/devel/.private/kortex_driver/share/common-lisp/ros/kortex_driver/srv/ReadSequenceTask.lisp, /root/ros_ws/devel/share/common-lisp/ros/kortex_driver/srv/ReadSequenceTask.lisp)
Linked: (/root/ros_ws/devel/.private/kortex_driver/share/common-lisp/ros/kortex_driver/srv/_package_PlayAdvancedSequence.lisp, /root/ros_ws/devel/share/common-lisp/ros/kortex_driver/srv/_package_PlayAdvancedSequence.lisp)
Linked: (/root/ros_ws/devel/.private/kortex_driver/share/common-lisp/ros/kortex_driver/srv/GetAllKinematicSoftLimits.lisp, /root/ros_ws/devel/share/common-lisp/ros/kortex_driver/srv/GetAllKinematicSoftLimits.lisp)
Linked: (/root/ros_ws/devel/.private/kortex_driver/share/common-lisp/ros/kortex_driver/srv/GetAllJointsSpeedHardLimitation.lisp, /root/ros_ws/devel/share/common-lisp/ros/kortex_driver/srv/GetAllJointsSpeedHardLimitation.lisp)
Linked: (/root/ros_ws/devel/.private/kortex_driver/share/common-lisp/ros/kortex_driver/srv/GetModelNumber.lisp, /root/ros_ws/devel/share/common-lisp/ros/kortex_driver/srv/GetModelNumber.lisp)
Linked: (/root/ros_ws/devel/.private/kortex_driver/share/common-lisp/ros/kortex_driver/srv/DeleteMapping.lisp, /root/ros_ws/devel/share/common-lisp/ros/kortex_driver/srv/DeleteMapping.lisp)
Linked: (/root/ros_ws/devel/.private/kortex_driver/share/common-lisp/ros/kortex_driver/srv/_package_PauseAction.lisp, /root/ros_ws/devel/share/common-lisp/ros/kortex_driver/srv/_package_PauseAction.lisp)
Linked: (/root/ros_ws/devel/.private/kortex_driver/share/common-lisp/ros/kortex_driver/srv/EnableBridge.lisp, /root/ros_ws/devel/share/common-lisp/ros/kortex_driver/srv/EnableBridge.lisp)
Linked: (/root/ros_ws/devel/.private/kortex_driver/share/common-lisp/ros/kortex_driver/srv/_package_OnNotificationUserTopic.lisp, /root/ros_ws/devel/share/common-lisp/ros/kortex_driver/srv/_package_OnNotificationUserTopic.lisp)
Linked: (/root/ros_ws/devel/.private/kortex_driver/share/common-lisp/ros/kortex_driver/srv/_package_GetArmState.lisp, /root/ros_ws/devel/share/common-lisp/ros/kortex_driver/srv/_package_GetArmState.lisp)
Linked: (/root/ros_ws/devel/.private/kortex_driver/share/common-lisp/ros/kortex_driver/srv/_package_GetToolConfiguration.lisp, /root/ros_ws/devel/share/common-lisp/ros/kortex_driver/srv/_package_GetToolConfiguration.lisp)
Linked: (/root/ros_ws/devel/.private/kortex_driver/share/common-lisp/ros/kortex_driver/srv/_package_GetI2CConfiguration.lisp, /root/ros_ws/devel/share/common-lisp/ros/kortex_driver/srv/_package_GetI2CConfiguration.lisp)
Linked: (/root/ros_ws/devel/.private/kortex_driver/share/common-lisp/ros/kortex_driver/srv/GetAllConfiguredWifis.lisp, /root/ros_ws/devel/share/common-lisp/ros/kortex_driver/srv/GetAllConfiguredWifis.lisp)
Linked: (/root/ros_ws/devel/.private/kortex_driver/share/common-lisp/ros/kortex_driver/srv/_package_GetConfiguredWifi.lisp, /root/ros_ws/devel/share/common-lisp/ros/kortex_driver/srv/_package_GetConfiguredWifi.lisp)
Linked: (/root/ros_ws/devel/.private/kortex_driver/share/common-lisp/ros/kortex_driver/srv/_package_UpdateAction.lisp, /root/ros_ws/devel/share/common-lisp/ros/kortex_driver/srv/_package_UpdateAction.lisp)
Linked: (/root/ros_ws/devel/.private/kortex_driver/share/common-lisp/ros/kortex_driver/srv/GetAllJointsTorqueHardLimitation.lisp, /root/ros_ws/devel/share/common-lisp/ros/kortex_driver/srv/GetAllJointsTorqueHardLimitation.lisp)
Linked: (/root/ros_ws/devel/.private/kortex_driver/share/common-lisp/ros/kortex_driver/srv/_package_SetOperatingMode.lisp, /root/ros_ws/devel/share/common-lisp/ros/kortex_driver/srv/_package_SetOperatingMode.lisp)
Linked: (/root/ros_ws/devel/.private/kortex_driver/share/common-lisp/ros/kortex_driver/srv/_package_SetDeviceID.lisp, /root/ros_ws/devel/share/common-lisp/ros/kortex_driver/srv/_package_SetDeviceID.lisp)
Linked: (/root/ros_ws/devel/.private/kortex_driver/share/common-lisp/ros/kortex_driver/srv/_package_SetSafetyEnable.lisp, /root/ros_ws/devel/share/common-lisp/ros/kortex_driver/srv/_package_SetSafetyEnable.lisp)
Linked: (/root/ros_ws/devel/.private/kortex_driver/share/common-lisp/ros/kortex_driver/srv/GetAllJointsTorqueSoftLimitation.lisp, /root/ros_ws/devel/share/common-lisp/ros/kortex_driver/srv/GetAllJointsTorqueSoftLimitation.lisp)
Linked: (/root/ros_ws/devel/.private/kortex_driver/share/common-lisp/ros/kortex_driver/srv/AddSequenceTasks.lisp, /root/ros_ws/devel/share/common-lisp/ros/kortex_driver/srv/AddSequenceTasks.lisp)
Linked: (/root/ros_ws/devel/.private/kortex_driver/share/common-lisp/ros/kortex_driver/srv/_package_PlayJointTrajectory.lisp, /root/ros_ws/devel/share/common-lisp/ros/kortex_driver/srv/_package_PlayJointTrajectory.lisp)
Linked: (/root/ros_ws/devel/.private/kortex_driver/share/common-lisp/ros/kortex_driver/srv/GetMeasuredGripperMovement.lisp, /root/ros_ws/devel/share/common-lisp/ros/kortex_driver/srv/GetMeasuredGripperMovement.lisp)
Linked: (/root/ros_ws/devel/.private/kortex_driver/share/common-lisp/ros/kortex_driver/srv/_package_SetUARTConfiguration.lisp, /root/ros_ws/devel/share/common-lisp/ros/kortex_driver/srv/_package_SetUARTConfiguration.lisp)
Linked: (/root/ros_ws/devel/.private/kortex_driver/share/common-lisp/ros/kortex_driver/srv/PlayPreComputedJointTrajectory.lisp, /root/ros_ws/devel/share/common-lisp/ros/kortex_driver/srv/PlayPreComputedJointTrajectory.lisp)
Linked: (/root/ros_ws/devel/.private/kortex_driver/share/common-lisp/ros/kortex_driver/srv/_package_GetBluetoothEnableState.lisp, /root/ros_ws/devel/share/common-lisp/ros/kortex_driver/srv/_package_GetBluetoothEnableState.lisp)
Linked: (/root/ros_ws/devel/.private/kortex_driver/share/common-lisp/ros/kortex_driver/srv/_package_GetServoingMode.lisp, /root/ros_ws/devel/share/common-lisp/ros/kortex_driver/srv/_package_GetServoingMode.lisp)
Linked: (/root/ros_ws/devel/.private/kortex_driver/share/common-lisp/ros/kortex_driver/srv/_package_GetWifiEnableState.lisp, /root/ros_ws/devel/share/common-lisp/ros/kortex_driver/srv/_package_GetWifiEnableState.lisp)
Linked: (/root/ros_ws/devel/.private/kortex_driver/share/common-lisp/ros/kortex_driver/srv/_package_OnNotificationVisionTopic.lisp, /root/ros_ws/devel/share/common-lisp/ros/kortex_driver/srv/_package_OnNotificationVisionTopic.lisp)
Linked: (/root/ros_ws/devel/.private/kortex_driver/share/common-lisp/ros/kortex_driver/srv/ExecuteAction.lisp, /root/ros_ws/devel/share/common-lisp/ros/kortex_driver/srv/ExecuteAction.lisp)
Linked: (/root/ros_ws/devel/.private/kortex_driver/share/common-lisp/ros/kortex_driver/srv/SetOptionValue.lisp, /root/ros_ws/devel/share/common-lisp/ros/kortex_driver/srv/SetOptionValue.lisp)
Linked: (/root/ros_ws/devel/.private/kortex_driver/share/common-lisp/ros/kortex_driver/srv/GetDesiredSpeeds.lisp, /root/ros_ws/devel/share/common-lisp/ros/kortex_driver/srv/GetDesiredSpeeds.lisp)
Linked: (/root/ros_ws/devel/.private/kortex_driver/share/common-lisp/ros/kortex_driver/srv/_package_SetTorqueOffset.lisp, /root/ros_ws/devel/share/common-lisp/ros/kortex_driver/srv/_package_SetTorqueOffset.lisp)
Linked: (/root/ros_ws/devel/.private/kortex_driver/share/common-lisp/ros/kortex_driver/srv/ExecuteActionFromReference.lisp, /root/ros_ws/devel/share/common-lisp/ros/kortex_driver/srv/ExecuteActionFromReference.lisp)
Linked: (/root/ros_ws/devel/.private/kortex_driver/share/common-lisp/ros/kortex_driver/srv/ExecuteCalibration.lisp, /root/ros_ws/devel/share/common-lisp/ros/kortex_driver/srv/ExecuteCalibration.lisp)
Linked: (/root/ros_ws/devel/.private/kortex_driver/share/common-lisp/ros/kortex_driver/srv/_package_UpdateProtectionZone.lisp, /root/ros_ws/devel/share/common-lisp/ros/kortex_driver/srv/_package_UpdateProtectionZone.lisp)
Linked: (/root/ros_ws/devel/.private/kortex_driver/share/common-lisp/ros/kortex_driver/srv/Base_SetCapSenseConfig.lisp, /root/ros_ws/devel/share/common-lisp/ros/kortex_driver/srv/Base_SetCapSenseConfig.lisp)
Linked: (/root/ros_ws/devel/.private/kortex_driver/share/common-lisp/ros/kortex_driver/srv/OnNotificationUserTopic.lisp, /root/ros_ws/devel/share/common-lisp/ros/kortex_driver/srv/OnNotificationUserTopic.lisp)
Linked: (/root/ros_ws/devel/.private/kortex_driver/share/common-lisp/ros/kortex_driver/srv/_package_GetServoing.lisp, /root/ros_ws/devel/share/common-lisp/ros/kortex_driver/srv/_package_GetServoing.lisp)
Linked: (/root/ros_ws/devel/.private/kortex_driver/share/common-lisp/ros/kortex_driver/srv/SetControlLoopParameters.lisp, /root/ros_ws/devel/share/common-lisp/ros/kortex_driver/srv/SetControlLoopParameters.lisp)
Linked: (/root/ros_ws/devel/.private/kortex_driver/share/common-lisp/ros/kortex_driver/srv/_package_Base_Unsubscribe.lisp, /root/ros_ws/devel/share/common-lisp/ros/kortex_driver/srv/_package_Base_Unsubscribe.lisp)
Linked: (/root/ros_ws/devel/.private/kortex_driver/share/common-lisp/ros/kortex_driver/srv/_package_SetControllerConfigurationMode.lisp, /root/ros_ws/devel/share/common-lisp/ros/kortex_driver/srv/_package_SetControllerConfigurationMode.lisp)
Linked: (/root/ros_ws/devel/.private/kortex_driver/share/common-lisp/ros/kortex_driver/srv/_package_SetSensorSettings.lisp, /root/ros_ws/devel/share/common-lisp/ros/kortex_driver/srv/_package_SetSensorSettings.lisp)
Linked: (/root/ros_ws/devel/.private/kortex_driver/share/common-lisp/ros/kortex_driver/srv/GetCartesianReferenceFrame.lisp, /root/ros_ws/devel/share/common-lisp/ros/kortex_driver/srv/GetCartesianReferenceFrame.lisp)
Linked: (/root/ros_ws/devel/.private/kortex_driver/share/common-lisp/ros/kortex_driver/srv/GetControllerConfigurationMode.lisp, /root/ros_ws/devel/share/common-lisp/ros/kortex_driver/srv/GetControllerConfigurationMode.lisp)
Linked: (/root/ros_ws/devel/.private/kortex_driver/share/common-lisp/ros/kortex_driver/srv/_package_SetGravityVector.lisp, /root/ros_ws/devel/share/common-lisp/ros/kortex_driver/srv/_package_SetGravityVector.lisp)
Linked: (/root/ros_ws/devel/.private/kortex_driver/share/common-lisp/ros/kortex_driver/srv/_package_GetOperatingMode.lisp, /root/ros_ws/devel/share/common-lisp/ros/kortex_driver/srv/_package_GetOperatingMode.lisp)
Linked: (/root/ros_ws/devel/.private/kortex_driver/share/common-lisp/ros/kortex_driver/srv/_package_StopSequence.lisp, /root/ros_ws/devel/share/common-lisp/ros/kortex_driver/srv/_package_StopSequence.lisp)
Linked: (/root/ros_ws/devel/.private/kortex_driver/share/common-lisp/ros/kortex_driver/srv/GetTwistHardLimitation.lisp, /root/ros_ws/devel/share/common-lisp/ros/kortex_driver/srv/GetTwistHardLimitation.lisp)
Linked: (/root/ros_ws/devel/.private/kortex_driver/share/common-lisp/ros/kortex_driver/srv/UpdateSequenceTask.lisp, /root/ros_ws/devel/share/common-lisp/ros/kortex_driver/srv/UpdateSequenceTask.lisp)
Linked: (/root/ros_ws/devel/.private/kortex_driver/share/common-lisp/ros/kortex_driver/srv/_package_ResetJointSpeedSoftLimits.lisp, /root/ros_ws/devel/share/common-lisp/ros/kortex_driver/srv/_package_ResetJointSpeedSoftLimits.lisp)
Linked: (/root/ros_ws/devel/.private/kortex_driver/share/common-lisp/ros/kortex_driver/srv/_package_SetSafetyConfiguration.lisp, /root/ros_ws/devel/share/common-lisp/ros/kortex_driver/srv/_package_SetSafetyConfiguration.lisp)
Linked: (/root/ros_ws/devel/.private/kortex_driver/share/common-lisp/ros/kortex_driver/srv/_package_GetAllConfiguredWifis.lisp, /root/ros_ws/devel/share/common-lisp/ros/kortex_driver/srv/_package_GetAllConfiguredWifis.lisp)
Linked: (/root/ros_ws/devel/.private/kortex_driver/share/common-lisp/ros/kortex_driver/srv/DeviceConfig_GetCapSenseConfig.lisp, /root/ros_ws/devel/share/common-lisp/ros/kortex_driver/srv/DeviceConfig_GetCapSenseConfig.lisp)
Linked: (/root/ros_ws/devel/.private/kortex_driver/share/common-lisp/ros/kortex_driver/srv/SetEthernetConfiguration.lisp, /root/ros_ws/devel/share/common-lisp/ros/kortex_driver/srv/SetEthernetConfiguration.lisp)
Linked: (/root/ros_ws/devel/.private/kortex_driver/share/common-lisp/ros/kortex_driver/srv/PlayAdvancedSequence.lisp, /root/ros_ws/devel/share/common-lisp/ros/kortex_driver/srv/PlayAdvancedSequence.lisp)
Linked: (/root/ros_ws/devel/.private/kortex_driver/share/common-lisp/ros/kortex_driver/srv/_package_SetAdmittance.lisp, /root/ros_ws/devel/share/common-lisp/ros/kortex_driver/srv/_package_SetAdmittance.lisp)
Linked: (/root/ros_ws/devel/.private/kortex_driver/share/common-lisp/ros/kortex_driver/srv/GetPartNumberRevision.lisp, /root/ros_ws/devel/share/common-lisp/ros/kortex_driver/srv/GetPartNumberRevision.lisp)
Linked: (/root/ros_ws/devel/.private/kortex_driver/share/common-lisp/ros/kortex_driver/srv/GetMACAddress.lisp, /root/ros_ws/devel/share/common-lisp/ros/kortex_driver/srv/GetMACAddress.lisp)
Linked: (/root/ros_ws/devel/.private/kortex_driver/share/common-lisp/ros/kortex_driver/srv/SetExtrinsicParameters.lisp, /root/ros_ws/devel/share/common-lisp/ros/kortex_driver/srv/SetExtrinsicParameters.lisp)
Linked: (/root/ros_ws/devel/.private/kortex_driver/share/common-lisp/ros/kortex_driver/srv/RestoreFactoryProductConfiguration.lisp, /root/ros_ws/devel/share/common-lisp/ros/kortex_driver/srv/RestoreFactoryProductConfiguration.lisp)
Linked: (/root/ros_ws/devel/.private/kortex_driver/share/common-lisp/ros/kortex_driver/srv/_package_EnableBridge.lisp, /root/ros_ws/devel/share/common-lisp/ros/kortex_driver/srv/_package_EnableBridge.lisp)
Linked: (/root/ros_ws/devel/.private/kortex_driver/share/common-lisp/ros/kortex_driver/srv/_package_GetAllSafetyInformation.lisp, /root/ros_ws/devel/share/common-lisp/ros/kortex_driver/srv/_package_GetAllSafetyInformation.lisp)
Linked: (/root/ros_ws/devel/.private/kortex_driver/share/common-lisp/ros/kortex_driver/srv/_package_AddSequenceTasks.lisp, /root/ros_ws/devel/share/common-lisp/ros/kortex_driver/srv/_package_AddSequenceTasks.lisp)
Linked: (/root/ros_ws/devel/.private/kortex_driver/share/common-lisp/ros/kortex_driver/srv/_package_SetPayloadInformation.lisp, /root/ros_ws/devel/share/common-lisp/ros/kortex_driver/srv/_package_SetPayloadInformation.lisp)
Linked: (/root/ros_ws/devel/.private/kortex_driver/share/common-lisp/ros/kortex_driver/srv/_package_OnNotificationControlConfigurationTopic.lisp, /root/ros_ws/devel/share/common-lisp/ros/kortex_driver/srv/_package_OnNotificationControlConfigurationTopic.lisp)
Linked: (/root/ros_ws/devel/.private/kortex_driver/share/common-lisp/ros/kortex_driver/srv/_package_OnNotificationNetworkTopic.lisp, /root/ros_ws/devel/share/common-lisp/ros/kortex_driver/srv/_package_OnNotificationNetworkTopic.lisp)
Linked: (/root/ros_ws/devel/.private/kortex_driver/share/common-lisp/ros/kortex_driver/srv/GetMeasuredJointAngles.lisp, /root/ros_ws/devel/share/common-lisp/ros/kortex_driver/srv/GetMeasuredJointAngles.lisp)
Linked: (/root/ros_ws/devel/.private/kortex_driver/share/common-lisp/ros/kortex_driver/srv/SetControllerConfiguration.lisp, /root/ros_ws/devel/share/common-lisp/ros/kortex_driver/srv/SetControllerConfiguration.lisp)
Linked: (/root/ros_ws/devel/.private/kortex_driver/share/common-lisp/ros/kortex_driver/srv/_package_ReadAllSequences.lisp, /root/ros_ws/devel/share/common-lisp/ros/kortex_driver/srv/_package_ReadAllSequences.lisp)
Linked: (/root/ros_ws/devel/.private/kortex_driver/share/common-lisp/ros/kortex_driver/srv/_package_SetApiOptions.lisp, /root/ros_ws/devel/share/common-lisp/ros/kortex_driver/srv/_package_SetApiOptions.lisp)
Linked: (/root/ros_ws/devel/.private/kortex_driver/share/common-lisp/ros/kortex_driver/srv/_package_GetSafetyConfiguration.lisp, /root/ros_ws/devel/share/common-lisp/ros/kortex_driver/srv/_package_GetSafetyConfiguration.lisp)
Linked: (/root/ros_ws/devel/.private/kortex_driver/share/common-lisp/ros/kortex_driver/srv/_package_GetModelNumber.lisp, /root/ros_ws/devel/share/common-lisp/ros/kortex_driver/srv/_package_GetModelNumber.lisp)
Linked: (/root/ros_ws/devel/.private/kortex_driver/share/common-lisp/ros/kortex_driver/srv/_package_SetCommunicationInterfaceEnable.lisp, /root/ros_ws/devel/share/common-lisp/ros/kortex_driver/srv/_package_SetCommunicationInterfaceEnable.lisp)
Linked: (/root/ros_ws/devel/.private/kortex_driver/share/common-lisp/ros/kortex_driver/srv/kortex_driver-srv.asd, /root/ros_ws/devel/share/common-lisp/ros/kortex_driver/srv/kortex_driver-srv.asd)
Linked: (/root/ros_ws/devel/.private/kortex_driver/share/common-lisp/ros/kortex_driver/srv/SendJointSpeedsCommand.lisp, /root/ros_ws/devel/share/common-lisp/ros/kortex_driver/srv/SendJointSpeedsCommand.lisp)
Linked: (/root/ros_ws/devel/.private/kortex_driver/share/common-lisp/ros/kortex_driver/srv/_package_GetIntrinsicParametersProfile.lisp, /root/ros_ws/devel/share/common-lisp/ros/kortex_driver/srv/_package_GetIntrinsicParametersProfile.lisp)
Linked: (/root/ros_ws/devel/.private/kortex_driver/share/common-lisp/ros/kortex_driver/srv/_package_ReadAction.lisp, /root/ros_ws/devel/share/common-lisp/ros/kortex_driver/srv/_package_ReadAction.lisp)
Linked: (/root/ros_ws/devel/.private/kortex_driver/share/common-lisp/ros/kortex_driver/srv/_package_OnNotificationControllerTopic.lisp, /root/ros_ws/devel/share/common-lisp/ros/kortex_driver/srv/_package_OnNotificationControllerTopic.lisp)
Linked: (/root/ros_ws/devel/.private/kortex_driver/share/common-lisp/ros/kortex_driver/srv/DoSensorFocusAction.lisp, /root/ros_ws/devel/share/common-lisp/ros/kortex_driver/srv/DoSensorFocusAction.lisp)
Linked: (/root/ros_ws/devel/.private/kortex_driver/share/common-lisp/ros/kortex_driver/srv/_package_GetOptionValue.lisp, /root/ros_ws/devel/share/common-lisp/ros/kortex_driver/srv/_package_GetOptionValue.lisp)
Linked: (/root/ros_ws/devel/.private/kortex_driver/share/common-lisp/ros/kortex_driver/srv/_package_GetPayloadInformation.lisp, /root/ros_ws/devel/share/common-lisp/ros/kortex_driver/srv/_package_GetPayloadInformation.lisp)
Linked: (/root/ros_ws/devel/.private/kortex_driver/share/common-lisp/ros/kortex_driver/srv/GetSensorSettings.lisp, /root/ros_ws/devel/share/common-lisp/ros/kortex_driver/srv/GetSensorSettings.lisp)
Linked: (/root/ros_ws/devel/.private/kortex_driver/share/common-lisp/ros/kortex_driver/srv/SetGPIOState.lisp, /root/ros_ws/devel/share/common-lisp/ros/kortex_driver/srv/SetGPIOState.lisp)
Linked: (/root/ros_ws/devel/.private/kortex_driver/share/common-lisp/ros/kortex_driver/srv/StopTeaching.lisp, /root/ros_ws/devel/share/common-lisp/ros/kortex_driver/srv/StopTeaching.lisp)
Linked: (/root/ros_ws/devel/.private/kortex_driver/share/common-lisp/ros/kortex_driver/srv/_package_GetAllJointsSpeedSoftLimitation.lisp, /root/ros_ws/devel/share/common-lisp/ros/kortex_driver/srv/_package_GetAllJointsSpeedSoftLimitation.lisp)
Linked: (/root/ros_ws/devel/.private/kortex_driver/share/common-lisp/ros/kortex_driver/srv/_package_OnNotificationFactoryTopic.lisp, /root/ros_ws/devel/share/common-lisp/ros/kortex_driver/srv/_package_OnNotificationFactoryTopic.lisp)
Linked: (/root/ros_ws/devel/.private/kortex_driver/share/common-lisp/ros/kortex_driver/srv/_package_GetSafetyStatus.lisp, /root/ros_ws/devel/share/common-lisp/ros/kortex_driver/srv/_package_GetSafetyStatus.lisp)
Linked: (/root/ros_ws/devel/.private/kortex_driver/share/common-lisp/ros/kortex_driver/srv/SetServoing.lisp, /root/ros_ws/devel/share/common-lisp/ros/kortex_driver/srv/SetServoing.lisp)
Linked: (/root/ros_ws/devel/.private/kortex_driver/share/common-lisp/ros/kortex_driver/srv/SetSafetyEnable.lisp, /root/ros_ws/devel/share/common-lisp/ros/kortex_driver/srv/SetSafetyEnable.lisp)
Linked: (/root/ros_ws/devel/.private/kortex_driver/share/common-lisp/ros/kortex_driver/srv/SendSelectedJointSpeedCommand.lisp, /root/ros_ws/devel/share/common-lisp/ros/kortex_driver/srv/SendSelectedJointSpeedCommand.lisp)
Linked: (/root/ros_ws/devel/.private/kortex_driver/share/common-lisp/ros/kortex_driver/srv/_package_PauseSequence.lisp, /root/ros_ws/devel/share/common-lisp/ros/kortex_driver/srv/_package_PauseSequence.lisp)
Linked: (/root/ros_ws/devel/.private/kortex_driver/share/common-lisp/ros/kortex_driver/srv/_package_SetDesiredLinearTwist.lisp, /root/ros_ws/devel/share/common-lisp/ros/kortex_driver/srv/_package_SetDesiredLinearTwist.lisp)
Linked: (/root/ros_ws/devel/.private/kortex_driver/share/common-lisp/ros/kortex_driver/srv/GetIntrinsicParameters.lisp, /root/ros_ws/devel/share/common-lisp/ros/kortex_driver/srv/GetIntrinsicParameters.lisp)
Linked: (/root/ros_ws/devel/.private/kortex_driver/share/common-lisp/ros/kortex_driver/srv/GetSelectedCustomData.lisp, /root/ros_ws/devel/share/common-lisp/ros/kortex_driver/srv/GetSelectedCustomData.lisp)
Linked: (/root/ros_ws/devel/.private/kortex_driver/share/common-lisp/ros/kortex_driver/srv/SelectCustomData.lisp, /root/ros_ws/devel/share/common-lisp/ros/kortex_driver/srv/SelectCustomData.lisp)
Linked: (/root/ros_ws/devel/.private/kortex_driver/share/common-lisp/ros/kortex_driver/srv/GetAllControllerConfigurations.lisp, /root/ros_ws/devel/share/common-lisp/ros/kortex_driver/srv/GetAllControllerConfigurations.lisp)
Linked: (/root/ros_ws/devel/.private/kortex_driver/share/common-lisp/ros/kortex_driver/srv/GetRunMode.lisp, /root/ros_ws/devel/share/common-lisp/ros/kortex_driver/srv/GetRunMode.lisp)
Linked: (/root/ros_ws/devel/.private/kortex_driver/share/common-lisp/ros/kortex_driver/srv/GetSafetyStatus.lisp, /root/ros_ws/devel/share/common-lisp/ros/kortex_driver/srv/GetSafetyStatus.lisp)
Linked: (/root/ros_ws/devel/.private/kortex_driver/share/common-lisp/ros/kortex_driver/srv/_package_ReadAllActions.lisp, /root/ros_ws/devel/share/common-lisp/ros/kortex_driver/srv/_package_ReadAllActions.lisp)
Linked: (/root/ros_ws/devel/.private/kortex_driver/share/common-lisp/ros/kortex_driver/srv/_package_GetSerialNumber.lisp, /root/ros_ws/devel/share/common-lisp/ros/kortex_driver/srv/_package_GetSerialNumber.lisp)
Linked: (/root/ros_ws/devel/.private/kortex_driver/share/common-lisp/ros/kortex_driver/srv/_package_GetSensorSettings.lisp, /root/ros_ws/devel/share/common-lisp/ros/kortex_driver/srv/_package_GetSensorSettings.lisp)
Linked: (/root/ros_ws/devel/.private/kortex_driver/share/common-lisp/ros/kortex_driver/srv/ComputeInverseKinematics.lisp, /root/ros_ws/devel/share/common-lisp/ros/kortex_driver/srv/ComputeInverseKinematics.lisp)
Linked: (/root/ros_ws/devel/.private/kortex_driver/share/common-lisp/ros/kortex_driver/srv/_package_Base_GetControlMode.lisp, /root/ros_ws/devel/share/common-lisp/ros/kortex_driver/srv/_package_Base_GetControlMode.lisp)
Linked: (/root/ros_ws/devel/.private/kortex_driver/share/common-lisp/ros/kortex_driver/srv/_package_StopAction.lisp, /root/ros_ws/devel/share/common-lisp/ros/kortex_driver/srv/_package_StopAction.lisp)
Linked: (/root/ros_ws/devel/.private/kortex_driver/share/common-lisp/ros/kortex_driver/srv/_package_ExecuteWaypointTrajectory.lisp, /root/ros_ws/devel/share/common-lisp/ros/kortex_driver/srv/_package_ExecuteWaypointTrajectory.lisp)
Linked: (/root/ros_ws/devel/.private/kortex_driver/share/common-lisp/ros/kortex_driver/srv/SendGripperCommand.lisp, /root/ros_ws/devel/share/common-lisp/ros/kortex_driver/srv/SendGripperCommand.lisp)
Linked: (/root/ros_ws/devel/.private/kortex_driver/share/common-lisp/ros/kortex_driver/srv/GetArmState.lisp, /root/ros_ws/devel/share/common-lisp/ros/kortex_driver/srv/GetArmState.lisp)
Linked: (/root/ros_ws/devel/.private/kortex_driver/share/common-lisp/ros/kortex_driver/srv/_package_SetExtrinsicParameters.lisp, /root/ros_ws/devel/share/common-lisp/ros/kortex_driver/srv/_package_SetExtrinsicParameters.lisp)
Linked: (/root/ros_ws/devel/.private/kortex_driver/share/common-lisp/ros/kortex_driver/srv/_package_SetCartesianReferenceFrame.lisp, /root/ros_ws/devel/share/common-lisp/ros/kortex_driver/srv/_package_SetCartesianReferenceFrame.lisp)
Linked: (/root/ros_ws/devel/.private/kortex_driver/share/common-lisp/ros/kortex_driver/srv/_package_GetBridgeList.lisp, /root/ros_ws/devel/share/common-lisp/ros/kortex_driver/srv/_package_GetBridgeList.lisp)
Linked: (/root/ros_ws/devel/.private/kortex_driver/share/common-lisp/ros/kortex_driver/srv/_package_SetCoggingFeedforwardMode.lisp, /root/ros_ws/devel/share/common-lisp/ros/kortex_driver/srv/_package_SetCoggingFeedforwardMode.lisp)
Linked: (/root/ros_ws/devel/.private/kortex_driver/share/common-lisp/ros/kortex_driver/srv/GetI2CConfiguration.lisp, /root/ros_ws/devel/share/common-lisp/ros/kortex_driver/srv/GetI2CConfiguration.lisp)
Linked: (/root/ros_ws/devel/.private/kortex_driver/share/common-lisp/ros/kortex_driver/srv/_package_SetServoing.lisp, /root/ros_ws/devel/share/common-lisp/ros/kortex_driver/srv/_package_SetServoing.lisp)
Linked: (/root/ros_ws/devel/.private/kortex_driver/share/common-lisp/ros/kortex_driver/srv/_package_SetGPIOState.lisp, /root/ros_ws/devel/share/common-lisp/ros/kortex_driver/srv/_package_SetGPIOState.lisp)
Linked: (/root/ros_ws/devel/.private/kortex_driver/share/common-lisp/ros/kortex_driver/srv/ReadMap.lisp, /root/ros_ws/devel/share/common-lisp/ros/kortex_driver/srv/ReadMap.lisp)
Linked: (/root/ros_ws/devel/.private/kortex_driver/share/common-lisp/ros/kortex_driver/srv/GetTorqueOffset.lisp, /root/ros_ws/devel/share/common-lisp/ros/kortex_driver/srv/GetTorqueOffset.lisp)
Linked: (/root/ros_ws/devel/.private/kortex_driver/share/common-lisp/ros/kortex_driver/srv/_package_DeleteMapping.lisp, /root/ros_ws/devel/share/common-lisp/ros/kortex_driver/srv/_package_DeleteMapping.lisp)
Linked: (/root/ros_ws/devel/.private/kortex_driver/share/common-lisp/ros/kortex_driver/srv/_package_GetUARTConfiguration.lisp, /root/ros_ws/devel/share/common-lisp/ros/kortex_driver/srv/_package_GetUARTConfiguration.lisp)
Linked: (/root/ros_ws/devel/.private/kortex_driver/share/common-lisp/ros/kortex_driver/srv/_package_CreateProtectionZone.lisp, /root/ros_ws/devel/share/common-lisp/ros/kortex_driver/srv/_package_CreateProtectionZone.lisp)
Linked: (/root/ros_ws/devel/.private/kortex_driver/share/common-lisp/ros/kortex_driver/srv/ReadAllDevices.lisp, /root/ros_ws/devel/share/common-lisp/ros/kortex_driver/srv/ReadAllDevices.lisp)
Linked: (/root/ros_ws/devel/.private/kortex_driver/share/common-lisp/ros/kortex_driver/srv/SetCoggingFeedforwardMode.lisp, /root/ros_ws/devel/share/common-lisp/ros/kortex_driver/srv/SetCoggingFeedforwardMode.lisp)
Linked: (/root/ros_ws/devel/.private/kortex_driver/share/common-lisp/ros/kortex_driver/srv/_package_GetTwistSoftLimitation.lisp, /root/ros_ws/devel/share/common-lisp/ros/kortex_driver/srv/_package_GetTwistSoftLimitation.lisp)
Linked: (/root/ros_ws/devel/.private/kortex_driver/share/common-lisp/ros/kortex_driver/srv/ClearSafetyStatus.lisp, /root/ros_ws/devel/share/common-lisp/ros/kortex_driver/srv/ClearSafetyStatus.lisp)
Linked: (/root/ros_ws/devel/.private/kortex_driver/share/common-lisp/ros/kortex_driver/srv/DeleteAllSequenceTasks.lisp, /root/ros_ws/devel/share/common-lisp/ros/kortex_driver/srv/DeleteAllSequenceTasks.lisp)
Linked: (/root/ros_ws/devel/.private/kortex_driver/share/common-lisp/ros/kortex_driver/srv/OnNotificationSafetyTopic.lisp, /root/ros_ws/devel/share/common-lisp/ros/kortex_driver/srv/OnNotificationSafetyTopic.lisp)
Linked: (/root/ros_ws/devel/.private/kortex_driver/share/common-lisp/ros/kortex_driver/srv/_package_GetCoggingFeedforwardMode.lisp, /root/ros_ws/devel/share/common-lisp/ros/kortex_driver/srv/_package_GetCoggingFeedforwardMode.lisp)
Linked: (/root/ros_ws/devel/.private/kortex_driver/share/common-lisp/ros/kortex_driver/srv/OnNotificationSequenceInfoTopic.lisp, /root/ros_ws/devel/share/common-lisp/ros/kortex_driver/srv/OnNotificationSequenceInfoTopic.lisp)
Linked: (/root/ros_ws/devel/.private/kortex_driver/share/common-lisp/ros/kortex_driver/srv/_package_OnNotificationMappingInfoTopic.lisp, /root/ros_ws/devel/share/common-lisp/ros/kortex_driver/srv/_package_OnNotificationMappingInfoTopic.lisp)
Linked: (/root/ros_ws/devel/.private/kortex_driver/share/common-lisp/ros/kortex_driver/srv/_package_ConnectWifi.lisp, /root/ros_ws/devel/share/common-lisp/ros/kortex_driver/srv/_package_ConnectWifi.lisp)
Linked: (/root/ros_ws/devel/.private/kortex_driver/share/common-lisp/ros/kortex_driver/srv/_package_UpdateEndEffectorTypeConfiguration.lisp, /root/ros_ws/devel/share/common-lisp/ros/kortex_driver/srv/_package_UpdateEndEffectorTypeConfiguration.lisp)
Linked: (/root/ros_ws/devel/.private/kortex_driver/share/common-lisp/ros/kortex_driver/srv/ResetPayloadInformation.lisp, /root/ros_ws/devel/share/common-lisp/ros/kortex_driver/srv/ResetPayloadInformation.lisp)
Linked: (/root/ros_ws/devel/.private/kortex_driver/share/common-lisp/ros/kortex_driver/srv/_package_SwapSequenceTasks.lisp, /root/ros_ws/devel/share/common-lisp/ros/kortex_driver/srv/_package_SwapSequenceTasks.lisp)
Linked: (/root/ros_ws/devel/.private/kortex_driver/share/common-lisp/ros/kortex_driver/srv/_package_ExecuteCalibration.lisp, /root/ros_ws/devel/share/common-lisp/ros/kortex_driver/srv/_package_ExecuteCalibration.lisp)
Linked: (/root/ros_ws/devel/.private/kortex_driver/share/common-lisp/ros/kortex_driver/srv/_package_ActuatorConfig_GetControlMode.lisp, /root/ros_ws/devel/share/common-lisp/ros/kortex_driver/srv/_package_ActuatorConfig_GetControlMode.lisp)
Linked: (/root/ros_ws/devel/.private/kortex_driver/share/common-lisp/ros/kortex_driver/srv/_package_ComputeInverseKinematics.lisp, /root/ros_ws/devel/share/common-lisp/ros/kortex_driver/srv/_package_ComputeInverseKinematics.lisp)
Linked: (/root/ros_ws/devel/.private/kortex_driver/share/common-lisp/ros/kortex_driver/srv/_package_Base_SetCapSenseConfig.lisp, /root/ros_ws/devel/share/common-lisp/ros/kortex_driver/srv/_package_Base_SetCapSenseConfig.lisp)
Linked: (/root/ros_ws/devel/.private/kortex_driver/share/common-lisp/ros/kortex_driver/srv/RestoreFactorySettings.lisp, /root/ros_ws/devel/share/common-lisp/ros/kortex_driver/srv/RestoreFactorySettings.lisp)
Linked: (/root/ros_ws/devel/.private/kortex_driver/share/common-lisp/ros/kortex_driver/srv/_package_DoSensorFocusAction.lisp, /root/ros_ws/devel/share/common-lisp/ros/kortex_driver/srv/_package_DoSensorFocusAction.lisp)
Linked: (/root/ros_ws/devel/.private/kortex_driver/share/common-lisp/ros/kortex_driver/srv/SetJointSpeedSoftLimits.lisp, /root/ros_ws/devel/share/common-lisp/ros/kortex_driver/srv/SetJointSpeedSoftLimits.lisp)
Linked: (/root/ros_ws/devel/.private/kortex_driver/share/common-lisp/ros/kortex_driver/srv/GetAllSafetyConfiguration.lisp, /root/ros_ws/devel/share/common-lisp/ros/kortex_driver/srv/GetAllSafetyConfiguration.lisp)
Linked: (/root/ros_ws/devel/.private/kortex_driver/share/common-lisp/ros/kortex_driver/srv/_package_SetRunMode.lisp, /root/ros_ws/devel/share/common-lisp/ros/kortex_driver/srv/_package_SetRunMode.lisp)
Linked: (/root/ros_ws/devel/.private/kortex_driver/share/common-lisp/ros/kortex_driver/srv/_package_ResetJointAccelerationSoftLimits.lisp, /root/ros_ws/devel/share/common-lisp/ros/kortex_driver/srv/_package_ResetJointAccelerationSoftLimits.lisp)
Linked: (/root/ros_ws/devel/.private/kortex_driver/share/common-lisp/ros/kortex_driver/srv/_package_GetTrajectoryErrorReport.lisp, /root/ros_ws/devel/share/common-lisp/ros/kortex_driver/srv/_package_GetTrajectoryErrorReport.lisp)
Linked: (/root/ros_ws/devel/.private/kortex_driver/share/common-lisp/ros/kortex_driver/srv/GetPayloadInformation.lisp, /root/ros_ws/devel/share/common-lisp/ros/kortex_driver/srv/GetPayloadInformation.lisp)
Linked: (/root/ros_ws/devel/.private/kortex_driver/share/common-lisp/ros/kortex_driver/srv/GetAxisOffsets.lisp, /root/ros_ws/devel/share/common-lisp/ros/kortex_driver/srv/GetAxisOffsets.lisp)
Linked: (/root/ros_ws/devel/.private/kortex_driver/share/common-lisp/ros/kortex_driver/srv/Stop.lisp, /root/ros_ws/devel/share/common-lisp/ros/kortex_driver/srv/Stop.lisp)
Linked: (/root/ros_ws/devel/.private/kortex_driver/share/common-lisp/ros/kortex_driver/srv/_package_StopCalibration.lisp, /root/ros_ws/devel/share/common-lisp/ros/kortex_driver/srv/_package_StopCalibration.lisp)
Linked: (/root/ros_ws/devel/.private/kortex_driver/share/common-lisp/ros/kortex_driver/srv/_package_ApplyEmergencyStop.lisp, /root/ros_ws/devel/share/common-lisp/ros/kortex_driver/srv/_package_ApplyEmergencyStop.lisp)
Linked: (/root/ros_ws/devel/.private/kortex_driver/share/common-lisp/ros/kortex_driver/srv/GetWrenchHardLimitation.lisp, /root/ros_ws/devel/share/common-lisp/ros/kortex_driver/srv/GetWrenchHardLimitation.lisp)
Linked: (/root/ros_ws/devel/.private/kortex_driver/share/common-lisp/ros/kortex_driver/srv/_package_CreateSequence.lisp, /root/ros_ws/devel/share/common-lisp/ros/kortex_driver/srv/_package_CreateSequence.lisp)
Linked: (/root/ros_ws/devel/.private/kortex_driver/share/common-lisp/ros/kortex_driver/srv/DeleteAction.lisp, /root/ros_ws/devel/share/common-lisp/ros/kortex_driver/srv/DeleteAction.lisp)
Linked: (/root/ros_ws/devel/.private/kortex_driver/share/common-lisp/ros/kortex_driver/srv/_package_MoveToPosition.lisp, /root/ros_ws/devel/share/common-lisp/ros/kortex_driver/srv/_package_MoveToPosition.lisp)
Linked: (/root/ros_ws/devel/.private/kortex_driver/share/common-lisp/ros/kortex_driver/srv/_package_SetIPv4Settings.lisp, /root/ros_ws/devel/share/common-lisp/ros/kortex_driver/srv/_package_SetIPv4Settings.lisp)
Linked: (/root/ros_ws/devel/.private/kortex_driver/share/common-lisp/ros/kortex_driver/srv/ResetJointAccelerationSoftLimits.lisp, /root/ros_ws/devel/share/common-lisp/ros/kortex_driver/srv/ResetJointAccelerationSoftLimits.lisp)
Linked: (/root/ros_ws/devel/.private/kortex_driver/share/common-lisp/ros/kortex_driver/srv/ControlConfig_Unsubscribe.lisp, /root/ros_ws/devel/share/common-lisp/ros/kortex_driver/srv/ControlConfig_Unsubscribe.lisp)
Linked: (/root/ros_ws/devel/.private/kortex_driver/share/common-lisp/ros/kortex_driver/srv/GetSafetyEnable.lisp, /root/ros_ws/devel/share/common-lisp/ros/kortex_driver/srv/GetSafetyEnable.lisp)
Linked: (/root/ros_ws/devel/.private/kortex_driver/share/common-lisp/ros/kortex_driver/srv/_package_IsCommunicationInterfaceEnable.lisp, /root/ros_ws/devel/share/common-lisp/ros/kortex_driver/srv/_package_IsCommunicationInterfaceEnable.lisp)
Linked: (/root/ros_ws/devel/.private/kortex_driver/share/common-lisp/ros/kortex_driver/srv/ActivateMap.lisp, /root/ros_ws/devel/share/common-lisp/ros/kortex_driver/srv/ActivateMap.lisp)
Linked: (/root/ros_ws/devel/.private/kortex_driver/share/common-lisp/ros/kortex_driver/srv/SetIPv4Configuration.lisp, /root/ros_ws/devel/share/common-lisp/ros/kortex_driver/srv/SetIPv4Configuration.lisp)
Linked: (/root/ros_ws/devel/.private/kortex_driver/share/common-lisp/ros/kortex_driver/srv/RebootRequest.lisp, /root/ros_ws/devel/share/common-lisp/ros/kortex_driver/srv/RebootRequest.lisp)
Linked: (/root/ros_ws/devel/.private/kortex_driver/share/common-lisp/ros/kortex_driver/srv/SetRunMode.lisp, /root/ros_ws/devel/share/common-lisp/ros/kortex_driver/srv/SetRunMode.lisp)
Linked: (/root/ros_ws/devel/.private/kortex_driver/share/common-lisp/ros/kortex_driver/srv/_package_UpdateMapping.lisp, /root/ros_ws/devel/share/common-lisp/ros/kortex_driver/srv/_package_UpdateMapping.lisp)
Linked: (/root/ros_ws/devel/.private/kortex_driver/share/common-lisp/ros/kortex_driver/srv/UpdateUserProfile.lisp, /root/ros_ws/devel/share/common-lisp/ros/kortex_driver/srv/UpdateUserProfile.lisp)
Linked: (/root/ros_ws/devel/.private/kortex_driver/share/common-lisp/ros/kortex_driver/srv/_package_ComputeForwardKinematics.lisp, /root/ros_ws/devel/share/common-lisp/ros/kortex_driver/srv/_package_ComputeForwardKinematics.lisp)
Linked: (/root/ros_ws/devel/.private/kortex_driver/share/common-lisp/ros/kortex_driver/srv/GetServoing.lisp, /root/ros_ws/devel/share/common-lisp/ros/kortex_driver/srv/GetServoing.lisp)
Linked: (/root/ros_ws/devel/.private/kortex_driver/share/common-lisp/ros/kortex_driver/srv/GetWrenchSoftLimitation.lisp, /root/ros_ws/devel/share/common-lisp/ros/kortex_driver/srv/GetWrenchSoftLimitation.lisp)
Linked: (/root/ros_ws/devel/.private/kortex_driver/share/common-lisp/ros/kortex_driver/srv/_package_SetGPIOConfiguration.lisp, /root/ros_ws/devel/share/common-lisp/ros/kortex_driver/srv/_package_SetGPIOConfiguration.lisp)
Linked: (/root/ros_ws/devel/.private/kortex_driver/share/common-lisp/ros/kortex_driver/srv/_package_GetMeasuredJointAngles.lisp, /root/ros_ws/devel/share/common-lisp/ros/kortex_driver/srv/_package_GetMeasuredJointAngles.lisp)
Linked: (/root/ros_ws/devel/.private/kortex_driver/share/common-lisp/ros/kortex_driver/srv/_package_CreateAction.lisp, /root/ros_ws/devel/share/common-lisp/ros/kortex_driver/srv/_package_CreateAction.lisp)
Linked: (/root/ros_ws/devel/.private/kortex_driver/share/common-lisp/ros/kortex_driver/srv/SetTwistAngularSoftLimit.lisp, /root/ros_ws/devel/share/common-lisp/ros/kortex_driver/srv/SetTwistAngularSoftLimit.lisp)
Linked: (/root/ros_ws/devel/.private/kortex_driver/share/common-lisp/ros/kortex_driver/srv/GetTrajectoryErrorReport.lisp, /root/ros_ws/devel/share/common-lisp/ros/kortex_driver/srv/GetTrajectoryErrorReport.lisp)
Linked: (/root/ros_ws/devel/.private/kortex_driver/share/common-lisp/ros/kortex_driver/srv/_package_GetIntrinsicParameters.lisp, /root/ros_ws/devel/share/common-lisp/ros/kortex_driver/srv/_package_GetIntrinsicParameters.lisp)
Linked: (/root/ros_ws/devel/.private/kortex_driver/share/common-lisp/ros/kortex_driver/srv/GetIPv4Configuration.lisp, /root/ros_ws/devel/share/common-lisp/ros/kortex_driver/srv/GetIPv4Configuration.lisp)
Linked: (/root/ros_ws/devel/.private/kortex_driver/share/common-lisp/ros/kortex_driver/srv/ReadAllUsers.lisp, /root/ros_ws/devel/share/common-lisp/ros/kortex_driver/srv/ReadAllUsers.lisp)
Linked: (/root/ros_ws/devel/.private/kortex_driver/share/common-lisp/ros/kortex_driver/srv/_package_ResetPayloadInformation.lisp, /root/ros_ws/devel/share/common-lisp/ros/kortex_driver/srv/_package_ResetPayloadInformation.lisp)
Linked: (/root/ros_ws/devel/.private/kortex_driver/share/common-lisp/ros/kortex_driver/srv/_package_GetAllSafetyConfiguration.lisp, /root/ros_ws/devel/share/common-lisp/ros/kortex_driver/srv/_package_GetAllSafetyConfiguration.lisp)
Linked: (/root/ros_ws/devel/.private/kortex_driver/share/common-lisp/ros/kortex_driver/srv/_package_SetServoingMode.lisp, /root/ros_ws/devel/share/common-lisp/ros/kortex_driver/srv/_package_SetServoingMode.lisp)
Linked: (/root/ros_ws/devel/.private/kortex_driver/share/common-lisp/ros/kortex_driver/srv/CreateMapping.lisp, /root/ros_ws/devel/share/common-lisp/ros/kortex_driver/srv/CreateMapping.lisp)
Linked: (/root/ros_ws/devel/.private/kortex_driver/share/common-lisp/ros/kortex_driver/srv/SetI2CConfiguration.lisp, /root/ros_ws/devel/share/common-lisp/ros/kortex_driver/srv/SetI2CConfiguration.lisp)
Linked: (/root/ros_ws/devel/.private/kortex_driver/share/common-lisp/ros/kortex_driver/srv/GetBootloaderVersion.lisp, /root/ros_ws/devel/share/common-lisp/ros/kortex_driver/srv/GetBootloaderVersion.lisp)
Linked: (/root/ros_ws/devel/.private/kortex_driver/share/common-lisp/ros/kortex_driver/srv/_package_SetCommandMode.lisp, /root/ros_ws/devel/share/common-lisp/ros/kortex_driver/srv/_package_SetCommandMode.lisp)
Linked: (/root/ros_ws/devel/.private/kortex_driver/share/common-lisp/ros/kortex_driver/srv/GetSerialNumber.lisp, /root/ros_ws/devel/share/common-lisp/ros/kortex_driver/srv/GetSerialNumber.lisp)
Linked: (/root/ros_ws/devel/.private/kortex_driver/share/common-lisp/ros/kortex_driver/srv/_package_SendWrenchCommand.lisp, /root/ros_ws/devel/share/common-lisp/ros/kortex_driver/srv/_package_SendWrenchCommand.lisp)
Linked: (/root/ros_ws/devel/.private/kortex_driver/share/common-lisp/ros/kortex_driver/srv/_package_PlayPreComputedJointTrajectory.lisp, /root/ros_ws/devel/share/common-lisp/ros/kortex_driver/srv/_package_PlayPreComputedJointTrajectory.lisp)
Linked: (/root/ros_ws/devel/.private/kortex_driver/share/common-lisp/ros/kortex_driver/srv/_package_SendJointSpeedsCommand.lisp, /root/ros_ws/devel/share/common-lisp/ros/kortex_driver/srv/_package_SendJointSpeedsCommand.lisp)
Linked: (/root/ros_ws/devel/.private/kortex_driver/share/common-lisp/ros/kortex_driver/srv/_package_UpdateMap.lisp, /root/ros_ws/devel/share/common-lisp/ros/kortex_driver/srv/_package_UpdateMap.lisp)
Linked: (/root/ros_ws/devel/.private/kortex_driver/share/common-lisp/ros/kortex_driver/srv/_package_GetAllKinematicSoftLimits.lisp, /root/ros_ws/devel/share/common-lisp/ros/kortex_driver/srv/_package_GetAllKinematicSoftLimits.lisp)
Linked: (/root/ros_ws/devel/.private/kortex_driver/share/common-lisp/ros/kortex_driver/srv/SetCartesianReferenceFrame.lisp, /root/ros_ws/devel/share/common-lisp/ros/kortex_driver/srv/SetCartesianReferenceFrame.lisp)
Linked: (/root/ros_ws/devel/.private/kortex_driver/share/common-lisp/ros/kortex_driver/srv/TakeSnapshot.lisp, /root/ros_ws/devel/share/common-lisp/ros/kortex_driver/srv/TakeSnapshot.lisp)
Linked: (/root/ros_ws/devel/.private/kortex_driver/share/common-lisp/ros/kortex_driver/srv/GetIPv4Settings.lisp, /root/ros_ws/devel/share/common-lisp/ros/kortex_driver/srv/GetIPv4Settings.lisp)
Linked: (/root/ros_ws/devel/.private/kortex_driver/share/common-lisp/ros/kortex_driver/srv/CreateProtectionZone.lisp, /root/ros_ws/devel/share/common-lisp/ros/kortex_driver/srv/CreateProtectionZone.lisp)
Linked: (/root/ros_ws/devel/.private/kortex_driver/share/common-lisp/ros/kortex_driver/srv/PauseSequence.lisp, /root/ros_ws/devel/share/common-lisp/ros/kortex_driver/srv/PauseSequence.lisp)
Linked: (/root/ros_ws/devel/.private/kortex_driver/share/common-lisp/ros/kortex_driver/srv/_package_OnNotificationSequenceInfoTopic.lisp, /root/ros_ws/devel/share/common-lisp/ros/kortex_driver/srv/_package_OnNotificationSequenceInfoTopic.lisp)
Linked: (/root/ros_ws/devel/.private/kortex_driver/share/common-lisp/ros/kortex_driver/srv/Base_ClearFaults.lisp, /root/ros_ws/devel/share/common-lisp/ros/kortex_driver/srv/Base_ClearFaults.lisp)
Linked: (/root/ros_ws/devel/.private/kortex_driver/share/common-lisp/ros/kortex_driver/srv/ControlConfig_OnNotificationControlModeTopic.lisp, /root/ros_ws/devel/share/common-lisp/ros/kortex_driver/srv/ControlConfig_OnNotificationControlModeTopic.lisp)
Linked: (/root/ros_ws/devel/.private/kortex_driver/share/common-lisp/ros/kortex_driver/srv/_package_DeleteWifiConfiguration.lisp, /root/ros_ws/devel/share/common-lisp/ros/kortex_driver/srv/_package_DeleteWifiConfiguration.lisp)
Linked: (/root/ros_ws/devel/.private/kortex_driver/share/common-lisp/ros/kortex_driver/srv/GetBridgeList.lisp, /root/ros_ws/devel/share/common-lisp/ros/kortex_driver/srv/GetBridgeList.lisp)
Linked: (/root/ros_ws/devel/.private/kortex_driver/share/common-lisp/ros/kortex_driver/srv/SetSafetyConfiguration.lisp, /root/ros_ws/devel/share/common-lisp/ros/kortex_driver/srv/SetSafetyConfiguration.lisp)
Linked: (/root/ros_ws/devel/.private/kortex_driver/share/common-lisp/ros/kortex_driver/srv/_package_GetAvailableWifi.lisp, /root/ros_ws/devel/share/common-lisp/ros/kortex_driver/srv/_package_GetAvailableWifi.lisp)
Linked: (/root/ros_ws/devel/.private/kortex_driver/share/common-lisp/ros/kortex_driver/srv/_package_ReadAllMaps.lisp, /root/ros_ws/devel/share/common-lisp/ros/kortex_driver/srv/_package_ReadAllMaps.lisp)
Linked: (/root/ros_ws/devel/.private/kortex_driver/share/common-lisp/ros/kortex_driver/srv/_package_RestoreFactorySettings.lisp, /root/ros_ws/devel/share/common-lisp/ros/kortex_driver/srv/_package_RestoreFactorySettings.lisp)
Linked: (/root/ros_ws/devel/.private/kortex_driver/share/common-lisp/ros/kortex_driver/srv/DeviceConfig_SetCapSenseConfig.lisp, /root/ros_ws/devel/share/common-lisp/ros/kortex_driver/srv/DeviceConfig_SetCapSenseConfig.lisp)
Linked: (/root/ros_ws/devel/.private/kortex_driver/share/common-lisp/ros/kortex_driver/srv/GetActuatorCount.lisp, /root/ros_ws/devel/share/common-lisp/ros/kortex_driver/srv/GetActuatorCount.lisp)
Linked: (/root/ros_ws/devel/.private/kortex_driver/share/common-lisp/ros/kortex_driver/srv/ResetToolConfiguration.lisp, /root/ros_ws/devel/share/common-lisp/ros/kortex_driver/srv/ResetToolConfiguration.lisp)
Linked: (/root/ros_ws/devel/.private/kortex_driver/share/common-lisp/ros/kortex_driver/srv/_package_GetIPv4Settings.lisp, /root/ros_ws/devel/share/common-lisp/ros/kortex_driver/srv/_package_GetIPv4Settings.lisp)
Linked: (/root/ros_ws/devel/.private/kortex_driver/share/common-lisp/ros/kortex_driver/srv/_package_UpdateUserProfile.lisp, /root/ros_ws/devel/share/common-lisp/ros/kortex_driver/srv/_package_UpdateUserProfile.lisp)
Linked: (/root/ros_ws/devel/.private/kortex_driver/share/common-lisp/ros/kortex_driver/srv/SetDeviceID.lisp, /root/ros_ws/devel/share/common-lisp/ros/kortex_driver/srv/SetDeviceID.lisp)
Linked: (/root/ros_ws/devel/.private/kortex_driver/share/common-lisp/ros/kortex_driver/srv/_package_SetToolConfiguration.lisp, /root/ros_ws/devel/share/common-lisp/ros/kortex_driver/srv/_package_SetToolConfiguration.lisp)
Linked: (/root/ros_ws/devel/.private/kortex_driver/share/common-lisp/ros/kortex_driver/srv/_package_RestoreFactoryProductConfiguration.lisp, /root/ros_ws/devel/share/common-lisp/ros/kortex_driver/srv/_package_RestoreFactoryProductConfiguration.lisp)
Linked: (/root/ros_ws/devel/.private/kortex_driver/share/common-lisp/ros/kortex_driver/srv/GetAvailableWifi.lisp, /root/ros_ws/devel/share/common-lisp/ros/kortex_driver/srv/GetAvailableWifi.lisp)
Linked: (/root/ros_ws/devel/.private/kortex_driver/share/common-lisp/ros/kortex_driver/srv/GetFirmwareVersion.lisp, /root/ros_ws/devel/share/common-lisp/ros/kortex_driver/srv/GetFirmwareVersion.lisp)
Linked: (/root/ros_ws/devel/.private/kortex_driver/share/common-lisp/ros/kortex_driver/srv/UpdateProtectionZone.lisp, /root/ros_ws/devel/share/common-lisp/ros/kortex_driver/srv/UpdateProtectionZone.lisp)
Linked: (/root/ros_ws/devel/.private/kortex_driver/share/common-lisp/ros/kortex_driver/srv/GetExtrinsicParameters.lisp, /root/ros_ws/devel/share/common-lisp/ros/kortex_driver/srv/GetExtrinsicParameters.lisp)
Linked: (/root/ros_ws/devel/.private/kortex_driver/share/common-lisp/ros/kortex_driver/srv/_package_OnNotificationConfigurationChangeTopic.lisp, /root/ros_ws/devel/share/common-lisp/ros/kortex_driver/srv/_package_OnNotificationConfigurationChangeTopic.lisp)
Linked: (/root/ros_ws/devel/.private/kortex_driver/share/common-lisp/ros/kortex_driver/srv/_package_GetKinematicSoftLimits.lisp, /root/ros_ws/devel/share/common-lisp/ros/kortex_driver/srv/_package_GetKinematicSoftLimits.lisp)
Linked: (/root/ros_ws/devel/.private/kortex_driver/share/common-lisp/ros/kortex_driver/srv/I2CRead.lisp, /root/ros_ws/devel/share/common-lisp/ros/kortex_driver/srv/I2CRead.lisp)
Linked: (/root/ros_ws/devel/.private/kortex_driver/share/common-lisp/ros/kortex_driver/srv/GetActivatedControlLoop.lisp, /root/ros_ws/devel/share/common-lisp/ros/kortex_driver/srv/GetActivatedControlLoop.lisp)
Linked: (/root/ros_ws/devel/.private/kortex_driver/share/common-lisp/ros/kortex_driver/srv/GetBridgeConfig.lisp, /root/ros_ws/devel/share/common-lisp/ros/kortex_driver/srv/GetBridgeConfig.lisp)
Linked: (/root/ros_ws/devel/.private/kortex_driver/share/common-lisp/ros/kortex_driver/srv/ResetJointSpeedSoftLimits.lisp, /root/ros_ws/devel/share/common-lisp/ros/kortex_driver/srv/ResetJointSpeedSoftLimits.lisp)
Linked: (/root/ros_ws/devel/.private/kortex_driver/share/common-lisp/ros/kortex_driver/srv/_package_CreateMapping.lisp, /root/ros_ws/devel/share/common-lisp/ros/kortex_driver/srv/_package_CreateMapping.lisp)
Linked: (/root/ros_ws/devel/.private/kortex_driver/share/common-lisp/ros/kortex_driver/srv/_package_ControlConfig_GetControlMode.lisp, /root/ros_ws/devel/share/common-lisp/ros/kortex_driver/srv/_package_ControlConfig_GetControlMode.lisp)
Linked: (/root/ros_ws/devel/.private/kortex_driver/share/common-lisp/ros/kortex_driver/srv/_package_SetDesiredAngularTwist.lisp, /root/ros_ws/devel/share/common-lisp/ros/kortex_driver/srv/_package_SetDesiredAngularTwist.lisp)
Linked: (/root/ros_ws/devel/.private/kortex_driver/share/common-lisp/ros/kortex_driver/srv/SetActivatedControlLoop.lisp, /root/ros_ws/devel/share/common-lisp/ros/kortex_driver/srv/SetActivatedControlLoop.lisp)
Linked: (/root/ros_ws/devel/.private/kortex_driver/share/common-lisp/ros/kortex_driver/srv/GetBluetoothEnableState.lisp, /root/ros_ws/devel/share/common-lisp/ros/kortex_driver/srv/GetBluetoothEnableState.lisp)
Linked: (/root/ros_ws/devel/.private/kortex_driver/share/common-lisp/ros/kortex_driver/srv/DeleteUserProfile.lisp, /root/ros_ws/devel/share/common-lisp/ros/kortex_driver/srv/DeleteUserProfile.lisp)
Linked: (/root/ros_ws/devel/.private/kortex_driver/share/common-lisp/ros/kortex_driver/srv/_package_GetGravityVector.lisp, /root/ros_ws/devel/share/common-lisp/ros/kortex_driver/srv/_package_GetGravityVector.lisp)
Linked: (/root/ros_ws/devel/.private/kortex_driver/share/common-lisp/ros/kortex_driver/srv/_package_GetBridgeConfig.lisp, /root/ros_ws/devel/share/common-lisp/ros/kortex_driver/srv/_package_GetBridgeConfig.lisp)
Linked: (/root/ros_ws/devel/.private/kortex_driver/share/common-lisp/ros/kortex_driver/srv/GetOperatingMode.lisp, /root/ros_ws/devel/share/common-lisp/ros/kortex_driver/srv/GetOperatingMode.lisp)
Linked: (/root/ros_ws/devel/.private/kortex_driver/share/common-lisp/ros/kortex_driver/srv/ResetTwistAngularSoftLimit.lisp, /root/ros_ws/devel/share/common-lisp/ros/kortex_driver/srv/ResetTwistAngularSoftLimit.lisp)
Linked: (/root/ros_ws/devel/.private/kortex_driver/share/common-lisp/ros/kortex_driver/srv/_package_ClearAllSafetyStatus.lisp, /root/ros_ws/devel/share/common-lisp/ros/kortex_driver/srv/_package_ClearAllSafetyStatus.lisp)
Linked: (/root/ros_ws/devel/.private/kortex_driver/share/common-lisp/ros/kortex_driver/srv/SetGPIOConfiguration.lisp, /root/ros_ws/devel/share/common-lisp/ros/kortex_driver/srv/SetGPIOConfiguration.lisp)
Linked: (/root/ros_ws/devel/.private/kortex_driver/share/common-lisp/ros/kortex_driver/srv/SetAdmittance.lisp, /root/ros_ws/devel/share/common-lisp/ros/kortex_driver/srv/SetAdmittance.lisp)
Linked: (/root/ros_ws/devel/.private/kortex_driver/share/common-lisp/ros/kortex_driver/srv/_package_GetKinematicHardLimits.lisp, /root/ros_ws/devel/share/common-lisp/ros/kortex_driver/srv/_package_GetKinematicHardLimits.lisp)
Linked: (/root/ros_ws/devel/.private/kortex_driver/share/common-lisp/ros/kortex_driver/srv/_package_GetAllConnectedControllers.lisp, /root/ros_ws/devel/share/common-lisp/ros/kortex_driver/srv/_package_GetAllConnectedControllers.lisp)
Linked: (/root/ros_ws/devel/.private/kortex_driver/share/common-lisp/ros/kortex_driver/srv/_package_ExecuteActionFromReference.lisp, /root/ros_ws/devel/share/common-lisp/ros/kortex_driver/srv/_package_ExecuteActionFromReference.lisp)
Linked: (/root/ros_ws/devel/.private/kortex_driver/share/common-lisp/ros/kortex_driver/srv/_package_ValidateWaypointList.lisp, /root/ros_ws/devel/share/common-lisp/ros/kortex_driver/srv/_package_ValidateWaypointList.lisp)
Linked: (/root/ros_ws/devel/.private/kortex_driver/share/common-lisp/ros/kortex_driver/srv/_package_GetOptionInformation.lisp, /root/ros_ws/devel/share/common-lisp/ros/kortex_driver/srv/_package_GetOptionInformation.lisp)
Linked: (/root/ros_ws/devel/.private/kortex_driver/share/common-lisp/ros/kortex_driver/srv/SetSafetyErrorThreshold.lisp, /root/ros_ws/devel/share/common-lisp/ros/kortex_driver/srv/SetSafetyErrorThreshold.lisp)
Linked: (/root/ros_ws/devel/.private/kortex_driver/share/common-lisp/ros/kortex_driver/srv/SetBluetoothEnableState.lisp, /root/ros_ws/devel/share/common-lisp/ros/kortex_driver/srv/SetBluetoothEnableState.lisp)
Linked: (/root/ros_ws/devel/.private/kortex_driver/share/common-lisp/ros/kortex_driver/srv/SetWifiEnableState.lisp, /root/ros_ws/devel/share/common-lisp/ros/kortex_driver/srv/SetWifiEnableState.lisp)
Linked: (/root/ros_ws/devel/.private/kortex_driver/share/common-lisp/ros/kortex_driver/srv/ActuatorConfig_ClearFaults.lisp, /root/ros_ws/devel/share/common-lisp/ros/kortex_driver/srv/ActuatorConfig_ClearFaults.lisp)
Linked: (/root/ros_ws/devel/.private/kortex_driver/share/common-lisp/ros/kortex_driver/srv/_package_MoveSequenceTask.lisp, /root/ros_ws/devel/share/common-lisp/ros/kortex_driver/srv/_package_MoveSequenceTask.lisp)
Linked: (/root/ros_ws/devel/.private/kortex_driver/share/common-lisp/ros/kortex_driver/srv/_package_SetActivatedControlLoop.lisp, /root/ros_ws/devel/share/common-lisp/ros/kortex_driver/srv/_package_SetActivatedControlLoop.lisp)
Linked: (/root/ros_ws/devel/.private/kortex_driver/share/common-lisp/ros/kortex_driver/srv/ReadUserProfile.lisp, /root/ros_ws/devel/share/common-lisp/ros/kortex_driver/srv/ReadUserProfile.lisp)
Linked: (/root/ros_ws/devel/.private/kortex_driver/share/common-lisp/ros/kortex_driver/srv/_package_SetEthernetConfiguration.lisp, /root/ros_ws/devel/share/common-lisp/ros/kortex_driver/srv/_package_SetEthernetConfiguration.lisp)
Linked: (/root/ros_ws/devel/.private/kortex_driver/share/common-lisp/ros/kortex_driver/srv/PlayJointTrajectory.lisp, /root/ros_ws/devel/share/common-lisp/ros/kortex_driver/srv/PlayJointTrajectory.lisp)
Linked: (/root/ros_ws/devel/.private/kortex_driver/share/common-lisp/ros/kortex_driver/srv/SendWrenchCommand.lisp, /root/ros_ws/devel/share/common-lisp/ros/kortex_driver/srv/SendWrenchCommand.lisp)
Linked: (/root/ros_ws/devel/.private/kortex_driver/share/common-lisp/ros/kortex_driver/srv/DeleteSequenceTask.lisp, /root/ros_ws/devel/share/common-lisp/ros/kortex_driver/srv/DeleteSequenceTask.lisp)
Linked: (/root/ros_ws/devel/.private/kortex_driver/share/common-lisp/ros/kortex_driver/srv/_package_SetOptionValue.lisp, /root/ros_ws/devel/share/common-lisp/ros/kortex_driver/srv/_package_SetOptionValue.lisp)
Linked: (/root/ros_ws/devel/.private/kortex_driver/share/common-lisp/ros/kortex_driver/srv/_package_DisableBridge.lisp, /root/ros_ws/devel/share/common-lisp/ros/kortex_driver/srv/_package_DisableBridge.lisp)
Linked: (/root/ros_ws/devel/.private/kortex_driver/share/common-lisp/ros/kortex_driver/srv/_package_ReadMapping.lisp, /root/ros_ws/devel/share/common-lisp/ros/kortex_driver/srv/_package_ReadMapping.lisp)
Linked: (/root/ros_ws/devel/.private/kortex_driver/share/common-lisp/ros/kortex_driver/srv/_package_ResetToolConfiguration.lisp, /root/ros_ws/devel/share/common-lisp/ros/kortex_driver/srv/_package_ResetToolConfiguration.lisp)
Linked: (/root/ros_ws/devel/.private/kortex_driver/share/common-lisp/ros/kortex_driver/srv/CreateSequence.lisp, /root/ros_ws/devel/share/common-lisp/ros/kortex_driver/srv/CreateSequence.lisp)
Linked: (/root/ros_ws/devel/.private/kortex_driver/share/common-lisp/ros/kortex_driver/srv/_package_GetSafetyInformation.lisp, /root/ros_ws/devel/share/common-lisp/ros/kortex_driver/srv/_package_GetSafetyInformation.lisp)
Linked: (/root/ros_ws/devel/.private/kortex_driver/share/common-lisp/ros/kortex_driver/srv/_package_UpdateSequence.lisp, /root/ros_ws/devel/share/common-lisp/ros/kortex_driver/srv/_package_UpdateSequence.lisp)
Linked: (/root/ros_ws/devel/.private/kortex_driver/share/common-lisp/ros/kortex_driver/srv/_package_SetTwistLinearSoftLimit.lisp, /root/ros_ws/devel/share/common-lisp/ros/kortex_driver/srv/_package_SetTwistLinearSoftLimit.lisp)
Linked: (/root/ros_ws/devel/.private/kortex_driver/share/common-lisp/ros/kortex_driver/srv/_package_DuplicateMapping.lisp, /root/ros_ws/devel/share/common-lisp/ros/kortex_driver/srv/_package_DuplicateMapping.lisp)
Linked: (/root/ros_ws/devel/.private/kortex_driver/share/common-lisp/ros/kortex_driver/srv/GetGPIOConfiguration.lisp, /root/ros_ws/devel/share/common-lisp/ros/kortex_driver/srv/GetGPIOConfiguration.lisp)
Linked: (/root/ros_ws/devel/.private/kortex_driver/share/common-lisp/ros/kortex_driver/srv/DeleteProtectionZone.lisp, /root/ros_ws/devel/share/common-lisp/ros/kortex_driver/srv/DeleteProtectionZone.lisp)
Linked: (/root/ros_ws/devel/.private/kortex_driver/share/common-lisp/ros/kortex_driver/srv/_package_DeviceConfig_SetCapSenseConfig.lisp, /root/ros_ws/devel/share/common-lisp/ros/kortex_driver/srv/_package_DeviceConfig_SetCapSenseConfig.lisp)
Linked: (/root/ros_ws/devel/.private/kortex_driver/share/common-lisp/ros/kortex_driver/srv/_package_DeleteUserProfile.lisp, /root/ros_ws/devel/share/common-lisp/ros/kortex_driver/srv/_package_DeleteUserProfile.lisp)
Linked: (/root/ros_ws/devel/.private/kortex_driver/share/common-lisp/ros/kortex_driver/srv/SetWifiCountryCode.lisp, /root/ros_ws/devel/share/common-lisp/ros/kortex_driver/srv/SetWifiCountryCode.lisp)
Linked: (/root/ros_ws/devel/.private/kortex_driver/share/common-lisp/ros/kortex_driver/srv/Base_Unsubscribe.lisp, /root/ros_ws/devel/share/common-lisp/ros/kortex_driver/srv/Base_Unsubscribe.lisp)
Linked: (/root/ros_ws/devel/.private/kortex_driver/share/common-lisp/ros/kortex_driver/srv/GetProductConfiguration.lisp, /root/ros_ws/devel/share/common-lisp/ros/kortex_driver/srv/GetProductConfiguration.lisp)
Linked: (/root/ros_ws/devel/.private/kortex_driver/share/common-lisp/ros/kortex_driver/srv/SetSafetyWarningThreshold.lisp, /root/ros_ws/devel/share/common-lisp/ros/kortex_driver/srv/SetSafetyWarningThreshold.lisp)
Linked: (/root/ros_ws/devel/.private/kortex_driver/share/common-lisp/ros/kortex_driver/srv/SetIPv4Settings.lisp, /root/ros_ws/devel/share/common-lisp/ros/kortex_driver/srv/SetIPv4Settings.lisp)
Linked: (/root/ros_ws/devel/.private/kortex_driver/share/common-lisp/ros/kortex_driver/srv/_package_GetControllerState.lisp, /root/ros_ws/devel/share/common-lisp/ros/kortex_driver/srv/_package_GetControllerState.lisp)
Linked: (/root/ros_ws/devel/.private/kortex_driver/share/common-lisp/ros/kortex_driver/srv/_package_SendSelectedJointSpeedCommand.lisp, /root/ros_ws/devel/share/common-lisp/ros/kortex_driver/srv/_package_SendSelectedJointSpeedCommand.lisp)
Linked: (/root/ros_ws/devel/.private/kortex_driver/share/common-lisp/ros/kortex_driver/srv/_package_GetSafetyEnable.lisp, /root/ros_ws/devel/share/common-lisp/ros/kortex_driver/srv/_package_GetSafetyEnable.lisp)
Linked: (/root/ros_ws/devel/.private/kortex_driver/share/common-lisp/ros/kortex_driver/srv/StartWifiScan.lisp, /root/ros_ws/devel/share/common-lisp/ros/kortex_driver/srv/StartWifiScan.lisp)
Linked: (/root/ros_ws/devel/.private/kortex_driver/share/common-lisp/ros/kortex_driver/srv/_package_SelectCustomData.lisp, /root/ros_ws/devel/share/common-lisp/ros/kortex_driver/srv/_package_SelectCustomData.lisp)
Linked: (/root/ros_ws/devel/.private/kortex_driver/share/common-lisp/ros/kortex_driver/srv/ResumeSequence.lisp, /root/ros_ws/devel/share/common-lisp/ros/kortex_driver/srv/ResumeSequence.lisp)
Linked: (/root/ros_ws/devel/.private/kortex_driver/share/common-lisp/ros/kortex_driver/srv/OnNotificationNetworkTopic.lisp, /root/ros_ws/devel/share/common-lisp/ros/kortex_driver/srv/OnNotificationNetworkTopic.lisp)
Linked: (/root/ros_ws/devel/.private/kortex_driver/share/common-lisp/ros/kortex_driver/srv/UpdateMapping.lisp, /root/ros_ws/devel/share/common-lisp/ros/kortex_driver/srv/UpdateMapping.lisp)
Linked: (/root/ros_ws/devel/.private/kortex_driver/share/common-lisp/ros/kortex_driver/srv/GetAllConnectedControllers.lisp, /root/ros_ws/devel/share/common-lisp/ros/kortex_driver/srv/GetAllConnectedControllers.lisp)
Linked: (/root/ros_ws/devel/.private/kortex_driver/share/common-lisp/ros/kortex_driver/srv/OnNotificationControllerTopic.lisp, /root/ros_ws/devel/share/common-lisp/ros/kortex_driver/srv/OnNotificationControllerTopic.lisp)
Linked: (/root/ros_ws/devel/.private/kortex_driver/share/common-lisp/ros/kortex_driver/srv/CreateMap.lisp, /root/ros_ws/devel/share/common-lisp/ros/kortex_driver/srv/CreateMap.lisp)
Linked: (/root/ros_ws/devel/.private/kortex_driver/share/common-lisp/ros/kortex_driver/srv/ControlConfig_GetControlMode.lisp, /root/ros_ws/devel/share/common-lisp/ros/kortex_driver/srv/ControlConfig_GetControlMode.lisp)
Linked: (/root/ros_ws/devel/.private/kortex_driver/share/common-lisp/ros/kortex_driver/srv/_package_GetWifiCountryCode.lisp, /root/ros_ws/devel/share/common-lisp/ros/kortex_driver/srv/_package_GetWifiCountryCode.lisp)
Linked: (/root/ros_ws/devel/.private/kortex_driver/share/common-lisp/ros/kortex_driver/srv/_package_GetSelectedCustomData.lisp, /root/ros_ws/devel/share/common-lisp/ros/kortex_driver/srv/_package_GetSelectedCustomData.lisp)
Linked: (/root/ros_ws/devel/.private/kortex_driver/share/common-lisp/ros/kortex_driver/srv/GetConnectedWifiInformation.lisp, /root/ros_ws/devel/share/common-lisp/ros/kortex_driver/srv/GetConnectedWifiInformation.lisp)
Linked: (/root/ros_ws/devel/.private/kortex_driver/share/common-lisp/ros/kortex_driver/srv/ClearAllSafetyStatus.lisp, /root/ros_ws/devel/share/common-lisp/ros/kortex_driver/srv/ClearAllSafetyStatus.lisp)
Linked: (/root/ros_ws/devel/.private/kortex_driver/share/common-lisp/ros/kortex_driver/srv/ActuatorConfig_GetControlMode.lisp, /root/ros_ws/devel/share/common-lisp/ros/kortex_driver/srv/ActuatorConfig_GetControlMode.lisp)
Linked: (/root/ros_ws/devel/.private/kortex_driver/share/common-lisp/ros/kortex_driver/srv/_package_GetWrenchSoftLimitation.lisp, /root/ros_ws/devel/share/common-lisp/ros/kortex_driver/srv/_package_GetWrenchSoftLimitation.lisp)
Linked: (/root/ros_ws/devel/.private/kortex_driver/share/common-lisp/ros/kortex_driver/srv/_package_SetControlLoopParameters.lisp, /root/ros_ws/devel/share/common-lisp/ros/kortex_driver/srv/_package_SetControlLoopParameters.lisp)
Linked: (/root/ros_ws/devel/.private/kortex_driver/share/common-lisp/ros/kortex_driver/srv/ResetGravityVector.lisp, /root/ros_ws/devel/share/common-lisp/ros/kortex_driver/srv/ResetGravityVector.lisp)
Linked: (/root/ros_ws/devel/.private/kortex_driver/share/common-lisp/ros/kortex_driver/srv/GetWifiCountryCode.lisp, /root/ros_ws/devel/share/common-lisp/ros/kortex_driver/srv/GetWifiCountryCode.lisp)
Linked: (/root/ros_ws/devel/.private/kortex_driver/share/common-lisp/ros/kortex_driver/srv/_package_StartTeaching.lisp, /root/ros_ws/devel/share/common-lisp/ros/kortex_driver/srv/_package_StartTeaching.lisp)
Linked: (/root/ros_ws/devel/.private/kortex_driver/share/common-lisp/ros/kortex_driver/srv/_package_DeleteSequenceTask.lisp, /root/ros_ws/devel/share/common-lisp/ros/kortex_driver/srv/_package_DeleteSequenceTask.lisp)
Linked: (/root/ros_ws/devel/.private/kortex_driver/share/common-lisp/ros/kortex_driver/srv/_package_StopTeaching.lisp, /root/ros_ws/devel/share/common-lisp/ros/kortex_driver/srv/_package_StopTeaching.lisp)
Linked: (/root/ros_ws/devel/.private/kortex_driver/share/common-lisp/ros/kortex_driver/srv/SetApiOptions.lisp, /root/ros_ws/devel/share/common-lisp/ros/kortex_driver/srv/SetApiOptions.lisp)
Linked: (/root/ros_ws/devel/.private/kortex_driver/share/common-lisp/ros/kortex_driver/srv/_package_ResetSafetyDefaults.lisp, /root/ros_ws/devel/share/common-lisp/ros/kortex_driver/srv/_package_ResetSafetyDefaults.lisp)
Linked: (/root/ros_ws/devel/.private/kortex_driver/share/common-lisp/ros/kortex_driver/srv/_package_ChangePassword.lisp, /root/ros_ws/devel/share/common-lisp/ros/kortex_driver/srv/_package_ChangePassword.lisp)
Linked: (/root/ros_ws/devel/.private/kortex_driver/share/common-lisp/ros/kortex_driver/srv/_package_SetBluetoothEnableState.lisp, /root/ros_ws/devel/share/common-lisp/ros/kortex_driver/srv/_package_SetBluetoothEnableState.lisp)
Linked: (/root/ros_ws/devel/.private/kortex_driver/share/common-lisp/ros/kortex_driver/srv/_package_GetPartNumberRevision.lisp, /root/ros_ws/devel/share/common-lisp/ros/kortex_driver/srv/_package_GetPartNumberRevision.lisp)
Linked: (/root/ros_ws/devel/.private/kortex_driver/share/common-lisp/ros/kortex_driver/srv/MoveToPosition.lisp, /root/ros_ws/devel/share/common-lisp/ros/kortex_driver/srv/MoveToPosition.lisp)
Linked: (/root/ros_ws/devel/.private/kortex_driver/share/common-lisp/ros/kortex_driver/srv/UpdateEndEffectorTypeConfiguration.lisp, /root/ros_ws/devel/share/common-lisp/ros/kortex_driver/srv/UpdateEndEffectorTypeConfiguration.lisp)
Linked: (/root/ros_ws/devel/.private/kortex_driver/share/common-lisp/ros/kortex_driver/srv/GetAllSafetyInformation.lisp, /root/ros_ws/devel/share/common-lisp/ros/kortex_driver/srv/GetAllSafetyInformation.lisp)
Linked: (/root/ros_ws/devel/.private/kortex_driver/share/common-lisp/ros/kortex_driver/srv/I2CWrite.lisp, /root/ros_ws/devel/share/common-lisp/ros/kortex_driver/srv/I2CWrite.lisp)
Linked: (/root/ros_ws/devel/.private/kortex_driver/share/common-lisp/ros/kortex_driver/srv/ReadAllProtectionZones.lisp, /root/ros_ws/devel/share/common-lisp/ros/kortex_driver/srv/ReadAllProtectionZones.lisp)
Linked: (/root/ros_ws/devel/.private/kortex_driver/share/common-lisp/ros/kortex_driver/srv/GetWifiEnableState.lisp, /root/ros_ws/devel/share/common-lisp/ros/kortex_driver/srv/GetWifiEnableState.lisp)
Linked: (/root/ros_ws/devel/.private/kortex_driver/share/common-lisp/ros/kortex_driver/srv/UpdateSequence.lisp, /root/ros_ws/devel/share/common-lisp/ros/kortex_driver/srv/UpdateSequence.lisp)
Linked: (/root/ros_ws/devel/.private/kortex_driver/share/common-lisp/ros/kortex_driver/srv/_package_GetTorqueOffset.lisp, /root/ros_ws/devel/share/common-lisp/ros/kortex_driver/srv/_package_GetTorqueOffset.lisp)
Linked: (/root/ros_ws/devel/.private/kortex_driver/share/common-lisp/ros/kortex_driver/srv/_package_ReadAllUsers.lisp, /root/ros_ws/devel/share/common-lisp/ros/kortex_driver/srv/_package_ReadAllUsers.lisp)
Linked: (/root/ros_ws/devel/.private/kortex_driver/share/common-lisp/ros/kortex_driver/srv/_package_ClearSafetyStatus.lisp, /root/ros_ws/devel/share/common-lisp/ros/kortex_driver/srv/_package_ClearSafetyStatus.lisp)
Linked: (/root/ros_ws/devel/.private/kortex_driver/share/common-lisp/ros/kortex_driver/srv/_package_GetAllJointsTorqueHardLimitation.lisp, /root/ros_ws/devel/share/common-lisp/ros/kortex_driver/srv/_package_GetAllJointsTorqueHardLimitation.lisp)
Linked: (/root/ros_ws/devel/.private/kortex_driver/share/common-lisp/ros/kortex_driver/srv/GetConfiguredWifi.lisp, /root/ros_ws/devel/share/common-lisp/ros/kortex_driver/srv/GetConfiguredWifi.lisp)
Linked: (/root/ros_ws/devel/.private/kortex_driver/share/common-lisp/ros/kortex_driver/srv/_package_SetJointAccelerationSoftLimits.lisp, /root/ros_ws/devel/share/common-lisp/ros/kortex_driver/srv/_package_SetJointAccelerationSoftLimits.lisp)
Linked: (/root/ros_ws/devel/.private/kortex_driver/share/common-lisp/ros/kortex_driver/srv/OnNotificationArmStateTopic.lisp, /root/ros_ws/devel/share/common-lisp/ros/kortex_driver/srv/OnNotificationArmStateTopic.lisp)
Linked: (/root/ros_ws/devel/.private/kortex_driver/share/common-lisp/ros/kortex_driver/srv/PlayCartesianTrajectory.lisp, /root/ros_ws/devel/share/common-lisp/ros/kortex_driver/srv/PlayCartesianTrajectory.lisp)
Linked: (/root/ros_ws/devel/.private/kortex_driver/share/common-lisp/ros/kortex_driver/srv/ReadAllSequenceTasks.lisp, /root/ros_ws/devel/share/common-lisp/ros/kortex_driver/srv/ReadAllSequenceTasks.lisp)
Linked: (/root/ros_ws/devel/.private/kortex_driver/share/common-lisp/ros/kortex_driver/srv/DeleteSequence.lisp, /root/ros_ws/devel/share/common-lisp/ros/kortex_driver/srv/DeleteSequence.lisp)
Linked: (/root/ros_ws/devel/.private/kortex_driver/share/common-lisp/ros/kortex_driver/srv/ReadAllMaps.lisp, /root/ros_ws/devel/share/common-lisp/ros/kortex_driver/srv/ReadAllMaps.lisp)
Linked: (/root/ros_ws/devel/.private/kortex_driver/share/common-lisp/ros/kortex_driver/srv/PlaySelectedJointTrajectory.lisp, /root/ros_ws/devel/share/common-lisp/ros/kortex_driver/srv/PlaySelectedJointTrajectory.lisp)
Linked: (/root/ros_ws/devel/.private/kortex_driver/share/common-lisp/ros/kortex_driver/srv/OnNotificationProtectionZoneTopic.lisp, /root/ros_ws/devel/share/common-lisp/ros/kortex_driver/srv/OnNotificationProtectionZoneTopic.lisp)
Linked: (/root/ros_ws/devel/.private/kortex_driver/share/common-lisp/ros/kortex_driver/srv/_package_SetWifiCountryCode.lisp, /root/ros_ws/devel/share/common-lisp/ros/kortex_driver/srv/_package_SetWifiCountryCode.lisp)
Linked: (/root/ros_ws/devel/.private/kortex_driver/share/common-lisp/ros/kortex_driver/srv/AddWifiConfiguration.lisp, /root/ros_ws/devel/share/common-lisp/ros/kortex_driver/srv/AddWifiConfiguration.lisp)
Linked: (/root/ros_ws/devel/.private/kortex_driver/share/common-lisp/ros/kortex_driver/srv/ReadAllUserProfiles.lisp, /root/ros_ws/devel/share/common-lisp/ros/kortex_driver/srv/ReadAllUserProfiles.lisp)
Linked: (/root/ros_ws/devel/.private/kortex_driver/share/common-lisp/ros/kortex_driver/srv/_package_OnNotificationProtectionZoneTopic.lisp, /root/ros_ws/devel/share/common-lisp/ros/kortex_driver/srv/_package_OnNotificationProtectionZoneTopic.lisp)
Linked: (/root/ros_ws/devel/.private/kortex_driver/share/common-lisp/ros/kortex_driver/srv/_package_DeleteAllSequenceTasks.lisp, /root/ros_ws/devel/share/common-lisp/ros/kortex_driver/srv/_package_DeleteAllSequenceTasks.lisp)
Linked: (/root/ros_ws/devel/.private/kortex_driver/share/common-lisp/ros/kortex_driver/srv/SwapSequenceTasks.lisp, /root/ros_ws/devel/share/common-lisp/ros/kortex_driver/srv/SwapSequenceTasks.lisp)
Linked: (/root/ros_ws/devel/.private/kortex_driver/share/common-lisp/ros/kortex_driver/srv/_package_DisconnectWifi.lisp, /root/ros_ws/devel/share/common-lisp/ros/kortex_driver/srv/_package_DisconnectWifi.lisp)
Linked: (/root/ros_ws/devel/.private/kortex_driver/share/common-lisp/ros/kortex_driver/srv/_package_PlayCartesianTrajectoryPosition.lisp, /root/ros_ws/devel/share/common-lisp/ros/kortex_driver/srv/_package_PlayCartesianTrajectoryPosition.lisp)
Linked: (/root/ros_ws/devel/.private/kortex_driver/share/common-lisp/ros/kortex_driver/srv/SetCommunicationInterfaceEnable.lisp, /root/ros_ws/devel/share/common-lisp/ros/kortex_driver/srv/SetCommunicationInterfaceEnable.lisp)
Linked: (/root/ros_ws/devel/.private/kortex_driver/share/common-lisp/ros/kortex_driver/srv/_package_ReadAllDevices.lisp, /root/ros_ws/devel/share/common-lisp/ros/kortex_driver/srv/_package_ReadAllDevices.lisp)
Linked: (/root/ros_ws/devel/.private/kortex_driver/share/common-lisp/ros/kortex_driver/srv/_package_ControlConfig_OnNotificationControlModeTopic.lisp, /root/ros_ws/devel/share/common-lisp/ros/kortex_driver/srv/_package_ControlConfig_OnNotificationControlModeTopic.lisp)
Linked: (/root/ros_ws/devel/.private/kortex_driver/share/common-lisp/ros/kortex_driver/srv/GetAllJointsSpeedSoftLimitation.lisp, /root/ros_ws/devel/share/common-lisp/ros/kortex_driver/srv/GetAllJointsSpeedSoftLimitation.lisp)
Linked: (/root/ros_ws/devel/.private/kortex_driver/share/common-lisp/ros/kortex_driver/srv/_package_GetIPv4Configuration.lisp, /root/ros_ws/devel/share/common-lisp/ros/kortex_driver/srv/_package_GetIPv4Configuration.lisp)
Linked: (/root/ros_ws/devel/.private/kortex_driver/share/common-lisp/ros/kortex_driver/srv/DuplicateMap.lisp, /root/ros_ws/devel/share/common-lisp/ros/kortex_driver/srv/DuplicateMap.lisp)
Linked: (/root/ros_ws/devel/.private/kortex_driver/share/common-lisp/ros/kortex_driver/srv/GetOptionInformation.lisp, /root/ros_ws/devel/share/common-lisp/ros/kortex_driver/srv/GetOptionInformation.lisp)
Linked: (/root/ros_ws/devel/.private/kortex_driver/share/common-lisp/ros/kortex_driver/srv/GetDeviceType.lisp, /root/ros_ws/devel/share/common-lisp/ros/kortex_driver/srv/GetDeviceType.lisp)
Linked: (/root/ros_ws/devel/.private/kortex_driver/share/common-lisp/ros/kortex_driver/srv/_package_DeviceConfig_GetCapSenseConfig.lisp, /root/ros_ws/devel/share/common-lisp/ros/kortex_driver/srv/_package_DeviceConfig_GetCapSenseConfig.lisp)
Linked: (/root/ros_ws/devel/.private/kortex_driver/share/common-lisp/ros/kortex_driver/srv/_package_I2CWrite.lisp, /root/ros_ws/devel/share/common-lisp/ros/kortex_driver/srv/_package_I2CWrite.lisp)
Linked: (/root/ros_ws/devel/.private/kortex_driver/share/common-lisp/ros/kortex_driver/srv/CreateUserProfile.lisp, /root/ros_ws/devel/share/common-lisp/ros/kortex_driver/srv/CreateUserProfile.lisp)
Linked: (/root/ros_ws/devel/.private/kortex_driver/share/common-lisp/ros/kortex_driver/srv/_package_GetMeasuredGripperMovement.lisp, /root/ros_ws/devel/share/common-lisp/ros/kortex_driver/srv/_package_GetMeasuredGripperMovement.lisp)
Linked: (/root/ros_ws/devel/.private/kortex_driver/share/common-lisp/ros/kortex_driver/srv/SetOperatingMode.lisp, /root/ros_ws/devel/share/common-lisp/ros/kortex_driver/srv/SetOperatingMode.lisp)
Linked: (/root/ros_ws/devel/.private/kortex_driver/share/common-lisp/ros/kortex_driver/srv/ResetSafetyDefaults.lisp, /root/ros_ws/devel/share/common-lisp/ros/kortex_driver/srv/ResetSafetyDefaults.lisp)
Linked: (/root/ros_ws/devel/.private/kortex_driver/share/common-lisp/ros/kortex_driver/srv/_package_GetAxisOffsets.lisp, /root/ros_ws/devel/share/common-lisp/ros/kortex_driver/srv/_package_GetAxisOffsets.lisp)
Linked: (/root/ros_ws/devel/.private/kortex_driver/share/common-lisp/ros/kortex_driver/srv/IsCommunicationInterfaceEnable.lisp, /root/ros_ws/devel/share/common-lisp/ros/kortex_driver/srv/IsCommunicationInterfaceEnable.lisp)
Linked: (/root/ros_ws/devel/.private/kortex_driver/share/common-lisp/ros/kortex_driver/srv/GetGPIOState.lisp, /root/ros_ws/devel/share/common-lisp/ros/kortex_driver/srv/GetGPIOState.lisp)
Linked: (/root/ros_ws/devel/.private/kortex_driver/share/common-lisp/ros/kortex_driver/srv/GetIntrinsicParametersProfile.lisp, /root/ros_ws/devel/share/common-lisp/ros/kortex_driver/srv/GetIntrinsicParametersProfile.lisp)
Linked: (/root/ros_ws/devel/.private/kortex_driver/share/common-lisp/ros/kortex_driver/srv/ReadAllActions.lisp, /root/ros_ws/devel/share/common-lisp/ros/kortex_driver/srv/ReadAllActions.lisp)
Linked: (/root/ros_ws/devel/.private/kortex_driver/share/common-lisp/ros/kortex_driver/srv/_package_ReadAllUserProfiles.lisp, /root/ros_ws/devel/share/common-lisp/ros/kortex_driver/srv/_package_ReadAllUserProfiles.lisp)
Linked: (/root/ros_ws/devel/.private/kortex_driver/share/common-lisp/ros/kortex_driver/srv/OnNotificationActionTopic.lisp, /root/ros_ws/devel/share/common-lisp/ros/kortex_driver/srv/OnNotificationActionTopic.lisp)
Linked: (/root/ros_ws/devel/.private/kortex_driver/share/common-lisp/ros/kortex_driver/srv/_package_ActuatorConfig_ClearFaults.lisp, /root/ros_ws/devel/share/common-lisp/ros/kortex_driver/srv/_package_ActuatorConfig_ClearFaults.lisp)
Linked: (/root/ros_ws/devel/.private/kortex_driver/share/common-lisp/ros/kortex_driver/srv/_package_ResumeSequence.lisp, /root/ros_ws/devel/share/common-lisp/ros/kortex_driver/srv/_package_ResumeSequence.lisp)
Linked: (/root/ros_ws/devel/.private/kortex_driver/share/common-lisp/ros/kortex_driver/srv/_package_ResetTwistAngularSoftLimit.lisp, /root/ros_ws/devel/share/common-lisp/ros/kortex_driver/srv/_package_ResetTwistAngularSoftLimit.lisp)
Linked: (/root/ros_ws/devel/.private/kortex_driver/share/common-lisp/ros/kortex_driver/srv/_package_SetIPv4Configuration.lisp, /root/ros_ws/devel/share/common-lisp/ros/kortex_driver/srv/_package_SetIPv4Configuration.lisp)
Linked: (/root/ros_ws/devel/.private/kortex_driver/share/common-lisp/ros/kortex_driver/srv/_package_StartWifiScan.lisp, /root/ros_ws/devel/share/common-lisp/ros/kortex_driver/srv/_package_StartWifiScan.lisp)
Linked: (/root/ros_ws/devel/.private/kortex_driver/share/common-lisp/ros/kortex_driver/srv/DeleteWifiConfiguration.lisp, /root/ros_ws/devel/share/common-lisp/ros/kortex_driver/srv/DeleteWifiConfiguration.lisp)
Linked: (/root/ros_ws/devel/.private/kortex_driver/share/common-lisp/ros/kortex_driver/srv/_package_OnNotificationServoingModeTopic.lisp, /root/ros_ws/devel/share/common-lisp/ros/kortex_driver/srv/_package_OnNotificationServoingModeTopic.lisp)
Linked: (/root/ros_ws/devel/.private/kortex_driver/share/common-lisp/ros/kortex_driver/srv/_package_ResetGravityVector.lisp, /root/ros_ws/devel/share/common-lisp/ros/kortex_driver/srv/_package_ResetGravityVector.lisp)
Linked: (/root/ros_ws/devel/.private/kortex_driver/share/common-lisp/ros/kortex_driver/srv/SetToolConfiguration.lisp, /root/ros_ws/devel/share/common-lisp/ros/kortex_driver/srv/SetToolConfiguration.lisp)
Linked: (/root/ros_ws/devel/.private/kortex_driver/share/common-lisp/ros/kortex_driver/srv/GetKinematicHardLimits.lisp, /root/ros_ws/devel/share/common-lisp/ros/kortex_driver/srv/GetKinematicHardLimits.lisp)
Linked: (/root/ros_ws/devel/.private/kortex_driver/share/common-lisp/ros/kortex_driver/srv/_package_SetAxisOffsets.lisp, /root/ros_ws/devel/share/common-lisp/ros/kortex_driver/srv/_package_SetAxisOffsets.lisp)
Linked: (/root/ros_ws/devel/.private/kortex_driver/share/common-lisp/ros/kortex_driver/srv/_package_GetFirmwareVersion.lisp, /root/ros_ws/devel/share/common-lisp/ros/kortex_driver/srv/_package_GetFirmwareVersion.lisp)
Linked: (/root/ros_ws/devel/.private/kortex_driver/share/common-lisp/ros/kortex_driver/srv/_package_CreateMap.lisp, /root/ros_ws/devel/share/common-lisp/ros/kortex_driver/srv/_package_CreateMap.lisp)
Linked: (/root/ros_ws/devel/.private/kortex_driver/share/common-lisp/ros/kortex_driver/srv/_package_PlaySequence.lisp, /root/ros_ws/devel/share/common-lisp/ros/kortex_driver/srv/_package_PlaySequence.lisp)
Linked: (/root/ros_ws/devel/.private/kortex_driver/share/common-lisp/ros/kortex_driver/srv/_package_GetConnectedWifiInformation.lisp, /root/ros_ws/devel/share/common-lisp/ros/kortex_driver/srv/_package_GetConnectedWifiInformation.lisp)
Linked: (/root/ros_ws/devel/.private/kortex_driver/share/common-lisp/ros/kortex_driver/srv/SetTwistLinearSoftLimit.lisp, /root/ros_ws/devel/share/common-lisp/ros/kortex_driver/srv/SetTwistLinearSoftLimit.lisp)
Linked: (/root/ros_ws/devel/.private/kortex_driver/share/common-lisp/ros/kortex_driver/srv/GetToolConfiguration.lisp, /root/ros_ws/devel/share/common-lisp/ros/kortex_driver/srv/GetToolConfiguration.lisp)
Linked: (/root/ros_ws/devel/.private/kortex_driver/share/common-lisp/ros/kortex_driver/srv/GetGravityVector.lisp, /root/ros_ws/devel/share/common-lisp/ros/kortex_driver/srv/GetGravityVector.lisp)
Linked: (/root/ros_ws/devel/.private/kortex_driver/share/common-lisp/ros/kortex_driver/srv/MoveSequenceTask.lisp, /root/ros_ws/devel/share/common-lisp/ros/kortex_driver/srv/MoveSequenceTask.lisp)
Linked: (/root/ros_ws/devel/.private/kortex_driver/share/common-lisp/ros/kortex_driver/srv/ReadAllMappings.lisp, /root/ros_ws/devel/share/common-lisp/ros/kortex_driver/srv/ReadAllMappings.lisp)
Linked: (/root/ros_ws/devel/.private/kortex_driver/share/common-lisp/ros/kortex_driver/srv/_package_GetAllJointsSpeedHardLimitation.lisp, /root/ros_ws/devel/share/common-lisp/ros/kortex_driver/srv/_package_GetAllJointsSpeedHardLimitation.lisp)
Linked: (/root/ros_ws/devel/.private/kortex_driver/share/common-lisp/ros/kortex_driver/srv/_package_DeleteProtectionZone.lisp, /root/ros_ws/devel/share/common-lisp/ros/kortex_driver/srv/_package_DeleteProtectionZone.lisp)
Linked: (/root/ros_ws/devel/.private/kortex_driver/share/common-lisp/ros/kortex_driver/srv/SendTwistCommand.lisp, /root/ros_ws/devel/share/common-lisp/ros/kortex_driver/srv/SendTwistCommand.lisp)
Linked: (/root/ros_ws/devel/.private/kortex_driver/share/common-lisp/ros/kortex_driver/srv/_package_GetCartesianReferenceFrame.lisp, /root/ros_ws/devel/share/common-lisp/ros/kortex_driver/srv/_package_GetCartesianReferenceFrame.lisp)
Linked: (/root/ros_ws/devel/.private/kortex_driver/share/common-lisp/ros/kortex_driver/srv/SetControllerConfigurationMode.lisp, /root/ros_ws/devel/share/common-lisp/ros/kortex_driver/srv/SetControllerConfigurationMode.lisp)
Linked: (/root/ros_ws/devel/.private/kortex_driver/share/common-lisp/ros/kortex_driver/srv/ExecuteWaypointTrajectory.lisp, /root/ros_ws/devel/share/common-lisp/ros/kortex_driver/srv/ExecuteWaypointTrajectory.lisp)
Linked: (/root/ros_ws/devel/.private/kortex_driver/share/common-lisp/ros/kortex_driver/srv/_package_ReadAllMappings.lisp, /root/ros_ws/devel/share/common-lisp/ros/kortex_driver/srv/_package_ReadAllMappings.lisp)
Linked: (/root/ros_ws/devel/.private/kortex_driver/share/common-lisp/ros/kortex_driver/srv/_package_SendGripperCommand.lisp, /root/ros_ws/devel/share/common-lisp/ros/kortex_driver/srv/_package_SendGripperCommand.lisp)
Linked: (/root/ros_ws/devel/.private/kortex_driver/share/common-lisp/ros/kortex_driver/srv/_package_ReadMap.lisp, /root/ros_ws/devel/share/common-lisp/ros/kortex_driver/srv/_package_ReadMap.lisp)
Linked: (/root/ros_ws/devel/.private/kortex_driver/share/common-lisp/ros/kortex_driver/srv/_package_PlaySelectedJointTrajectory.lisp, /root/ros_ws/devel/share/common-lisp/ros/kortex_driver/srv/_package_PlaySelectedJointTrajectory.lisp)
Linked: (/root/ros_ws/devel/.private/kortex_driver/share/common-lisp/ros/kortex_driver/srv/_package_DeleteSequence.lisp, /root/ros_ws/devel/share/common-lisp/ros/kortex_driver/srv/_package_DeleteSequence.lisp)
Linked: (/root/ros_ws/devel/.private/kortex_driver/share/common-lisp/ros/kortex_driver/srv/GetServoingMode.lisp, /root/ros_ws/devel/share/common-lisp/ros/kortex_driver/srv/GetServoingMode.lisp)
Linked: (/root/ros_ws/devel/.private/kortex_driver/share/common-lisp/ros/kortex_driver/srv/SetTorqueOffset.lisp, /root/ros_ws/devel/share/common-lisp/ros/kortex_driver/srv/SetTorqueOffset.lisp)
Linked: (/root/ros_ws/devel/.private/kortex_driver/share/common-lisp/ros/kortex_driver/srv/SetDesiredAngularTwist.lisp, /root/ros_ws/devel/share/common-lisp/ros/kortex_driver/srv/SetDesiredAngularTwist.lisp)
Linked: (/root/ros_ws/devel/.private/kortex_driver/share/common-lisp/ros/kortex_driver/srv/_package_GetTwistHardLimitation.lisp, /root/ros_ws/devel/share/common-lisp/ros/kortex_driver/srv/_package_GetTwistHardLimitation.lisp)
Linked: (/root/ros_ws/devel/.private/kortex_driver/share/common-lisp/ros/kortex_driver/srv/_package_GetGPIOState.lisp, /root/ros_ws/devel/share/common-lisp/ros/kortex_driver/srv/_package_GetGPIOState.lisp)
Linked: (/root/ros_ws/devel/.private/kortex_driver/share/common-lisp/ros/kortex_driver/srv/_package_GetRunMode.lisp, /root/ros_ws/devel/share/common-lisp/ros/kortex_driver/srv/_package_GetRunMode.lisp)
Linked: (/root/ros_ws/devel/.private/kortex_driver/share/common-lisp/ros/kortex_driver/srv/UpdateAction.lisp, /root/ros_ws/devel/share/common-lisp/ros/kortex_driver/srv/UpdateAction.lisp)
Linked: (/root/ros_ws/devel/.private/kortex_driver/share/common-lisp/ros/kortex_driver/srv/_package_I2CWriteRegister.lisp, /root/ros_ws/devel/share/common-lisp/ros/kortex_driver/srv/_package_I2CWriteRegister.lisp)
Linked: (/root/ros_ws/devel/.private/kortex_driver/share/common-lisp/ros/kortex_driver/srv/_package_ControlConfig_Unsubscribe.lisp, /root/ros_ws/devel/share/common-lisp/ros/kortex_driver/srv/_package_ControlConfig_Unsubscribe.lisp)
Linked: (/root/ros_ws/devel/.private/kortex_driver/share/common-lisp/ros/kortex_driver/srv/SendJointSpeedsJoystickCommand.lisp, /root/ros_ws/devel/share/common-lisp/ros/kortex_driver/srv/SendJointSpeedsJoystickCommand.lisp)
Linked: (/root/ros_ws/devel/.private/kortex_driver/share/common-lisp/ros/kortex_driver/srv/ComputeForwardKinematics.lisp, /root/ros_ws/devel/share/common-lisp/ros/kortex_driver/srv/ComputeForwardKinematics.lisp)
Linked: (/root/ros_ws/devel/.private/kortex_driver/share/common-lisp/ros/kortex_driver/srv/_package_GetPartNumber.lisp, /root/ros_ws/devel/share/common-lisp/ros/kortex_driver/srv/_package_GetPartNumber.lisp)
Linked: (/root/ros_ws/devel/.private/kortex_driver/share/common-lisp/ros/kortex_driver/srv/_package_DuplicateMap.lisp, /root/ros_ws/devel/share/common-lisp/ros/kortex_driver/srv/_package_DuplicateMap.lisp)
Linked: (/root/ros_ws/devel/.private/kortex_driver/share/common-lisp/ros/kortex_driver/srv/_package_GetEthernetConfiguration.lisp, /root/ros_ws/devel/share/common-lisp/ros/kortex_driver/srv/_package_GetEthernetConfiguration.lisp)
Linked: (/root/ros_ws/devel/.private/kortex_driver/share/common-lisp/ros/kortex_driver/srv/_package_GetAllJointsTorqueSoftLimitation.lisp, /root/ros_ws/devel/share/common-lisp/ros/kortex_driver/srv/_package_GetAllJointsTorqueSoftLimitation.lisp)
Linked: (/root/ros_ws/devel/.private/kortex_driver/share/common-lisp/ros/kortex_driver/srv/_package_ReadProtectionZone.lisp, /root/ros_ws/devel/share/common-lisp/ros/kortex_driver/srv/_package_ReadProtectionZone.lisp)
Linked: (/root/ros_ws/devel/.private/kortex_driver/share/common-lisp/ros/kortex_driver/srv/_package_Base_ClearFaults.lisp, /root/ros_ws/devel/share/common-lisp/ros/kortex_driver/srv/_package_Base_ClearFaults.lisp)
Linked: (/root/ros_ws/devel/.private/kortex_driver/share/common-lisp/ros/kortex_driver/srv/I2CWriteRegister.lisp, /root/ros_ws/devel/share/common-lisp/ros/kortex_driver/srv/I2CWriteRegister.lisp)
Linked: (/root/ros_ws/devel/.private/kortex_driver/share/common-lisp/ros/kortex_driver/srv/_package_SetControllerConfiguration.lisp, /root/ros_ws/devel/share/common-lisp/ros/kortex_driver/srv/_package_SetControllerConfiguration.lisp)
Linked: (/root/ros_ws/devel/.private/kortex_driver/share/common-lisp/ros/kortex_driver/srv/_package_PlayCartesianTrajectory.lisp, /root/ros_ws/devel/share/common-lisp/ros/kortex_driver/srv/_package_PlayCartesianTrajectory.lisp)
Linked: (/root/ros_ws/devel/.private/kortex_driver/share/common-lisp/ros/kortex_driver/srv/GetCalibrationResult.lisp, /root/ros_ws/devel/share/common-lisp/ros/kortex_driver/srv/GetCalibrationResult.lisp)
Linked: (/root/ros_ws/devel/.private/kortex_driver/share/common-lisp/ros/kortex_driver/srv/_package_CreateUserProfile.lisp, /root/ros_ws/devel/share/common-lisp/ros/kortex_driver/srv/_package_CreateUserProfile.lisp)
Linked: (/root/ros_ws/devel/.private/kortex_driver/share/common-lisp/ros/kortex_driver/srv/SendSelectedJointSpeedJoystickCommand.lisp, /root/ros_ws/devel/share/common-lisp/ros/kortex_driver/srv/SendSelectedJointSpeedJoystickCommand.lisp)
Linked: (/root/ros_ws/devel/.private/kortex_driver/share/common-lisp/ros/kortex_driver/srv/_package_GetDeviceType.lisp, /root/ros_ws/devel/share/common-lisp/ros/kortex_driver/srv/_package_GetDeviceType.lisp)
Linked: (/root/ros_ws/devel/.private/kortex_driver/share/common-lisp/ros/kortex_driver/srv/SendTwistJoystickCommand.lisp, /root/ros_ws/devel/share/common-lisp/ros/kortex_driver/srv/SendTwistJoystickCommand.lisp)
Linked: (/root/ros_ws/devel/.private/kortex_driver/share/common-lisp/ros/kortex_driver/srv/OnNotificationVisionTopic.lisp, /root/ros_ws/devel/share/common-lisp/ros/kortex_driver/srv/OnNotificationVisionTopic.lisp)
Linked: (/root/ros_ws/devel/.private/kortex_driver/share/common-lisp/ros/kortex_driver/srv/_package_GetCommandMode.lisp, /root/ros_ws/devel/share/common-lisp/ros/kortex_driver/srv/_package_GetCommandMode.lisp)
Linked: (/root/ros_ws/devel/.private/kortex_driver/share/common-lisp/ros/kortex_driver/srv/GetControllerState.lisp, /root/ros_ws/devel/share/common-lisp/ros/kortex_driver/srv/GetControllerState.lisp)
Linked: (/root/ros_ws/devel/.private/kortex_driver/share/common-lisp/ros/kortex_driver/srv/SetSensorSettings.lisp, /root/ros_ws/devel/share/common-lisp/ros/kortex_driver/srv/SetSensorSettings.lisp)
Linked: (/root/ros_ws/devel/.private/kortex_driver/share/common-lisp/ros/kortex_driver/srv/ResetTwistLinearSoftLimit.lisp, /root/ros_ws/devel/share/common-lisp/ros/kortex_driver/srv/ResetTwistLinearSoftLimit.lisp)
Linked: (/root/ros_ws/devel/.private/kortex_driver/share/common-lisp/ros/kortex_driver/srv/SetDesiredJointSpeeds.lisp, /root/ros_ws/devel/share/common-lisp/ros/kortex_driver/srv/SetDesiredJointSpeeds.lisp)
Linked: (/root/ros_ws/devel/.private/kortex_driver/share/common-lisp/ros/kortex_driver/srv/GetUARTConfiguration.lisp, /root/ros_ws/devel/share/common-lisp/ros/kortex_driver/srv/GetUARTConfiguration.lisp)
Linked: (/root/ros_ws/devel/.private/kortex_driver/share/common-lisp/ros/kortex_driver/srv/_package_GetFirmwareBundleVersions.lisp, /root/ros_ws/devel/share/common-lisp/ros/kortex_driver/srv/_package_GetFirmwareBundleVersions.lisp)
Linked: (/root/ros_ws/devel/.private/kortex_driver/share/common-lisp/ros/kortex_driver/srv/_package_GetExtrinsicParameters.lisp, /root/ros_ws/devel/share/common-lisp/ros/kortex_driver/srv/_package_GetExtrinsicParameters.lisp)
Linked: (/root/ros_ws/devel/.private/kortex_driver/share/common-lisp/ros/kortex_driver/srv/_package_AddWifiConfiguration.lisp, /root/ros_ws/devel/share/common-lisp/ros/kortex_driver/srv/_package_AddWifiConfiguration.lisp)
Linked: (/root/ros_ws/devel/.private/kortex_driver/share/common-lisp/ros/kortex_driver/srv/GetControlLoopParameters.lisp, /root/ros_ws/devel/share/common-lisp/ros/kortex_driver/srv/GetControlLoopParameters.lisp)
Linked: (/root/ros_ws/devel/.private/kortex_driver/share/common-lisp/ros/kortex_driver/srv/_package_ResumeAction.lisp, /root/ros_ws/devel/share/common-lisp/ros/kortex_driver/srv/_package_ResumeAction.lisp)
Linked: (/root/ros_ws/devel/.private/kortex_driver/share/common-lisp/ros/kortex_driver/srv/GetControllerConfiguration.lisp, /root/ros_ws/devel/share/common-lisp/ros/kortex_driver/srv/GetControllerConfiguration.lisp)
Linked: (/root/ros_ws/devel/.private/kortex_driver/share/common-lisp/ros/kortex_driver/srv/OnNotificationConfigurationChangeTopic.lisp, /root/ros_ws/devel/share/common-lisp/ros/kortex_driver/srv/OnNotificationConfigurationChangeTopic.lisp)
Linked: (/root/ros_ws/devel/.private/kortex_driver/share/common-lisp/ros/kortex_driver/srv/_package_DeleteMap.lisp, /root/ros_ws/devel/share/common-lisp/ros/kortex_driver/srv/_package_DeleteMap.lisp)
Linked: (/root/ros_ws/devel/.private/kortex_driver/share/common-lisp/ros/kortex_driver/srv/GetPartNumber.lisp, /root/ros_ws/devel/share/common-lisp/ros/kortex_driver/srv/GetPartNumber.lisp)
Linked: (/root/ros_ws/devel/.private/kortex_driver/share/common-lisp/ros/kortex_driver/srv/StopCalibration.lisp, /root/ros_ws/devel/share/common-lisp/ros/kortex_driver/srv/StopCalibration.lisp)
Linked: (/root/ros_ws/devel/.private/kortex_driver/share/common-lisp/ros/kortex_driver/srv/ReadProtectionZone.lisp, /root/ros_ws/devel/share/common-lisp/ros/kortex_driver/srv/ReadProtectionZone.lisp)
Linked: (/root/ros_ws/devel/.private/kortex_driver/share/common-lisp/ros/kortex_driver/srv/_package_Base_GetCapSenseConfig.lisp, /root/ros_ws/devel/share/common-lisp/ros/kortex_driver/srv/_package_Base_GetCapSenseConfig.lisp)
Linked: (/root/ros_ws/devel/.private/kortex_driver/share/common-lisp/ros/kortex_driver/srv/Base_OnNotificationControlModeTopic.lisp, /root/ros_ws/devel/share/common-lisp/ros/kortex_driver/srv/Base_OnNotificationControlModeTopic.lisp)
Linked: (/root/ros_ws/devel/.private/kortex_driver/share/common-lisp/ros/kortex_driver/srv/_package_UpdateSequenceTask.lisp, /root/ros_ws/devel/share/common-lisp/ros/kortex_driver/srv/_package_UpdateSequenceTask.lisp)
Linked: (/root/ros_ws/devel/.private/kortex_driver/share/common-lisp/ros/kortex_driver/srv/_package_ReadUserProfile.lisp, /root/ros_ws/devel/share/common-lisp/ros/kortex_driver/srv/_package_ReadUserProfile.lisp)
Linked: (/root/ros_ws/devel/.private/kortex_driver/share/common-lisp/ros/kortex_driver/srv/_package_GetControlLoopParameters.lisp, /root/ros_ws/devel/share/common-lisp/ros/kortex_driver/srv/_package_GetControlLoopParameters.lisp)
Linked: (/root/ros_ws/devel/.private/kortex_driver/share/common-lisp/ros/kortex_driver/srv/_package_RebootRequest.lisp, /root/ros_ws/devel/share/common-lisp/ros/kortex_driver/srv/_package_RebootRequest.lisp)
Linked: (/root/ros_ws/devel/.private/kortex_driver/share/common-lisp/ros/kortex_driver/srv/_package_GetGPIOConfiguration.lisp, /root/ros_ws/devel/share/common-lisp/ros/kortex_driver/srv/_package_GetGPIOConfiguration.lisp)
Linked: (/root/ros_ws/devel/.private/kortex_driver/share/common-lisp/ros/kortex_driver/srv/_package_DeleteAction.lisp, /root/ros_ws/devel/share/common-lisp/ros/kortex_driver/srv/_package_DeleteAction.lisp)
Linked: (/root/ros_ws/devel/.private/kortex_driver/share/common-lisp/ros/kortex_driver/srv/SetControlMode.lisp, /root/ros_ws/devel/share/common-lisp/ros/kortex_driver/srv/SetControlMode.lisp)
Linked: (/root/ros_ws/devel/.private/kortex_driver/share/common-lisp/ros/kortex_driver/srv/PauseAction.lisp, /root/ros_ws/devel/share/common-lisp/ros/kortex_driver/srv/PauseAction.lisp)
Linked: (/root/ros_ws/devel/.private/kortex_driver/share/common-lisp/ros/kortex_driver/srv/DeleteMap.lisp, /root/ros_ws/devel/share/common-lisp/ros/kortex_driver/srv/DeleteMap.lisp)
Linked: (/root/ros_ws/devel/.private/kortex_driver/share/common-lisp/ros/kortex_driver/srv/_package_SetWifiEnableState.lisp, /root/ros_ws/devel/share/common-lisp/ros/kortex_driver/srv/_package_SetWifiEnableState.lisp)
Linked: (/root/ros_ws/devel/.private/kortex_driver/share/common-lisp/ros/kortex_driver/srv/ReadMapping.lisp, /root/ros_ws/devel/share/common-lisp/ros/kortex_driver/srv/ReadMapping.lisp)
Linked: (/root/ros_ws/devel/.private/kortex_driver/share/common-lisp/ros/kortex_driver/srv/_package_OnNotificationArmStateTopic.lisp, /root/ros_ws/devel/share/common-lisp/ros/kortex_driver/srv/_package_OnNotificationArmStateTopic.lisp)
Linked: (/root/ros_ws/devel/.private/kortex_driver/share/common-lisp/ros/kortex_driver/srv/StopSequence.lisp, /root/ros_ws/devel/share/common-lisp/ros/kortex_driver/srv/StopSequence.lisp)
Linked: (/root/ros_ws/devel/.private/kortex_driver/share/common-lisp/ros/kortex_driver/srv/OnNotificationControlConfigurationTopic.lisp, /root/ros_ws/devel/share/common-lisp/ros/kortex_driver/srv/OnNotificationControlConfigurationTopic.lisp)
Linked: (/root/ros_ws/devel/.private/kortex_driver/share/common-lisp/ros/kortex_driver/srv/_package_TakeSnapshot.lisp, /root/ros_ws/devel/share/common-lisp/ros/kortex_driver/srv/_package_TakeSnapshot.lisp)
Linked: (/root/ros_ws/devel/.private/kortex_driver/share/common-lisp/ros/kortex_driver/srv/GetOptionValue.lisp, /root/ros_ws/devel/share/common-lisp/ros/kortex_driver/srv/GetOptionValue.lisp)
Linked: (/root/ros_ws/devel/.private/kortex_driver/share/common-lisp/ros/kortex_driver/srv/_package_ActivateMap.lisp, /root/ros_ws/devel/share/common-lisp/ros/kortex_driver/srv/_package_ActivateMap.lisp)
Linked: (/root/ros_ws/devel/.private/kortex_driver/share/common-lisp/ros/kortex_driver/srv/SetServoingMode.lisp, /root/ros_ws/devel/share/common-lisp/ros/kortex_driver/srv/SetServoingMode.lisp)
Linked: (/root/ros_ws/devel/.private/kortex_driver/share/common-lisp/ros/kortex_driver/srv/_package_GetControllerConfiguration.lisp, /root/ros_ws/devel/share/common-lisp/ros/kortex_driver/srv/_package_GetControllerConfiguration.lisp)
Linked: (/root/ros_ws/devel/.private/kortex_driver/share/common-lisp/ros/kortex_driver/srv/SendWrenchJoystickCommand.lisp, /root/ros_ws/devel/share/common-lisp/ros/kortex_driver/srv/SendWrenchJoystickCommand.lisp)
Linked: (/root/ros_ws/devel/.private/kortex_driver/share/common-lisp/ros/kortex_driver/srv/_package_SetDesiredJointSpeeds.lisp, /root/ros_ws/devel/share/common-lisp/ros/kortex_driver/srv/_package_SetDesiredJointSpeeds.lisp)
Linked: (/root/ros_ws/devel/.private/kortex_driver/share/common-lisp/ros/kortex_driver/srv/ConnectWifi.lisp, /root/ros_ws/devel/share/common-lisp/ros/kortex_driver/srv/ConnectWifi.lisp)
Linked: (/root/ros_ws/devel/.private/kortex_driver/share/common-lisp/ros/kortex_driver/srv/_package_SendWrenchJoystickCommand.lisp, /root/ros_ws/devel/share/common-lisp/ros/kortex_driver/srv/_package_SendWrenchJoystickCommand.lisp)
Linked: (/root/ros_ws/devel/.private/kortex_driver/share/common-lisp/ros/kortex_driver/srv/SetJointAccelerationSoftLimits.lisp, /root/ros_ws/devel/share/common-lisp/ros/kortex_driver/srv/SetJointAccelerationSoftLimits.lisp)
Linked: (/root/ros_ws/devel/.private/kortex_driver/share/common-lisp/ros/kortex_driver/srv/_package_SendTwistCommand.lisp, /root/ros_ws/devel/share/common-lisp/ros/kortex_driver/srv/_package_SendTwistCommand.lisp)
Linked: (/root/ros_ws/devel/.private/kortex_driver/share/common-lisp/ros/kortex_driver/srv/ReadAllSequences.lisp, /root/ros_ws/devel/share/common-lisp/ros/kortex_driver/srv/ReadAllSequences.lisp)
Linked: (/root/ros_ws/devel/.private/kortex_driver/share/common-lisp/ros/kortex_driver/srv/ResumeAction.lisp, /root/ros_ws/devel/share/common-lisp/ros/kortex_driver/srv/ResumeAction.lisp)
Linked: (/root/ros_ws/devel/.private/kortex_driver/share/common-lisp/ros/kortex_driver/srv/OnNotificationFactoryTopic.lisp, /root/ros_ws/devel/share/common-lisp/ros/kortex_driver/srv/OnNotificationFactoryTopic.lisp)
Linked: (/root/ros_ws/devel/.private/kortex_driver/share/common-lisp/ros/kortex_driver/srv/_package_ExecuteAction.lisp, /root/ros_ws/devel/share/common-lisp/ros/kortex_driver/srv/_package_ExecuteAction.lisp)
Linked: (/root/ros_ws/devel/.private/kortex_driver/share/common-lisp/ros/kortex_driver/srv/_package_GetProductConfiguration.lisp, /root/ros_ws/devel/share/common-lisp/ros/kortex_driver/srv/_package_GetProductConfiguration.lisp)
Linked: (/root/ros_ws/devel/.private/kortex_driver/share/common-lisp/ros/kortex_driver/srv/_package_Base_OnNotificationControlModeTopic.lisp, /root/ros_ws/devel/share/common-lisp/ros/kortex_driver/srv/_package_Base_OnNotificationControlModeTopic.lisp)
Linked: (/root/ros_ws/devel/.private/kortex_driver/share/common-lisp/ros/kortex_driver/srv/UpdateMap.lisp, /root/ros_ws/devel/share/common-lisp/ros/kortex_driver/srv/UpdateMap.lisp)
Linked: (/root/ros_ws/devel/.private/kortex_driver/share/common-lisp/ros/kortex_driver/srv/_package_GetWifiInformation.lisp, /root/ros_ws/devel/share/common-lisp/ros/kortex_driver/srv/_package_GetWifiInformation.lisp)
Linked: (/root/ros_ws/devel/.private/kortex_driver/share/common-lisp/ros/kortex_driver/srv/GetFirmwareBundleVersions.lisp, /root/ros_ws/devel/share/common-lisp/ros/kortex_driver/srv/GetFirmwareBundleVersions.lisp)
Linked: (/root/ros_ws/devel/.private/kortex_driver/share/common-lisp/ros/kortex_driver/srv/_package_OnNotificationOperatingModeTopic.lisp, /root/ros_ws/devel/share/common-lisp/ros/kortex_driver/srv/_package_OnNotificationOperatingModeTopic.lisp)
Linked: (/root/ros_ws/devel/.private/kortex_driver/share/common-lisp/ros/kortex_driver/srv/GetEthernetConfiguration.lisp, /root/ros_ws/devel/share/common-lisp/ros/kortex_driver/srv/GetEthernetConfiguration.lisp)
Linked: (/root/ros_ws/devel/.private/kortex_driver/share/common-lisp/ros/kortex_driver/srv/_package_ReadSequence.lisp, /root/ros_ws/devel/share/common-lisp/ros/kortex_driver/srv/_package_ReadSequence.lisp)
Linked: (/root/ros_ws/devel/.private/kortex_driver/share/common-lisp/ros/kortex_driver/srv/GetCoggingFeedforwardMode.lisp, /root/ros_ws/devel/share/common-lisp/ros/kortex_driver/srv/GetCoggingFeedforwardMode.lisp)
Linked: (/root/ros_ws/devel/.private/kortex_driver/share/common-lisp/ros/kortex_driver/srv/Base_GetCapSenseConfig.lisp, /root/ros_ws/devel/share/common-lisp/ros/kortex_driver/srv/Base_GetCapSenseConfig.lisp)
Linked: (/root/ros_ws/devel/.private/kortex_driver/share/common-lisp/ros/kortex_driver/srv/I2CReadRegister.lisp, /root/ros_ws/devel/share/common-lisp/ros/kortex_driver/srv/I2CReadRegister.lisp)
Linked: (/root/ros_ws/devel/.private/kortex_driver/share/common-lisp/ros/kortex_driver/srv/StartTeaching.lisp, /root/ros_ws/devel/share/common-lisp/ros/kortex_driver/srv/StartTeaching.lisp)
Linked: (/root/ros_ws/devel/.private/kortex_driver/share/common-lisp/ros/kortex_driver/srv/GetIPv4Information.lisp, /root/ros_ws/devel/share/common-lisp/ros/kortex_driver/srv/GetIPv4Information.lisp)
Linked: (/root/ros_ws/devel/.private/kortex_driver/share/common-lisp/ros/kortex_driver/srv/_package_I2CReadRegister.lisp, /root/ros_ws/devel/share/common-lisp/ros/kortex_driver/srv/_package_I2CReadRegister.lisp)
Linked: (/root/ros_ws/devel/.private/kortex_driver/share/common-lisp/ros/kortex_driver/srv/_package_SendTwistJoystickCommand.lisp, /root/ros_ws/devel/share/common-lisp/ros/kortex_driver/srv/_package_SendTwistJoystickCommand.lisp)
Linked: (/root/ros_ws/devel/.private/kortex_driver/share/common-lisp/ros/kortex_driver/srv/_package_ResetTwistLinearSoftLimit.lisp, /root/ros_ws/devel/share/common-lisp/ros/kortex_driver/srv/_package_ResetTwistLinearSoftLimit.lisp)
Linked: (/root/ros_ws/devel/.private/kortex_driver/share/common-lisp/ros/kortex_driver/srv/_package_SendJointSpeedsJoystickCommand.lisp, /root/ros_ws/devel/share/common-lisp/ros/kortex_driver/srv/_package_SendJointSpeedsJoystickCommand.lisp)
Linked: (/root/ros_ws/devel/.private/kortex_driver/share/common-lisp/ros/kortex_driver/srv/SetAxisOffsets.lisp, /root/ros_ws/devel/share/common-lisp/ros/kortex_driver/srv/SetAxisOffsets.lisp)
Linked: (/root/ros_ws/devel/.private/kortex_driver/share/common-lisp/ros/kortex_driver/srv/_package_GetCalibrationResult.lisp, /root/ros_ws/devel/share/common-lisp/ros/kortex_driver/srv/_package_GetCalibrationResult.lisp)
Linked: (/root/ros_ws/devel/.private/kortex_driver/share/common-lisp/ros/kortex_driver/srv/OnNotificationRobotEventTopic.lisp, /root/ros_ws/devel/share/common-lisp/ros/kortex_driver/srv/OnNotificationRobotEventTopic.lisp)
Linked: (/root/ros_ws/devel/.private/kortex_driver/share/common-lisp/ros/kortex_driver/srv/_package_GetMACAddress.lisp, /root/ros_ws/devel/share/common-lisp/ros/kortex_driver/srv/_package_GetMACAddress.lisp)
Linked: (/root/ros_ws/devel/.private/kortex_driver/share/common-lisp/ros/kortex_driver/srv/_package_SetIntrinsicParameters.lisp, /root/ros_ws/devel/share/common-lisp/ros/kortex_driver/srv/_package_SetIntrinsicParameters.lisp)
Linked: (/root/ros_ws/devel/.private/kortex_driver/share/common-lisp/ros/kortex_driver/srv/ReadAction.lisp, /root/ros_ws/devel/share/common-lisp/ros/kortex_driver/srv/ReadAction.lisp)
Linked: (/root/ros_ws/devel/.private/kortex_driver/share/common-lisp/ros/kortex_driver/srv/GetSafetyInformation.lisp, /root/ros_ws/devel/share/common-lisp/ros/kortex_driver/srv/GetSafetyInformation.lisp)
Linked: (/root/ros_ws/devel/.private/kortex_driver/share/common-lisp/ros/kortex_driver/srv/_package_ReadSequenceTask.lisp, /root/ros_ws/devel/share/common-lisp/ros/kortex_driver/srv/_package_ReadSequenceTask.lisp)
Linked: (/root/ros_ws/devel/.private/kortex_driver/share/common-lisp/ros/kortex_driver/srv/_package_PlayCartesianTrajectoryOrientation.lisp, /root/ros_ws/devel/share/common-lisp/ros/kortex_driver/srv/_package_PlayCartesianTrajectoryOrientation.lisp)
Linked: (/root/ros_ws/devel/.private/kortex_driver/share/common-lisp/ros/kortex_driver/srv/_package_SetSafetyErrorThreshold.lisp, /root/ros_ws/devel/share/common-lisp/ros/kortex_driver/srv/_package_SetSafetyErrorThreshold.lisp)
Linked: (/root/ros_ws/devel/.private/kortex_driver/share/common-lisp/ros/kortex_driver/srv/GetTwistSoftLimitation.lisp, /root/ros_ws/devel/share/common-lisp/ros/kortex_driver/srv/GetTwistSoftLimitation.lisp)
Linked: (/root/ros_ws/devel/.private/kortex_driver/share/common-lisp/ros/kortex_driver/srv/_package_I2CRead.lisp, /root/ros_ws/devel/share/common-lisp/ros/kortex_driver/srv/_package_I2CRead.lisp)
Linked: (/root/ros_ws/devel/.private/kortex_driver/share/common-lisp/ros/kortex_driver/srv/OnNotificationOperatingModeTopic.lisp, /root/ros_ws/devel/share/common-lisp/ros/kortex_driver/srv/OnNotificationOperatingModeTopic.lisp)
Linked: (/root/ros_ws/devel/.private/kortex_driver/share/common-lisp/ros/kortex_driver/srv/GetKinematicSoftLimits.lisp, /root/ros_ws/devel/share/common-lisp/ros/kortex_driver/srv/GetKinematicSoftLimits.lisp)
Linked: (/root/ros_ws/devel/.private/kortex_driver/share/common-lisp/ros/kortex_driver/srv/_package_GetAllControllerConfigurations.lisp, /root/ros_ws/devel/share/common-lisp/ros/kortex_driver/srv/_package_GetAllControllerConfigurations.lisp)
Linked: (/root/ros_ws/devel/.private/kortex_driver/share/common-lisp/ros/kortex_driver/srv/_package_GetControllerConfigurationMode.lisp, /root/ros_ws/devel/share/common-lisp/ros/kortex_driver/srv/_package_GetControllerConfigurationMode.lisp)
Linked: (/root/ros_ws/devel/.private/kortex_driver/share/common-lisp/ros/kortex_driver/srv/_package_OnNotificationRobotEventTopic.lisp, /root/ros_ws/devel/share/common-lisp/ros/kortex_driver/srv/_package_OnNotificationRobotEventTopic.lisp)
Linked: (/root/ros_ws/devel/.private/kortex_driver/share/common-lisp/ros/kortex_driver/srv/SetDesiredLinearTwist.lisp, /root/ros_ws/devel/share/common-lisp/ros/kortex_driver/srv/SetDesiredLinearTwist.lisp)
Linked: (/root/ros_ws/devel/.private/kortex_driver/share/common-lisp/ros/kortex_driver/srv/StopAction.lisp, /root/ros_ws/devel/share/common-lisp/ros/kortex_driver/srv/StopAction.lisp)
Linked: (/root/ros_ws/devel/.private/kortex_driver/share/common-lisp/ros/kortex_driver/srv/SetUARTConfiguration.lisp, /root/ros_ws/devel/share/common-lisp/ros/kortex_driver/srv/SetUARTConfiguration.lisp)
Linked: (/root/ros_ws/devel/.private/kortex_driver/share/common-lisp/ros/kortex_driver/srv/PlayCartesianTrajectoryPosition.lisp, /root/ros_ws/devel/share/common-lisp/ros/kortex_driver/srv/PlayCartesianTrajectoryPosition.lisp)
Linked: (/root/ros_ws/devel/.private/kortex_driver/share/common-lisp/ros/kortex_driver/srv/_package_GetActivatedControlLoop.lisp, /root/ros_ws/devel/share/common-lisp/ros/kortex_driver/srv/_package_GetActivatedControlLoop.lisp)
Linked: (/root/ros_ws/devel/.private/kortex_driver/share/common-lisp/ros/kortex_driver/srv/_package_SendSelectedJointSpeedJoystickCommand.lisp, /root/ros_ws/devel/share/common-lisp/ros/kortex_driver/srv/_package_SendSelectedJointSpeedJoystickCommand.lisp)
Linked: (/root/ros_ws/devel/.private/kortex_driver/share/common-lisp/ros/kortex_driver/srv/CreateAction.lisp, /root/ros_ws/devel/share/common-lisp/ros/kortex_driver/srv/CreateAction.lisp)
Linked: (/root/ros_ws/devel/.private/kortex_driver/share/common-lisp/ros/kortex_driver/srv/GetCommandMode.lisp, /root/ros_ws/devel/share/common-lisp/ros/kortex_driver/srv/GetCommandMode.lisp)
Linked: (/root/ros_ws/devel/.private/kortex_driver/share/common-lisp/ros/kortex_driver/srv/PlaySequence.lisp, /root/ros_ws/devel/share/common-lisp/ros/kortex_driver/srv/PlaySequence.lisp)
Linked: (/root/ros_ws/devel/.private/kortex_driver/share/common-lisp/ros/kortex_driver/srv/_package_GetBootloaderVersion.lisp, /root/ros_ws/devel/share/common-lisp/ros/kortex_driver/srv/_package_GetBootloaderVersion.lisp)
Linked: (/root/ros_ws/devel/.private/kortex_driver/share/common-lisp/ros/kortex_driver/srv/_package_SetJointSpeedSoftLimits.lisp, /root/ros_ws/devel/share/common-lisp/ros/kortex_driver/srv/_package_SetJointSpeedSoftLimits.lisp)
Linked: (/root/ros_ws/devel/.private/kortex_driver/share/gennodejs/ros/kortex_driver/_index.js, /root/ros_ws/devel/share/gennodejs/ros/kortex_driver/_index.js)
Linked: (/root/ros_ws/devel/.private/kortex_driver/share/gennodejs/ros/kortex_driver/msg/ActuatorCyclic_Command.js, /root/ros_ws/devel/share/gennodejs/ros/kortex_driver/msg/ActuatorCyclic_Command.js)
Linked: (/root/ros_ws/devel/.private/kortex_driver/share/gennodejs/ros/kortex_driver/msg/GripperCommand.js, /root/ros_ws/devel/share/gennodejs/ros/kortex_driver/msg/GripperCommand.js)
Linked: (/root/ros_ws/devel/.private/kortex_driver/share/gennodejs/ros/kortex_driver/msg/UARTParity.js, /root/ros_ws/devel/share/gennodejs/ros/kortex_driver/msg/UARTParity.js)
Linked: (/root/ros_ws/devel/.private/kortex_driver/share/gennodejs/ros/kortex_driver/msg/RampResponse.js, /root/ros_ws/devel/share/gennodejs/ros/kortex_driver/msg/RampResponse.js)
Linked: (/root/ros_ws/devel/.private/kortex_driver/share/gennodejs/ros/kortex_driver/msg/WaypointValidationReport.js, /root/ros_ws/devel/share/gennodejs/ros/kortex_driver/msg/WaypointValidationReport.js)
Linked: (/root/ros_ws/devel/.private/kortex_driver/share/gennodejs/ros/kortex_driver/msg/DesiredSpeeds.js, /root/ros_ws/devel/share/gennodejs/ros/kortex_driver/msg/DesiredSpeeds.js)
Linked: (/root/ros_ws/devel/.private/kortex_driver/share/gennodejs/ros/kortex_driver/msg/ExtrinsicParameters.js, /root/ros_ws/devel/share/gennodejs/ros/kortex_driver/msg/ExtrinsicParameters.js)
Linked: (/root/ros_ws/devel/.private/kortex_driver/share/gennodejs/ros/kortex_driver/msg/TwistLimitation.js, /root/ros_ws/devel/share/gennodejs/ros/kortex_driver/msg/TwistLimitation.js)
Linked: (/root/ros_ws/devel/.private/kortex_driver/share/gennodejs/ros/kortex_driver/msg/SafetyThreshold.js, /root/ros_ws/devel/share/gennodejs/ros/kortex_driver/msg/SafetyThreshold.js)
Linked: (/root/ros_ws/devel/.private/kortex_driver/share/gennodejs/ros/kortex_driver/msg/UARTSpeed.js, /root/ros_ws/devel/share/gennodejs/ros/kortex_driver/msg/UARTSpeed.js)
Linked: (/root/ros_ws/devel/.private/kortex_driver/share/gennodejs/ros/kortex_driver/msg/ActionNotificationList.js, /root/ros_ws/devel/share/gennodejs/ros/kortex_driver/msg/ActionNotificationList.js)
Linked: (/root/ros_ws/devel/.private/kortex_driver/share/gennodejs/ros/kortex_driver/msg/ControlConfig_ControlModeInformation.js, /root/ros_ws/devel/share/gennodejs/ros/kortex_driver/msg/ControlConfig_ControlModeInformation.js)
Linked: (/root/ros_ws/devel/.private/kortex_driver/share/gennodejs/ros/kortex_driver/msg/WrenchMode.js, /root/ros_ws/devel/share/gennodejs/ros/kortex_driver/msg/WrenchMode.js)
Linked: (/root/ros_ws/devel/.private/kortex_driver/share/gennodejs/ros/kortex_driver/msg/InterconnectConfig_ServiceVersion.js, /root/ros_ws/devel/share/gennodejs/ros/kortex_driver/msg/InterconnectConfig_ServiceVersion.js)
Linked: (/root/ros_ws/devel/.private/kortex_driver/share/gennodejs/ros/kortex_driver/msg/GripperCyclic_Command.js, /root/ros_ws/devel/share/gennodejs/ros/kortex_driver/msg/GripperCyclic_Command.js)
Linked: (/root/ros_ws/devel/.private/kortex_driver/share/gennodejs/ros/kortex_driver/msg/ActuatorInformation.js, /root/ros_ws/devel/share/gennodejs/ros/kortex_driver/msg/ActuatorInformation.js)
Linked: (/root/ros_ws/devel/.private/kortex_driver/share/gennodejs/ros/kortex_driver/msg/PositionCommand.js, /root/ros_ws/devel/share/gennodejs/ros/kortex_driver/msg/PositionCommand.js)
Linked: (/root/ros_ws/devel/.private/kortex_driver/share/gennodejs/ros/kortex_driver/msg/EthernetDevice.js, /root/ros_ws/devel/share/gennodejs/ros/kortex_driver/msg/EthernetDevice.js)
Linked: (/root/ros_ws/devel/.private/kortex_driver/share/gennodejs/ros/kortex_driver/msg/WifiSecurityType.js, /root/ros_ws/devel/share/gennodejs/ros/kortex_driver/msg/WifiSecurityType.js)
Linked: (/root/ros_ws/devel/.private/kortex_driver/share/gennodejs/ros/kortex_driver/msg/ControllerEvent.js, /root/ros_ws/devel/share/gennodejs/ros/kortex_driver/msg/ControllerEvent.js)
Linked: (/root/ros_ws/devel/.private/kortex_driver/share/gennodejs/ros/kortex_driver/msg/GpioBehavior.js, /root/ros_ws/devel/share/gennodejs/ros/kortex_driver/msg/GpioBehavior.js)
Linked: (/root/ros_ws/devel/.private/kortex_driver/share/gennodejs/ros/kortex_driver/msg/ControllerNotification_state.js, /root/ros_ws/devel/share/gennodejs/ros/kortex_driver/msg/ControllerNotification_state.js)
Linked: (/root/ros_ws/devel/.private/kortex_driver/share/gennodejs/ros/kortex_driver/msg/OperatingMode.js, /root/ros_ws/devel/share/gennodejs/ros/kortex_driver/msg/OperatingMode.js)
Linked: (/root/ros_ws/devel/.private/kortex_driver/share/gennodejs/ros/kortex_driver/msg/UARTWordLength.js, /root/ros_ws/devel/share/gennodejs/ros/kortex_driver/msg/UARTWordLength.js)
Linked: (/root/ros_ws/devel/.private/kortex_driver/share/gennodejs/ros/kortex_driver/msg/TrajectoryErrorElement.js, /root/ros_ws/devel/share/gennodejs/ros/kortex_driver/msg/TrajectoryErrorElement.js)
Linked: (/root/ros_ws/devel/.private/kortex_driver/share/gennodejs/ros/kortex_driver/msg/SafetyInformation.js, /root/ros_ws/devel/share/gennodejs/ros/kortex_driver/msg/SafetyInformation.js)
Linked: (/root/ros_ws/devel/.private/kortex_driver/share/gennodejs/ros/kortex_driver/msg/BridgeResult.js, /root/ros_ws/devel/share/gennodejs/ros/kortex_driver/msg/BridgeResult.js)
Linked: (/root/ros_ws/devel/.private/kortex_driver/share/gennodejs/ros/kortex_driver/msg/GpioAction.js, /root/ros_ws/devel/share/gennodejs/ros/kortex_driver/msg/GpioAction.js)
Linked: (/root/ros_ws/devel/.private/kortex_driver/share/gennodejs/ros/kortex_driver/msg/ConfigurationNotificationEvent.js, /root/ros_ws/devel/share/gennodejs/ros/kortex_driver/msg/ConfigurationNotificationEvent.js)
Linked: (/root/ros_ws/devel/.private/kortex_driver/share/gennodejs/ros/kortex_driver/msg/SensorIdentifier.js, /root/ros_ws/devel/share/gennodejs/ros/kortex_driver/msg/SensorIdentifier.js)
Linked: (/root/ros_ws/devel/.private/kortex_driver/share/gennodejs/ros/kortex_driver/msg/DeviceType.js, /root/ros_ws/devel/share/gennodejs/ros/kortex_driver/msg/DeviceType.js)
Linked: (/root/ros_ws/devel/.private/kortex_driver/share/gennodejs/ros/kortex_driver/msg/SensorSettings.js, /root/ros_ws/devel/share/gennodejs/ros/kortex_driver/msg/SensorSettings.js)
Linked: (/root/ros_ws/devel/.private/kortex_driver/share/gennodejs/ros/kortex_driver/msg/RobotiqGripperStatusFlags.js, /root/ros_ws/devel/share/gennodejs/ros/kortex_driver/msg/RobotiqGripperStatusFlags.js)
Linked: (/root/ros_ws/devel/.private/kortex_driver/share/gennodejs/ros/kortex_driver/msg/ControllerEventType.js, /root/ros_ws/devel/share/gennodejs/ros/kortex_driver/msg/ControllerEventType.js)
Linked: (/root/ros_ws/devel/.private/kortex_driver/share/gennodejs/ros/kortex_driver/msg/FullUserProfile.js, /root/ros_ws/devel/share/gennodejs/ros/kortex_driver/msg/FullUserProfile.js)
Linked: (/root/ros_ws/devel/.private/kortex_driver/share/gennodejs/ros/kortex_driver/msg/GpioEvent.js, /root/ros_ws/devel/share/gennodejs/ros/kortex_driver/msg/GpioEvent.js)
Linked: (/root/ros_ws/devel/.private/kortex_driver/share/gennodejs/ros/kortex_driver/msg/SequenceTaskHandle.js, /root/ros_ws/devel/share/gennodejs/ros/kortex_driver/msg/SequenceTaskHandle.js)
Linked: (/root/ros_ws/devel/.private/kortex_driver/share/gennodejs/ros/kortex_driver/msg/RunMode.js, /root/ros_ws/devel/share/gennodejs/ros/kortex_driver/msg/RunMode.js)
Linked: (/root/ros_ws/devel/.private/kortex_driver/share/gennodejs/ros/kortex_driver/msg/EmergencyStop.js, /root/ros_ws/devel/share/gennodejs/ros/kortex_driver/msg/EmergencyStop.js)
Linked: (/root/ros_ws/devel/.private/kortex_driver/share/gennodejs/ros/kortex_driver/msg/WristType.js, /root/ros_ws/devel/share/gennodejs/ros/kortex_driver/msg/WristType.js)
Linked: (/root/ros_ws/devel/.private/kortex_driver/share/gennodejs/ros/kortex_driver/msg/WifiInformation.js, /root/ros_ws/devel/share/gennodejs/ros/kortex_driver/msg/WifiInformation.js)
Linked: (/root/ros_ws/devel/.private/kortex_driver/share/gennodejs/ros/kortex_driver/msg/LinearTwist.js, /root/ros_ws/devel/share/gennodejs/ros/kortex_driver/msg/LinearTwist.js)
Linked: (/root/ros_ws/devel/.private/kortex_driver/share/gennodejs/ros/kortex_driver/msg/ControllerElementHandle_identifier.js, /root/ros_ws/devel/share/gennodejs/ros/kortex_driver/msg/ControllerElementHandle_identifier.js)
Linked: (/root/ros_ws/devel/.private/kortex_driver/share/gennodejs/ros/kortex_driver/msg/ServoingMode.js, /root/ros_ws/devel/share/gennodejs/ros/kortex_driver/msg/ServoingMode.js)
Linked: (/root/ros_ws/devel/.private/kortex_driver/share/gennodejs/ros/kortex_driver/msg/Gen3GpioPinId.js, /root/ros_ws/devel/share/gennodejs/ros/kortex_driver/msg/Gen3GpioPinId.js)
Linked: (/root/ros_ws/devel/.private/kortex_driver/share/gennodejs/ros/kortex_driver/msg/WristDigitalInputIdentifier.js, /root/ros_ws/devel/share/gennodejs/ros/kortex_driver/msg/WristDigitalInputIdentifier.js)
Linked: (/root/ros_ws/devel/.private/kortex_driver/share/gennodejs/ros/kortex_driver/msg/JointAngle.js, /root/ros_ws/devel/share/gennodejs/ros/kortex_driver/msg/JointAngle.js)
Linked: (/root/ros_ws/devel/.private/kortex_driver/share/gennodejs/ros/kortex_driver/msg/OptionIdentifier.js, /root/ros_ws/devel/share/gennodejs/ros/kortex_driver/msg/OptionIdentifier.js)
Linked: (/root/ros_ws/devel/.private/kortex_driver/share/gennodejs/ros/kortex_driver/msg/CalibrationStatus.js, /root/ros_ws/devel/share/gennodejs/ros/kortex_driver/msg/CalibrationStatus.js)
Linked: (/root/ros_ws/devel/.private/kortex_driver/share/gennodejs/ros/kortex_driver/msg/Base_JointSpeeds.js, /root/ros_ws/devel/share/gennodejs/ros/kortex_driver/msg/Base_JointSpeeds.js)
Linked: (/root/ros_ws/devel/.private/kortex_driver/share/gennodejs/ros/kortex_driver/msg/Empty.js, /root/ros_ws/devel/share/gennodejs/ros/kortex_driver/msg/Empty.js)
Linked: (/root/ros_ws/devel/.private/kortex_driver/share/gennodejs/ros/kortex_driver/msg/Unit.js, /root/ros_ws/devel/share/gennodejs/ros/kortex_driver/msg/Unit.js)
Linked: (/root/ros_ws/devel/.private/kortex_driver/share/gennodejs/ros/kortex_driver/msg/SafetyHandle.js, /root/ros_ws/devel/share/gennodejs/ros/kortex_driver/msg/SafetyHandle.js)
Linked: (/root/ros_ws/devel/.private/kortex_driver/share/gennodejs/ros/kortex_driver/msg/ControllerList.js, /root/ros_ws/devel/share/gennodejs/ros/kortex_driver/msg/ControllerList.js)
Linked: (/root/ros_ws/devel/.private/kortex_driver/share/gennodejs/ros/kortex_driver/msg/MapElement.js, /root/ros_ws/devel/share/gennodejs/ros/kortex_driver/msg/MapElement.js)
Linked: (/root/ros_ws/devel/.private/kortex_driver/share/gennodejs/ros/kortex_driver/msg/ActionEvent.js, /root/ros_ws/devel/share/gennodejs/ros/kortex_driver/msg/ActionEvent.js)
Linked: (/root/ros_ws/devel/.private/kortex_driver/share/gennodejs/ros/kortex_driver/msg/GpioPinPropertyFlags.js, /root/ros_ws/devel/share/gennodejs/ros/kortex_driver/msg/GpioPinPropertyFlags.js)
Linked: (/root/ros_ws/devel/.private/kortex_driver/share/gennodejs/ros/kortex_driver/msg/MapHandle.js, /root/ros_ws/devel/share/gennodejs/ros/kortex_driver/msg/MapHandle.js)
Linked: (/root/ros_ws/devel/.private/kortex_driver/share/gennodejs/ros/kortex_driver/msg/NetworkNotificationList.js, /root/ros_ws/devel/share/gennodejs/ros/kortex_driver/msg/NetworkNotificationList.js)
Linked: (/root/ros_ws/devel/.private/kortex_driver/share/gennodejs/ros/kortex_driver/msg/IntrinsicParameters.js, /root/ros_ws/devel/share/gennodejs/ros/kortex_driver/msg/IntrinsicParameters.js)
Linked: (/root/ros_ws/devel/.private/kortex_driver/share/gennodejs/ros/kortex_driver/msg/Delay.js, /root/ros_ws/devel/share/gennodejs/ros/kortex_driver/msg/Delay.js)
Linked: (/root/ros_ws/devel/.private/kortex_driver/share/gennodejs/ros/kortex_driver/msg/Permission.js, /root/ros_ws/devel/share/gennodejs/ros/kortex_driver/msg/Permission.js)
Linked: (/root/ros_ws/devel/.private/kortex_driver/share/gennodejs/ros/kortex_driver/msg/GripperCyclic_ServiceVersion.js, /root/ros_ws/devel/share/gennodejs/ros/kortex_driver/msg/GripperCyclic_ServiceVersion.js)
Linked: (/root/ros_ws/devel/.private/kortex_driver/share/gennodejs/ros/kortex_driver/msg/NetworkNotification.js, /root/ros_ws/devel/share/gennodejs/ros/kortex_driver/msg/NetworkNotification.js)
Linked: (/root/ros_ws/devel/.private/kortex_driver/share/gennodejs/ros/kortex_driver/msg/TrajectoryInfo.js, /root/ros_ws/devel/share/gennodejs/ros/kortex_driver/msg/TrajectoryInfo.js)
Linked: (/root/ros_ws/devel/.private/kortex_driver/share/gennodejs/ros/kortex_driver/msg/CapSenseRegister.js, /root/ros_ws/devel/share/gennodejs/ros/kortex_driver/msg/CapSenseRegister.js)
Linked: (/root/ros_ws/devel/.private/kortex_driver/share/gennodejs/ros/kortex_driver/msg/GpioConfigurationList.js, /root/ros_ws/devel/share/gennodejs/ros/kortex_driver/msg/GpioConfigurationList.js)
Linked: (/root/ros_ws/devel/.private/kortex_driver/share/gennodejs/ros/kortex_driver/msg/ConstrainedPose.js, /root/ros_ws/devel/share/gennodejs/ros/kortex_driver/msg/ConstrainedPose.js)
Linked: (/root/ros_ws/devel/.private/kortex_driver/share/gennodejs/ros/kortex_driver/msg/Calibration.js, /root/ros_ws/devel/share/gennodejs/ros/kortex_driver/msg/Calibration.js)
Linked: (/root/ros_ws/devel/.private/kortex_driver/share/gennodejs/ros/kortex_driver/msg/LimitationType.js, /root/ros_ws/devel/share/gennodejs/ros/kortex_driver/msg/LimitationType.js)
Linked: (/root/ros_ws/devel/.private/kortex_driver/share/gennodejs/ros/kortex_driver/msg/BridgePortConfig.js, /root/ros_ws/devel/share/gennodejs/ros/kortex_driver/msg/BridgePortConfig.js)
Linked: (/root/ros_ws/devel/.private/kortex_driver/share/gennodejs/ros/kortex_driver/msg/MotorFeedback.js, /root/ros_ws/devel/share/gennodejs/ros/kortex_driver/msg/MotorFeedback.js)
Linked: (/root/ros_ws/devel/.private/kortex_driver/share/gennodejs/ros/kortex_driver/msg/Snapshot.js, /root/ros_ws/devel/share/gennodejs/ros/kortex_driver/msg/Snapshot.js)
Linked: (/root/ros_ws/devel/.private/kortex_driver/share/gennodejs/ros/kortex_driver/msg/CustomDataUnit.js, /root/ros_ws/devel/share/gennodejs/ros/kortex_driver/msg/CustomDataUnit.js)
Linked: (/root/ros_ws/devel/.private/kortex_driver/share/gennodejs/ros/kortex_driver/msg/PreComputedJointTrajectory.js, /root/ros_ws/devel/share/gennodejs/ros/kortex_driver/msg/PreComputedJointTrajectory.js)
Linked: (/root/ros_ws/devel/.private/kortex_driver/share/gennodejs/ros/kortex_driver/msg/Waypoint.js, /root/ros_ws/devel/share/gennodejs/ros/kortex_driver/msg/Waypoint.js)
Linked: (/root/ros_ws/devel/.private/kortex_driver/share/gennodejs/ros/kortex_driver/msg/BaseCyclic_Command.js, /root/ros_ws/devel/share/gennodejs/ros/kortex_driver/msg/BaseCyclic_Command.js)
Linked: (/root/ros_ws/devel/.private/kortex_driver/share/gennodejs/ros/kortex_driver/msg/PowerOnSelfTestResult.js, /root/ros_ws/devel/share/gennodejs/ros/kortex_driver/msg/PowerOnSelfTestResult.js)
Linked: (/root/ros_ws/devel/.private/kortex_driver/share/gennodejs/ros/kortex_driver/msg/JointNavigationDirection.js, /root/ros_ws/devel/share/gennodejs/ros/kortex_driver/msg/JointNavigationDirection.js)
Linked: (/root/ros_ws/devel/.private/kortex_driver/share/gennodejs/ros/kortex_driver/msg/Base_GpioConfiguration.js, /root/ros_ws/devel/share/gennodejs/ros/kortex_driver/msg/Base_GpioConfiguration.js)
Linked: (/root/ros_ws/devel/.private/kortex_driver/share/gennodejs/ros/kortex_driver/msg/PasswordChange.js, /root/ros_ws/devel/share/gennodejs/ros/kortex_driver/msg/PasswordChange.js)
Linked: (/root/ros_ws/devel/.private/kortex_driver/share/gennodejs/ros/kortex_driver/msg/NetworkHandle.js, /root/ros_ws/devel/share/gennodejs/ros/kortex_driver/msg/NetworkHandle.js)
Linked: (/root/ros_ws/devel/.private/kortex_driver/share/gennodejs/ros/kortex_driver/msg/SafetyConfigurationList.js, /root/ros_ws/devel/share/gennodejs/ros/kortex_driver/msg/SafetyConfigurationList.js)
Linked: (/root/ros_ws/devel/.private/kortex_driver/share/gennodejs/ros/kortex_driver/msg/I2CDeviceAddressing.js, /root/ros_ws/devel/share/gennodejs/ros/kortex_driver/msg/I2CDeviceAddressing.js)
Linked: (/root/ros_ws/devel/.private/kortex_driver/share/gennodejs/ros/kortex_driver/msg/Base_ControlMode.js, /root/ros_ws/devel/share/gennodejs/ros/kortex_driver/msg/Base_ControlMode.js)
Linked: (/root/ros_ws/devel/.private/kortex_driver/share/gennodejs/ros/kortex_driver/msg/GPIOIdentifier.js, /root/ros_ws/devel/share/gennodejs/ros/kortex_driver/msg/GPIOIdentifier.js)
Linked: (/root/ros_ws/devel/.private/kortex_driver/share/gennodejs/ros/kortex_driver/msg/SoundType.js, /root/ros_ws/devel/share/gennodejs/ros/kortex_driver/msg/SoundType.js)
Linked: (/root/ros_ws/devel/.private/kortex_driver/share/gennodejs/ros/kortex_driver/msg/JointTrajectoryConstraint.js, /root/ros_ws/devel/share/gennodejs/ros/kortex_driver/msg/JointTrajectoryConstraint.js)
Linked: (/root/ros_ws/devel/.private/kortex_driver/share/gennodejs/ros/kortex_driver/msg/FirmwareBundleVersions.js, /root/ros_ws/devel/share/gennodejs/ros/kortex_driver/msg/FirmwareBundleVersions.js)
Linked: (/root/ros_ws/devel/.private/kortex_driver/share/gennodejs/ros/kortex_driver/msg/BitRate.js, /root/ros_ws/devel/share/gennodejs/ros/kortex_driver/msg/BitRate.js)
Linked: (/root/ros_ws/devel/.private/kortex_driver/share/gennodejs/ros/kortex_driver/msg/Base_Stop.js, /root/ros_ws/devel/share/gennodejs/ros/kortex_driver/msg/Base_Stop.js)
Linked: (/root/ros_ws/devel/.private/kortex_driver/share/gennodejs/ros/kortex_driver/msg/SafetyNotificationList.js, /root/ros_ws/devel/share/gennodejs/ros/kortex_driver/msg/SafetyNotificationList.js)
Linked: (/root/ros_ws/devel/.private/kortex_driver/share/gennodejs/ros/kortex_driver/msg/Base_ServiceVersion.js, /root/ros_ws/devel/share/gennodejs/ros/kortex_driver/msg/Base_ServiceVersion.js)
Linked: (/root/ros_ws/devel/.private/kortex_driver/share/gennodejs/ros/kortex_driver/msg/EthernetDeviceIdentification.js, /root/ros_ws/devel/share/gennodejs/ros/kortex_driver/msg/EthernetDeviceIdentification.js)
Linked: (/root/ros_ws/devel/.private/kortex_driver/share/gennodejs/ros/kortex_driver/msg/CountryCodeIdentifier.js, /root/ros_ws/devel/share/gennodejs/ros/kortex_driver/msg/CountryCodeIdentifier.js)
Linked: (/root/ros_ws/devel/.private/kortex_driver/share/gennodejs/ros/kortex_driver/msg/I2CRegisterAddressSize.js, /root/ros_ws/devel/share/gennodejs/ros/kortex_driver/msg/I2CRegisterAddressSize.js)
Linked: (/root/ros_ws/devel/.private/kortex_driver/share/gennodejs/ros/kortex_driver/msg/TranslationVector.js, /root/ros_ws/devel/share/gennodejs/ros/kortex_driver/msg/TranslationVector.js)
Linked: (/root/ros_ws/devel/.private/kortex_driver/share/gennodejs/ros/kortex_driver/msg/ActionList.js, /root/ros_ws/devel/share/gennodejs/ros/kortex_driver/msg/ActionList.js)
Linked: (/root/ros_ws/devel/.private/kortex_driver/share/gennodejs/ros/kortex_driver/msg/SubErrorCodes.js, /root/ros_ws/devel/share/gennodejs/ros/kortex_driver/msg/SubErrorCodes.js)
Linked: (/root/ros_ws/devel/.private/kortex_driver/share/gennodejs/ros/kortex_driver/msg/GripperConfig_SafetyIdentifier.js, /root/ros_ws/devel/share/gennodejs/ros/kortex_driver/msg/GripperConfig_SafetyIdentifier.js)
Linked: (/root/ros_ws/devel/.private/kortex_driver/share/gennodejs/ros/kortex_driver/msg/LedState.js, /root/ros_ws/devel/share/gennodejs/ros/kortex_driver/msg/LedState.js)
Linked: (/root/ros_ws/devel/.private/kortex_driver/share/gennodejs/ros/kortex_driver/msg/InterconnectCyclic_ServiceVersion.js, /root/ros_ws/devel/share/gennodejs/ros/kortex_driver/msg/InterconnectCyclic_ServiceVersion.js)
Linked: (/root/ros_ws/devel/.private/kortex_driver/share/gennodejs/ros/kortex_driver/msg/TwistCommand.js, /root/ros_ws/devel/share/gennodejs/ros/kortex_driver/msg/TwistCommand.js)
Linked: (/root/ros_ws/devel/.private/kortex_driver/share/gennodejs/ros/kortex_driver/msg/ConstrainedJointAngles.js, /root/ros_ws/devel/share/gennodejs/ros/kortex_driver/msg/ConstrainedJointAngles.js)
Linked: (/root/ros_ws/devel/.private/kortex_driver/share/gennodejs/ros/kortex_driver/msg/UserProfileList.js, /root/ros_ws/devel/share/gennodejs/ros/kortex_driver/msg/UserProfileList.js)
Linked: (/root/ros_ws/devel/.private/kortex_driver/share/gennodejs/ros/kortex_driver/msg/SerialNumber.js, /root/ros_ws/devel/share/gennodejs/ros/kortex_driver/msg/SerialNumber.js)
Linked: (/root/ros_ws/devel/.private/kortex_driver/share/gennodejs/ros/kortex_driver/msg/BaseCyclic_ServiceVersion.js, /root/ros_ws/devel/share/gennodejs/ros/kortex_driver/msg/BaseCyclic_ServiceVersion.js)
Linked: (/root/ros_ws/devel/.private/kortex_driver/share/gennodejs/ros/kortex_driver/msg/TwistAngularSoftLimit.js, /root/ros_ws/devel/share/gennodejs/ros/kortex_driver/msg/TwistAngularSoftLimit.js)
Linked: (/root/ros_ws/devel/.private/kortex_driver/share/gennodejs/ros/kortex_driver/msg/CalibrationParameter_value.js, /root/ros_ws/devel/share/gennodejs/ros/kortex_driver/msg/CalibrationParameter_value.js)
Linked: (/root/ros_ws/devel/.private/kortex_driver/share/gennodejs/ros/kortex_driver/msg/WifiConfigurationList.js, /root/ros_ws/devel/share/gennodejs/ros/kortex_driver/msg/WifiConfigurationList.js)
Linked: (/root/ros_ws/devel/.private/kortex_driver/share/gennodejs/ros/kortex_driver/msg/LoopSelection.js, /root/ros_ws/devel/share/gennodejs/ros/kortex_driver/msg/LoopSelection.js)
Linked: (/root/ros_ws/devel/.private/kortex_driver/share/gennodejs/ros/kortex_driver/msg/ActionHandle.js, /root/ros_ws/devel/share/gennodejs/ros/kortex_driver/msg/ActionHandle.js)
Linked: (/root/ros_ws/devel/.private/kortex_driver/share/gennodejs/ros/kortex_driver/msg/RobotEventNotification.js, /root/ros_ws/devel/share/gennodejs/ros/kortex_driver/msg/RobotEventNotification.js)
Linked: (/root/ros_ws/devel/.private/kortex_driver/share/gennodejs/ros/kortex_driver/msg/UserList.js, /root/ros_ws/devel/share/gennodejs/ros/kortex_driver/msg/UserList.js)
Linked: (/root/ros_ws/devel/.private/kortex_driver/share/gennodejs/ros/kortex_driver/msg/FirmwareVersion.js, /root/ros_ws/devel/share/gennodejs/ros/kortex_driver/msg/FirmwareVersion.js)
Linked: (/root/ros_ws/devel/.private/kortex_driver/share/gennodejs/ros/kortex_driver/msg/Twist.js, /root/ros_ws/devel/share/gennodejs/ros/kortex_driver/msg/Twist.js)
Linked: (/root/ros_ws/devel/.private/kortex_driver/share/gennodejs/ros/kortex_driver/msg/SystemTime.js, /root/ros_ws/devel/share/gennodejs/ros/kortex_driver/msg/SystemTime.js)
Linked: (/root/ros_ws/devel/.private/kortex_driver/share/gennodejs/ros/kortex_driver/msg/MapEvent.js, /root/ros_ws/devel/share/gennodejs/ros/kortex_driver/msg/MapEvent.js)
Linked: (/root/ros_ws/devel/.private/kortex_driver/share/gennodejs/ros/kortex_driver/msg/ErrorCodes.js, /root/ros_ws/devel/share/gennodejs/ros/kortex_driver/msg/ErrorCodes.js)
Linked: (/root/ros_ws/devel/.private/kortex_driver/share/gennodejs/ros/kortex_driver/msg/RequestedActionType.js, /root/ros_ws/devel/share/gennodejs/ros/kortex_driver/msg/RequestedActionType.js)
Linked: (/root/ros_ws/devel/.private/kortex_driver/share/gennodejs/ros/kortex_driver/msg/ControllerConfigurationMode.js, /root/ros_ws/devel/share/gennodejs/ros/kortex_driver/msg/ControllerConfigurationMode.js)
Linked: (/root/ros_ws/devel/.private/kortex_driver/share/gennodejs/ros/kortex_driver/msg/ControllerNotification.js, /root/ros_ws/devel/share/gennodejs/ros/kortex_driver/msg/ControllerNotification.js)
Linked: (/root/ros_ws/devel/.private/kortex_driver/share/gennodejs/ros/kortex_driver/msg/UARTDeviceIdentification.js, /root/ros_ws/devel/share/gennodejs/ros/kortex_driver/msg/UARTDeviceIdentification.js)
Linked: (/root/ros_ws/devel/.private/kortex_driver/share/gennodejs/ros/kortex_driver/msg/Ssid.js, /root/ros_ws/devel/share/gennodejs/ros/kortex_driver/msg/Ssid.js)
Linked: (/root/ros_ws/devel/.private/kortex_driver/share/gennodejs/ros/kortex_driver/msg/Xbox360DigitalInputIdentifier.js, /root/ros_ws/devel/share/gennodejs/ros/kortex_driver/msg/Xbox360DigitalInputIdentifier.js)
Linked: (/root/ros_ws/devel/.private/kortex_driver/share/gennodejs/ros/kortex_driver/msg/ControlLoopSelection.js, /root/ros_ws/devel/share/gennodejs/ros/kortex_driver/msg/ControlLoopSelection.js)
Linked: (/root/ros_ws/devel/.private/kortex_driver/share/gennodejs/ros/kortex_driver/msg/UARTStopBits.js, /root/ros_ws/devel/share/gennodejs/ros/kortex_driver/msg/UARTStopBits.js)
Linked: (/root/ros_ws/devel/.private/kortex_driver/share/gennodejs/ros/kortex_driver/msg/Servoing.js, /root/ros_ws/devel/share/gennodejs/ros/kortex_driver/msg/Servoing.js)
Linked: (/root/ros_ws/devel/.private/kortex_driver/share/gennodejs/ros/kortex_driver/msg/ControlConfig_ControlMode.js, /root/ros_ws/devel/share/gennodejs/ros/kortex_driver/msg/ControlConfig_ControlMode.js)
Linked: (/root/ros_ws/devel/.private/kortex_driver/share/gennodejs/ros/kortex_driver/msg/AxisOffsets.js, /root/ros_ws/devel/share/gennodejs/ros/kortex_driver/msg/AxisOffsets.js)
Linked: (/root/ros_ws/devel/.private/kortex_driver/share/gennodejs/ros/kortex_driver/msg/I2CConfiguration.js, /root/ros_ws/devel/share/gennodejs/ros/kortex_driver/msg/I2CConfiguration.js)
Linked: (/root/ros_ws/devel/.private/kortex_driver/share/gennodejs/ros/kortex_driver/msg/InterconnectCyclic_MessageId.js, /root/ros_ws/devel/share/gennodejs/ros/kortex_driver/msg/InterconnectCyclic_MessageId.js)
Linked: (/root/ros_ws/devel/.private/kortex_driver/share/gennodejs/ros/kortex_driver/msg/BrakeType.js, /root/ros_ws/devel/share/gennodejs/ros/kortex_driver/msg/BrakeType.js)
Linked: (/root/ros_ws/devel/.private/kortex_driver/share/gennodejs/ros/kortex_driver/msg/JointTrajectoryConstraintType.js, /root/ros_ws/devel/share/gennodejs/ros/kortex_driver/msg/JointTrajectoryConstraintType.js)
Linked: (/root/ros_ws/devel/.private/kortex_driver/share/gennodejs/ros/kortex_driver/msg/WifiEnableState.js, /root/ros_ws/devel/share/gennodejs/ros/kortex_driver/msg/WifiEnableState.js)
Linked: (/root/ros_ws/devel/.private/kortex_driver/share/gennodejs/ros/kortex_driver/msg/Action.js, /root/ros_ws/devel/share/gennodejs/ros/kortex_driver/msg/Action.js)
Linked: (/root/ros_ws/devel/.private/kortex_driver/share/gennodejs/ros/kortex_driver/msg/ControllerElementEventType.js, /root/ros_ws/devel/share/gennodejs/ros/kortex_driver/msg/ControllerElementEventType.js)
Linked: (/root/ros_ws/devel/.private/kortex_driver/share/gennodejs/ros/kortex_driver/msg/WifiEncryptionType.js, /root/ros_ws/devel/share/gennodejs/ros/kortex_driver/msg/WifiEncryptionType.js)
Linked: (/root/ros_ws/devel/.private/kortex_driver/share/gennodejs/ros/kortex_driver/msg/CartesianTransform.js, /root/ros_ws/devel/share/gennodejs/ros/kortex_driver/msg/CartesianTransform.js)
Linked: (/root/ros_ws/devel/.private/kortex_driver/share/gennodejs/ros/kortex_driver/msg/DeviceConfig_ServiceVersion.js, /root/ros_ws/devel/share/gennodejs/ros/kortex_driver/msg/DeviceConfig_ServiceVersion.js)
Linked: (/root/ros_ws/devel/.private/kortex_driver/share/gennodejs/ros/kortex_driver/msg/UARTPortId.js, /root/ros_ws/devel/share/gennodejs/ros/kortex_driver/msg/UARTPortId.js)
Linked: (/root/ros_ws/devel/.private/kortex_driver/share/gennodejs/ros/kortex_driver/msg/ActuatorCommand.js, /root/ros_ws/devel/share/gennodejs/ros/kortex_driver/msg/ActuatorCommand.js)
Linked: (/root/ros_ws/devel/.private/kortex_driver/share/gennodejs/ros/kortex_driver/msg/MappingInfoNotification.js, /root/ros_ws/devel/share/gennodejs/ros/kortex_driver/msg/MappingInfoNotification.js)
Linked: (/root/ros_ws/devel/.private/kortex_driver/share/gennodejs/ros/kortex_driver/msg/IKData.js, /root/ros_ws/devel/share/gennodejs/ros/kortex_driver/msg/IKData.js)
Linked: (/root/ros_ws/devel/.private/kortex_driver/share/gennodejs/ros/kortex_driver/msg/FollowCartesianTrajectoryAction.js, /root/ros_ws/devel/share/gennodejs/ros/kortex_driver/msg/FollowCartesianTrajectoryAction.js)
Linked: (/root/ros_ws/devel/.private/kortex_driver/share/gennodejs/ros/kortex_driver/msg/ServoingModeNotification.js, /root/ros_ws/devel/share/gennodejs/ros/kortex_driver/msg/ServoingModeNotification.js)
Linked: (/root/ros_ws/devel/.private/kortex_driver/share/gennodejs/ros/kortex_driver/msg/ControlConfigurationEvent.js, /root/ros_ws/devel/share/gennodejs/ros/kortex_driver/msg/ControlConfigurationEvent.js)
Linked: (/root/ros_ws/devel/.private/kortex_driver/share/gennodejs/ros/kortex_driver/msg/OptionValue.js, /root/ros_ws/devel/share/gennodejs/ros/kortex_driver/msg/OptionValue.js)
Linked: (/root/ros_ws/devel/.private/kortex_driver/share/gennodejs/ros/kortex_driver/msg/SequenceTasksPair.js, /root/ros_ws/devel/share/gennodejs/ros/kortex_driver/msg/SequenceTasksPair.js)
Linked: (/root/ros_ws/devel/.private/kortex_driver/share/gennodejs/ros/kortex_driver/msg/NavigationDirection.js, /root/ros_ws/devel/share/gennodejs/ros/kortex_driver/msg/NavigationDirection.js)
Linked: (/root/ros_ws/devel/.private/kortex_driver/share/gennodejs/ros/kortex_driver/msg/JointLimitation.js, /root/ros_ws/devel/share/gennodejs/ros/kortex_driver/msg/JointLimitation.js)
Linked: (/root/ros_ws/devel/.private/kortex_driver/share/gennodejs/ros/kortex_driver/msg/Gripper.js, /root/ros_ws/devel/share/gennodejs/ros/kortex_driver/msg/Gripper.js)
Linked: (/root/ros_ws/devel/.private/kortex_driver/share/gennodejs/ros/kortex_driver/msg/SensorFocusAction.js, /root/ros_ws/devel/share/gennodejs/ros/kortex_driver/msg/SensorFocusAction.js)
Linked: (/root/ros_ws/devel/.private/kortex_driver/share/gennodejs/ros/kortex_driver/msg/FollowCartesianTrajectoryActionFeedback.js, /root/ros_ws/devel/share/gennodejs/ros/kortex_driver/msg/FollowCartesianTrajectoryActionFeedback.js)
Linked: (/root/ros_ws/devel/.private/kortex_driver/share/gennodejs/ros/kortex_driver/msg/RFConfiguration.js, /root/ros_ws/devel/share/gennodejs/ros/kortex_driver/msg/RFConfiguration.js)
Linked: (/root/ros_ws/devel/.private/kortex_driver/share/gennodejs/ros/kortex_driver/msg/I2CWriteRegisterParameter.js, /root/ros_ws/devel/share/gennodejs/ros/kortex_driver/msg/I2CWriteRegisterParameter.js)
Linked: (/root/ros_ws/devel/.private/kortex_driver/share/gennodejs/ros/kortex_driver/msg/Timeout.js, /root/ros_ws/devel/share/gennodejs/ros/kortex_driver/msg/Timeout.js)
Linked: (/root/ros_ws/devel/.private/kortex_driver/share/gennodejs/ros/kortex_driver/msg/I2CDevice.js, /root/ros_ws/devel/share/gennodejs/ros/kortex_driver/msg/I2CDevice.js)
Linked: (/root/ros_ws/devel/.private/kortex_driver/share/gennodejs/ros/kortex_driver/msg/DeviceTypes.js, /root/ros_ws/devel/share/gennodejs/ros/kortex_driver/msg/DeviceTypes.js)
Linked: (/root/ros_ws/devel/.private/kortex_driver/share/gennodejs/ros/kortex_driver/msg/MapGroupList.js, /root/ros_ws/devel/share/gennodejs/ros/kortex_driver/msg/MapGroupList.js)
Linked: (/root/ros_ws/devel/.private/kortex_driver/share/gennodejs/ros/kortex_driver/msg/CoggingFeedforwardMode.js, /root/ros_ws/devel/share/gennodejs/ros/kortex_driver/msg/CoggingFeedforwardMode.js)
Linked: (/root/ros_ws/devel/.private/kortex_driver/share/gennodejs/ros/kortex_driver/msg/SafetyEvent.js, /root/ros_ws/devel/share/gennodejs/ros/kortex_driver/msg/SafetyEvent.js)
Linked: (/root/ros_ws/devel/.private/kortex_driver/share/gennodejs/ros/kortex_driver/msg/SafetyIdentifierBankA.js, /root/ros_ws/devel/share/gennodejs/ros/kortex_driver/msg/SafetyIdentifierBankA.js)
Linked: (/root/ros_ws/devel/.private/kortex_driver/share/gennodejs/ros/kortex_driver/msg/GpioCommand.js, /root/ros_ws/devel/share/gennodejs/ros/kortex_driver/msg/GpioCommand.js)
Linked: (/root/ros_ws/devel/.private/kortex_driver/share/gennodejs/ros/kortex_driver/msg/Resolution.js, /root/ros_ws/devel/share/gennodejs/ros/kortex_driver/msg/Resolution.js)
Linked: (/root/ros_ws/devel/.private/kortex_driver/share/gennodejs/ros/kortex_driver/msg/JointTorque.js, /root/ros_ws/devel/share/gennodejs/ros/kortex_driver/msg/JointTorque.js)
Linked: (/root/ros_ws/devel/.private/kortex_driver/share/gennodejs/ros/kortex_driver/msg/Mapping.js, /root/ros_ws/devel/share/gennodejs/ros/kortex_driver/msg/Mapping.js)
Linked: (/root/ros_ws/devel/.private/kortex_driver/share/gennodejs/ros/kortex_driver/msg/GripperRequest.js, /root/ros_ws/devel/share/gennodejs/ros/kortex_driver/msg/GripperRequest.js)
Linked: (/root/ros_ws/devel/.private/kortex_driver/share/gennodejs/ros/kortex_driver/msg/ActuatorCyclic_MessageId.js, /root/ros_ws/devel/share/gennodejs/ros/kortex_driver/msg/ActuatorCyclic_MessageId.js)
Linked: (/root/ros_ws/devel/.private/kortex_driver/share/gennodejs/ros/kortex_driver/msg/SensorFocusAction_action_parameters.js, /root/ros_ws/devel/share/gennodejs/ros/kortex_driver/msg/SensorFocusAction_action_parameters.js)
Linked: (/root/ros_ws/devel/.private/kortex_driver/share/gennodejs/ros/kortex_driver/msg/ControllerConfiguration.js, /root/ros_ws/devel/share/gennodejs/ros/kortex_driver/msg/ControllerConfiguration.js)
Linked: (/root/ros_ws/devel/.private/kortex_driver/share/gennodejs/ros/kortex_driver/msg/ZoneShape.js, /root/ros_ws/devel/share/gennodejs/ros/kortex_driver/msg/ZoneShape.js)
Linked: (/root/ros_ws/devel/.private/kortex_driver/share/gennodejs/ros/kortex_driver/msg/Wrench.js, /root/ros_ws/devel/share/gennodejs/ros/kortex_driver/msg/Wrench.js)
Linked: (/root/ros_ws/devel/.private/kortex_driver/share/gennodejs/ros/kortex_driver/msg/ArmLaterality.js, /root/ros_ws/devel/share/gennodejs/ros/kortex_driver/msg/ArmLaterality.js)
Linked: (/root/ros_ws/devel/.private/kortex_driver/share/gennodejs/ros/kortex_driver/msg/EventIdSequenceInfoNotification.js, /root/ros_ws/devel/share/gennodejs/ros/kortex_driver/msg/EventIdSequenceInfoNotification.js)
Linked: (/root/ros_ws/devel/.private/kortex_driver/share/gennodejs/ros/kortex_driver/msg/InterconnectCyclic_Command_tool_command.js, /root/ros_ws/devel/share/gennodejs/ros/kortex_driver/msg/InterconnectCyclic_Command_tool_command.js)
Linked: (/root/ros_ws/devel/.private/kortex_driver/share/gennodejs/ros/kortex_driver/msg/TwistLinearSoftLimit.js, /root/ros_ws/devel/share/gennodejs/ros/kortex_driver/msg/TwistLinearSoftLimit.js)
Linked: (/root/ros_ws/devel/.private/kortex_driver/share/gennodejs/ros/kortex_driver/msg/CartesianSpeed.js, /root/ros_ws/devel/share/gennodejs/ros/kortex_driver/msg/CartesianSpeed.js)
Linked: (/root/ros_ws/devel/.private/kortex_driver/share/gennodejs/ros/kortex_driver/msg/StatusFlags.js, /root/ros_ws/devel/share/gennodejs/ros/kortex_driver/msg/StatusFlags.js)
Linked: (/root/ros_ws/devel/.private/kortex_driver/share/gennodejs/ros/kortex_driver/msg/UserProfileHandle.js, /root/ros_ws/devel/share/gennodejs/ros/kortex_driver/msg/UserProfileHandle.js)
Linked: (/root/ros_ws/devel/.private/kortex_driver/share/gennodejs/ros/kortex_driver/msg/WaypointList.js, /root/ros_ws/devel/share/gennodejs/ros/kortex_driver/msg/WaypointList.js)
Linked: (/root/ros_ws/devel/.private/kortex_driver/share/gennodejs/ros/kortex_driver/msg/RunModes.js, /root/ros_ws/devel/share/gennodejs/ros/kortex_driver/msg/RunModes.js)
Linked: (/root/ros_ws/devel/.private/kortex_driver/share/gennodejs/ros/kortex_driver/msg/ChangeJointSpeeds.js, /root/ros_ws/devel/share/gennodejs/ros/kortex_driver/msg/ChangeJointSpeeds.js)
Linked: (/root/ros_ws/devel/.private/kortex_driver/share/gennodejs/ros/kortex_driver/msg/GpioPinConfiguration.js, /root/ros_ws/devel/share/gennodejs/ros/kortex_driver/msg/GpioPinConfiguration.js)
Linked: (/root/ros_ws/devel/.private/kortex_driver/share/gennodejs/ros/kortex_driver/msg/IPv4Information.js, /root/ros_ws/devel/share/gennodejs/ros/kortex_driver/msg/IPv4Information.js)
Linked: (/root/ros_ws/devel/.private/kortex_driver/share/gennodejs/ros/kortex_driver/msg/KinematicTrajectoryConstraints.js, /root/ros_ws/devel/share/gennodejs/ros/kortex_driver/msg/KinematicTrajectoryConstraints.js)
Linked: (/root/ros_ws/devel/.private/kortex_driver/share/gennodejs/ros/kortex_driver/msg/UserNotification.js, /root/ros_ws/devel/share/gennodejs/ros/kortex_driver/msg/UserNotification.js)
Linked: (/root/ros_ws/devel/.private/kortex_driver/share/gennodejs/ros/kortex_driver/msg/Option.js, /root/ros_ws/devel/share/gennodejs/ros/kortex_driver/msg/Option.js)
Linked: (/root/ros_ws/devel/.private/kortex_driver/share/gennodejs/ros/kortex_driver/msg/SequenceInformation.js, /root/ros_ws/devel/share/gennodejs/ros/kortex_driver/msg/SequenceInformation.js)
Linked: (/root/ros_ws/devel/.private/kortex_driver/share/gennodejs/ros/kortex_driver/msg/SequenceTasksConfiguration.js, /root/ros_ws/devel/share/gennodejs/ros/kortex_driver/msg/SequenceTasksConfiguration.js)
Linked: (/root/ros_ws/devel/.private/kortex_driver/share/gennodejs/ros/kortex_driver/msg/TransformationRow.js, /root/ros_ws/devel/share/gennodejs/ros/kortex_driver/msg/TransformationRow.js)
Linked: (/root/ros_ws/devel/.private/kortex_driver/share/gennodejs/ros/kortex_driver/msg/GPIOIdentification.js, /root/ros_ws/devel/share/gennodejs/ros/kortex_driver/msg/GPIOIdentification.js)
Linked: (/root/ros_ws/devel/.private/kortex_driver/share/gennodejs/ros/kortex_driver/msg/Base_CapSenseConfig.js, /root/ros_ws/devel/share/gennodejs/ros/kortex_driver/msg/Base_CapSenseConfig.js)
Linked: (/root/ros_ws/devel/.private/kortex_driver/share/gennodejs/ros/kortex_driver/msg/CartesianWaypoint.js, /root/ros_ws/devel/share/gennodejs/ros/kortex_driver/msg/CartesianWaypoint.js)
Linked: (/root/ros_ws/devel/.private/kortex_driver/share/gennodejs/ros/kortex_driver/msg/VisionEvent.js, /root/ros_ws/devel/share/gennodejs/ros/kortex_driver/msg/VisionEvent.js)
Linked: (/root/ros_ws/devel/.private/kortex_driver/share/gennodejs/ros/kortex_driver/msg/GravityVector.js, /root/ros_ws/devel/share/gennodejs/ros/kortex_driver/msg/GravityVector.js)
Linked: (/root/ros_ws/devel/.private/kortex_driver/share/gennodejs/ros/kortex_driver/msg/Finger.js, /root/ros_ws/devel/share/gennodejs/ros/kortex_driver/msg/Finger.js)
Linked: (/root/ros_ws/devel/.private/kortex_driver/share/gennodejs/ros/kortex_driver/msg/FocusPoint.js, /root/ros_ws/devel/share/gennodejs/ros/kortex_driver/msg/FocusPoint.js)
Linked: (/root/ros_ws/devel/.private/kortex_driver/share/gennodejs/ros/kortex_driver/msg/ActionType.js, /root/ros_ws/devel/share/gennodejs/ros/kortex_driver/msg/ActionType.js)
Linked: (/root/ros_ws/devel/.private/kortex_driver/share/gennodejs/ros/kortex_driver/msg/CalibrationElement.js, /root/ros_ws/devel/share/gennodejs/ros/kortex_driver/msg/CalibrationElement.js)
Linked: (/root/ros_ws/devel/.private/kortex_driver/share/gennodejs/ros/kortex_driver/msg/Action_action_parameters.js, /root/ros_ws/devel/share/gennodejs/ros/kortex_driver/msg/Action_action_parameters.js)
Linked: (/root/ros_ws/devel/.private/kortex_driver/share/gennodejs/ros/kortex_driver/msg/JointAngles.js, /root/ros_ws/devel/share/gennodejs/ros/kortex_driver/msg/JointAngles.js)
Linked: (/root/ros_ws/devel/.private/kortex_driver/share/gennodejs/ros/kortex_driver/msg/NotificationHandle.js, /root/ros_ws/devel/share/gennodejs/ros/kortex_driver/msg/NotificationHandle.js)
Linked: (/root/ros_ws/devel/.private/kortex_driver/share/gennodejs/ros/kortex_driver/msg/Timestamp.js, /root/ros_ws/devel/share/gennodejs/ros/kortex_driver/msg/Timestamp.js)
Linked: (/root/ros_ws/devel/.private/kortex_driver/share/gennodejs/ros/kortex_driver/msg/SafetyInformationList.js, /root/ros_ws/devel/share/gennodejs/ros/kortex_driver/msg/SafetyInformationList.js)
Linked: (/root/ros_ws/devel/.private/kortex_driver/share/gennodejs/ros/kortex_driver/msg/EthernetSpeed.js, /root/ros_ws/devel/share/gennodejs/ros/kortex_driver/msg/EthernetSpeed.js)
Linked: (/root/ros_ws/devel/.private/kortex_driver/share/gennodejs/ros/kortex_driver/msg/AngularWaypoint.js, /root/ros_ws/devel/share/gennodejs/ros/kortex_driver/msg/AngularWaypoint.js)
Linked: (/root/ros_ws/devel/.private/kortex_driver/share/gennodejs/ros/kortex_driver/msg/BridgeList.js, /root/ros_ws/devel/share/gennodejs/ros/kortex_driver/msg/BridgeList.js)
Linked: (/root/ros_ws/devel/.private/kortex_driver/share/gennodejs/ros/kortex_driver/msg/UARTConfiguration.js, /root/ros_ws/devel/share/gennodejs/ros/kortex_driver/msg/UARTConfiguration.js)
Linked: (/root/ros_ws/devel/.private/kortex_driver/share/gennodejs/ros/kortex_driver/msg/InterfaceModuleType.js, /root/ros_ws/devel/share/gennodejs/ros/kortex_driver/msg/InterfaceModuleType.js)
Linked: (/root/ros_ws/devel/.private/kortex_driver/share/gennodejs/ros/kortex_driver/msg/SequenceTaskConfiguration.js, /root/ros_ws/devel/share/gennodejs/ros/kortex_driver/msg/SequenceTaskConfiguration.js)
Linked: (/root/ros_ws/devel/.private/kortex_driver/share/gennodejs/ros/kortex_driver/msg/OperatingModeInformation.js, /root/ros_ws/devel/share/gennodejs/ros/kortex_driver/msg/OperatingModeInformation.js)
Linked: (/root/ros_ws/devel/.private/kortex_driver/share/gennodejs/ros/kortex_driver/msg/SafetyStatusValue.js, /root/ros_ws/devel/share/gennodejs/ros/kortex_driver/msg/SafetyStatusValue.js)
Linked: (/root/ros_ws/devel/.private/kortex_driver/share/gennodejs/ros/kortex_driver/msg/ControllerNotificationList.js, /root/ros_ws/devel/share/gennodejs/ros/kortex_driver/msg/ControllerNotificationList.js)
Linked: (/root/ros_ws/devel/.private/kortex_driver/share/gennodejs/ros/kortex_driver/msg/FollowCartesianTrajectoryResult.js, /root/ros_ws/devel/share/gennodejs/ros/kortex_driver/msg/FollowCartesianTrajectoryResult.js)
Linked: (/root/ros_ws/devel/.private/kortex_driver/share/gennodejs/ros/kortex_driver/msg/EthernetDuplex.js, /root/ros_ws/devel/share/gennodejs/ros/kortex_driver/msg/EthernetDuplex.js)
Linked: (/root/ros_ws/devel/.private/kortex_driver/share/gennodejs/ros/kortex_driver/msg/DistortionCoefficients.js, /root/ros_ws/devel/share/gennodejs/ros/kortex_driver/msg/DistortionCoefficients.js)
Linked: (/root/ros_ws/devel/.private/kortex_driver/share/gennodejs/ros/kortex_driver/msg/ChangeWrench.js, /root/ros_ws/devel/share/gennodejs/ros/kortex_driver/msg/ChangeWrench.js)
Linked: (/root/ros_ws/devel/.private/kortex_driver/share/gennodejs/ros/kortex_driver/msg/EthernetConfiguration.js, /root/ros_ws/devel/share/gennodejs/ros/kortex_driver/msg/EthernetConfiguration.js)
Linked: (/root/ros_ws/devel/.private/kortex_driver/share/gennodejs/ros/kortex_driver/msg/EncoderDerivativeParameters.js, /root/ros_ws/devel/share/gennodejs/ros/kortex_driver/msg/EncoderDerivativeParameters.js)
Linked: (/root/ros_ws/devel/.private/kortex_driver/share/gennodejs/ros/kortex_driver/msg/InterconnectCyclic_Command.js, /root/ros_ws/devel/share/gennodejs/ros/kortex_driver/msg/InterconnectCyclic_Command.js)
Linked: (/root/ros_ws/devel/.private/kortex_driver/share/gennodejs/ros/kortex_driver/msg/VisionConfig_ServiceVersion.js, /root/ros_ws/devel/share/gennodejs/ros/kortex_driver/msg/VisionConfig_ServiceVersion.js)
Linked: (/root/ros_ws/devel/.private/kortex_driver/share/gennodejs/ros/kortex_driver/msg/GPIOPull.js, /root/ros_ws/devel/share/gennodejs/ros/kortex_driver/msg/GPIOPull.js)
Linked: (/root/ros_ws/devel/.private/kortex_driver/share/gennodejs/ros/kortex_driver/msg/JointTorques.js, /root/ros_ws/devel/share/gennodejs/ros/kortex_driver/msg/JointTorques.js)
Linked: (/root/ros_ws/devel/.private/kortex_driver/share/gennodejs/ros/kortex_driver/msg/ManualFocus.js, /root/ros_ws/devel/share/gennodejs/ros/kortex_driver/msg/ManualFocus.js)
Linked: (/root/ros_ws/devel/.private/kortex_driver/share/gennodejs/ros/kortex_driver/msg/IntrinsicProfileIdentifier.js, /root/ros_ws/devel/share/gennodejs/ros/kortex_driver/msg/IntrinsicProfileIdentifier.js)
Linked: (/root/ros_ws/devel/.private/kortex_driver/share/gennodejs/ros/kortex_driver/msg/CalibrationResult.js, /root/ros_ws/devel/share/gennodejs/ros/kortex_driver/msg/CalibrationResult.js)
Linked: (/root/ros_ws/devel/.private/kortex_driver/share/gennodejs/ros/kortex_driver/msg/FullIPv4Configuration.js, /root/ros_ws/devel/share/gennodejs/ros/kortex_driver/msg/FullIPv4Configuration.js)
Linked: (/root/ros_ws/devel/.private/kortex_driver/share/gennodejs/ros/kortex_driver/msg/CartesianLimitation.js, /root/ros_ws/devel/share/gennodejs/ros/kortex_driver/msg/CartesianLimitation.js)
Linked: (/root/ros_ws/devel/.private/kortex_driver/share/gennodejs/ros/kortex_driver/msg/AppendActionInformation.js, /root/ros_ws/devel/share/gennodejs/ros/kortex_driver/msg/AppendActionInformation.js)
Linked: (/root/ros_ws/devel/.private/kortex_driver/share/gennodejs/ros/kortex_driver/msg/MappingList.js, /root/ros_ws/devel/share/gennodejs/ros/kortex_driver/msg/MappingList.js)
Linked: (/root/ros_ws/devel/.private/kortex_driver/share/gennodejs/ros/kortex_driver/msg/EndEffectorType.js, /root/ros_ws/devel/share/gennodejs/ros/kortex_driver/msg/EndEffectorType.js)
Linked: (/root/ros_ws/devel/.private/kortex_driver/share/gennodejs/ros/kortex_driver/msg/ActionExecutionState.js, /root/ros_ws/devel/share/gennodejs/ros/kortex_driver/msg/ActionExecutionState.js)
Linked: (/root/ros_ws/devel/.private/kortex_driver/share/gennodejs/ros/kortex_driver/msg/FirmwareComponentVersion.js, /root/ros_ws/devel/share/gennodejs/ros/kortex_driver/msg/FirmwareComponentVersion.js)
Linked: (/root/ros_ws/devel/.private/kortex_driver/share/gennodejs/ros/kortex_driver/msg/JointSpeed.js, /root/ros_ws/devel/share/gennodejs/ros/kortex_driver/msg/JointSpeed.js)
Linked: (/root/ros_ws/devel/.private/kortex_driver/share/gennodejs/ros/kortex_driver/msg/CartesianReferenceFrame.js, /root/ros_ws/devel/share/gennodejs/ros/kortex_driver/msg/CartesianReferenceFrame.js)
Linked: (/root/ros_ws/devel/.private/kortex_driver/share/gennodejs/ros/kortex_driver/msg/FactoryNotification.js, /root/ros_ws/devel/share/gennodejs/ros/kortex_driver/msg/FactoryNotification.js)
Linked: (/root/ros_ws/devel/.private/kortex_driver/share/gennodejs/ros/kortex_driver/msg/ShapeType.js, /root/ros_ws/devel/share/gennodejs/ros/kortex_driver/msg/ShapeType.js)
Linked: (/root/ros_ws/devel/.private/kortex_driver/share/gennodejs/ros/kortex_driver/msg/ConstrainedOrientation.js, /root/ros_ws/devel/share/gennodejs/ros/kortex_driver/msg/ConstrainedOrientation.js)
Linked: (/root/ros_ws/devel/.private/kortex_driver/share/gennodejs/ros/kortex_driver/msg/ActuatorConfig_ControlMode.js, /root/ros_ws/devel/share/gennodejs/ros/kortex_driver/msg/ActuatorConfig_ControlMode.js)
Linked: (/root/ros_ws/devel/.private/kortex_driver/share/gennodejs/ros/kortex_driver/msg/ControlConfig_JointSpeeds.js, /root/ros_ws/devel/share/gennodejs/ros/kortex_driver/msg/ControlConfig_JointSpeeds.js)
Linked: (/root/ros_ws/devel/.private/kortex_driver/share/gennodejs/ros/kortex_driver/msg/SequenceTasksRange.js, /root/ros_ws/devel/share/gennodejs/ros/kortex_driver/msg/SequenceTasksRange.js)
Linked: (/root/ros_ws/devel/.private/kortex_driver/share/gennodejs/ros/kortex_driver/msg/MotorCommand.js, /root/ros_ws/devel/share/gennodejs/ros/kortex_driver/msg/MotorCommand.js)
Linked: (/root/ros_ws/devel/.private/kortex_driver/share/gennodejs/ros/kortex_driver/msg/WifiConfiguration.js, /root/ros_ws/devel/share/gennodejs/ros/kortex_driver/msg/WifiConfiguration.js)
Linked: (/root/ros_ws/devel/.private/kortex_driver/share/gennodejs/ros/kortex_driver/msg/ToolConfiguration.js, /root/ros_ws/devel/share/gennodejs/ros/kortex_driver/msg/ToolConfiguration.js)
Linked: (/root/ros_ws/devel/.private/kortex_driver/share/gennodejs/ros/kortex_driver/msg/UserEvent.js, /root/ros_ws/devel/share/gennodejs/ros/kortex_driver/msg/UserEvent.js)
Linked: (/root/ros_ws/devel/.private/kortex_driver/share/gennodejs/ros/kortex_driver/msg/CalibrationParameter.js, /root/ros_ws/devel/share/gennodejs/ros/kortex_driver/msg/CalibrationParameter.js)
Linked: (/root/ros_ws/devel/.private/kortex_driver/share/gennodejs/ros/kortex_driver/msg/ActuatorCyclic_CustomData.js, /root/ros_ws/devel/share/gennodejs/ros/kortex_driver/msg/ActuatorCyclic_CustomData.js)
Linked: (/root/ros_ws/devel/.private/kortex_driver/share/gennodejs/ros/kortex_driver/msg/ControllerState.js, /root/ros_ws/devel/share/gennodejs/ros/kortex_driver/msg/ControllerState.js)
Linked: (/root/ros_ws/devel/.private/kortex_driver/share/gennodejs/ros/kortex_driver/msg/ControlModeNotificationList.js, /root/ros_ws/devel/share/gennodejs/ros/kortex_driver/msg/ControlModeNotificationList.js)
Linked: (/root/ros_ws/devel/.private/kortex_driver/share/gennodejs/ros/kortex_driver/msg/ArmStateInformation.js, /root/ros_ws/devel/share/gennodejs/ros/kortex_driver/msg/ArmStateInformation.js)
Linked: (/root/ros_ws/devel/.private/kortex_driver/share/gennodejs/ros/kortex_driver/msg/ControllerInputType.js, /root/ros_ws/devel/share/gennodejs/ros/kortex_driver/msg/ControllerInputType.js)
Linked: (/root/ros_ws/devel/.private/kortex_driver/share/gennodejs/ros/kortex_driver/msg/BootloaderVersion.js, /root/ros_ws/devel/share/gennodejs/ros/kortex_driver/msg/BootloaderVersion.js)
Linked: (/root/ros_ws/devel/.private/kortex_driver/share/gennodejs/ros/kortex_driver/msg/AdmittanceMode.js, /root/ros_ws/devel/share/gennodejs/ros/kortex_driver/msg/AdmittanceMode.js)
Linked: (/root/ros_ws/devel/.private/kortex_driver/share/gennodejs/ros/kortex_driver/msg/MapEvent_events.js, /root/ros_ws/devel/share/gennodejs/ros/kortex_driver/msg/MapEvent_events.js)
Linked: (/root/ros_ws/devel/.private/kortex_driver/share/gennodejs/ros/kortex_driver/msg/CustomDataIndex.js, /root/ros_ws/devel/share/gennodejs/ros/kortex_driver/msg/CustomDataIndex.js)
Linked: (/root/ros_ws/devel/.private/kortex_driver/share/gennodejs/ros/kortex_driver/msg/I2CMode.js, /root/ros_ws/devel/share/gennodejs/ros/kortex_driver/msg/I2CMode.js)
Linked: (/root/ros_ws/devel/.private/kortex_driver/share/gennodejs/ros/kortex_driver/msg/ConfigurationChangeNotificationList.js, /root/ros_ws/devel/share/gennodejs/ros/kortex_driver/msg/ConfigurationChangeNotificationList.js)
Linked: (/root/ros_ws/devel/.private/kortex_driver/share/gennodejs/ros/kortex_driver/msg/SequenceHandle.js, /root/ros_ws/devel/share/gennodejs/ros/kortex_driver/msg/SequenceHandle.js)
Linked: (/root/ros_ws/devel/.private/kortex_driver/share/gennodejs/ros/kortex_driver/msg/TrajectoryErrorReport.js, /root/ros_ws/devel/share/gennodejs/ros/kortex_driver/msg/TrajectoryErrorReport.js)
Linked: (/root/ros_ws/devel/.private/kortex_driver/share/gennodejs/ros/kortex_driver/msg/CalibrationItem.js, /root/ros_ws/devel/share/gennodejs/ros/kortex_driver/msg/CalibrationItem.js)
Linked: (/root/ros_ws/devel/.private/kortex_driver/share/gennodejs/ros/kortex_driver/msg/InterconnectConfig_SafetyIdentifier.js, /root/ros_ws/devel/share/gennodejs/ros/kortex_driver/msg/InterconnectConfig_SafetyIdentifier.js)
Linked: (/root/ros_ws/devel/.private/kortex_driver/share/gennodejs/ros/kortex_driver/msg/AdvancedSequenceHandle.js, /root/ros_ws/devel/share/gennodejs/ros/kortex_driver/msg/AdvancedSequenceHandle.js)
Linked: (/root/ros_ws/devel/.private/kortex_driver/share/gennodejs/ros/kortex_driver/msg/CartesianTrajectoryConstraint_type.js, /root/ros_ws/devel/share/gennodejs/ros/kortex_driver/msg/CartesianTrajectoryConstraint_type.js)
Linked: (/root/ros_ws/devel/.private/kortex_driver/share/gennodejs/ros/kortex_driver/msg/DeviceHandle.js, /root/ros_ws/devel/share/gennodejs/ros/kortex_driver/msg/DeviceHandle.js)
Linked: (/root/ros_ws/devel/.private/kortex_driver/share/gennodejs/ros/kortex_driver/msg/ConfigurationChangeNotification_configuration_change.js, /root/ros_ws/devel/share/gennodejs/ros/kortex_driver/msg/ConfigurationChangeNotification_configuration_change.js)
Linked: (/root/ros_ws/devel/.private/kortex_driver/share/gennodejs/ros/kortex_driver/msg/CommunicationInterfaceConfiguration.js, /root/ros_ws/devel/share/gennodejs/ros/kortex_driver/msg/CommunicationInterfaceConfiguration.js)
Linked: (/root/ros_ws/devel/.private/kortex_driver/share/gennodejs/ros/kortex_driver/msg/ProtectionZoneEvent.js, /root/ros_ws/devel/share/gennodejs/ros/kortex_driver/msg/ProtectionZoneEvent.js)
Linked: (/root/ros_ws/devel/.private/kortex_driver/share/gennodejs/ros/kortex_driver/msg/GripperMode.js, /root/ros_ws/devel/share/gennodejs/ros/kortex_driver/msg/GripperMode.js)
Linked: (/root/ros_ws/devel/.private/kortex_driver/share/gennodejs/ros/kortex_driver/msg/ControlLoop.js, /root/ros_ws/devel/share/gennodejs/ros/kortex_driver/msg/ControlLoop.js)
Linked: (/root/ros_ws/devel/.private/kortex_driver/share/gennodejs/ros/kortex_driver/msg/_index.js, /root/ros_ws/devel/share/gennodejs/ros/kortex_driver/msg/_index.js)
Linked: (/root/ros_ws/devel/.private/kortex_driver/share/gennodejs/ros/kortex_driver/msg/ProtectionZoneList.js, /root/ros_ws/devel/share/gennodejs/ros/kortex_driver/msg/ProtectionZoneList.js)
Linked: (/root/ros_ws/devel/.private/kortex_driver/share/gennodejs/ros/kortex_driver/msg/BridgeType.js, /root/ros_ws/devel/share/gennodejs/ros/kortex_driver/msg/BridgeType.js)
Linked: (/root/ros_ws/devel/.private/kortex_driver/share/gennodejs/ros/kortex_driver/msg/InterconnectCyclic_Feedback.js, /root/ros_ws/devel/share/gennodejs/ros/kortex_driver/msg/InterconnectCyclic_Feedback.js)
Linked: (/root/ros_ws/devel/.private/kortex_driver/share/gennodejs/ros/kortex_driver/msg/SnapshotType.js, /root/ros_ws/devel/share/gennodejs/ros/kortex_driver/msg/SnapshotType.js)
Linked: (/root/ros_ws/devel/.private/kortex_driver/share/gennodejs/ros/kortex_driver/msg/BaseFeedback.js, /root/ros_ws/devel/share/gennodejs/ros/kortex_driver/msg/BaseFeedback.js)
Linked: (/root/ros_ws/devel/.private/kortex_driver/share/gennodejs/ros/kortex_driver/msg/CommandMode.js, /root/ros_ws/devel/share/gennodejs/ros/kortex_driver/msg/CommandMode.js)
Linked: (/root/ros_ws/devel/.private/kortex_driver/share/gennodejs/ros/kortex_driver/msg/ConstrainedPosition.js, /root/ros_ws/devel/share/gennodejs/ros/kortex_driver/msg/ConstrainedPosition.js)
Linked: (/root/ros_ws/devel/.private/kortex_driver/share/gennodejs/ros/kortex_driver/msg/CoggingFeedforwardModeInformation.js, /root/ros_ws/devel/share/gennodejs/ros/kortex_driver/msg/CoggingFeedforwardModeInformation.js)
Linked: (/root/ros_ws/devel/.private/kortex_driver/share/gennodejs/ros/kortex_driver/msg/TorqueCalibration.js, /root/ros_ws/devel/share/gennodejs/ros/kortex_driver/msg/TorqueCalibration.js)
Linked: (/root/ros_ws/devel/.private/kortex_driver/share/gennodejs/ros/kortex_driver/msg/UserProfile.js, /root/ros_ws/devel/share/gennodejs/ros/kortex_driver/msg/UserProfile.js)
Linked: (/root/ros_ws/devel/.private/kortex_driver/share/gennodejs/ros/kortex_driver/msg/VectorDriveParameters.js, /root/ros_ws/devel/share/gennodejs/ros/kortex_driver/msg/VectorDriveParameters.js)
Linked: (/root/ros_ws/devel/.private/kortex_driver/share/gennodejs/ros/kortex_driver/msg/SafetyStatus.js, /root/ros_ws/devel/share/gennodejs/ros/kortex_driver/msg/SafetyStatus.js)
Linked: (/root/ros_ws/devel/.private/kortex_driver/share/gennodejs/ros/kortex_driver/msg/CommandModeInformation.js, /root/ros_ws/devel/share/gennodejs/ros/kortex_driver/msg/CommandModeInformation.js)
Linked: (/root/ros_ws/devel/.private/kortex_driver/share/gennodejs/ros/kortex_driver/msg/ControlConfig_ControlModeNotification.js, /root/ros_ws/devel/share/gennodejs/ros/kortex_driver/msg/ControlConfig_ControlModeNotification.js)
Linked: (/root/ros_ws/devel/.private/kortex_driver/share/gennodejs/ros/kortex_driver/msg/MapGroup.js, /root/ros_ws/devel/share/gennodejs/ros/kortex_driver/msg/MapGroup.js)
Linked: (/root/ros_ws/devel/.private/kortex_driver/share/gennodejs/ros/kortex_driver/msg/OptionInformation.js, /root/ros_ws/devel/share/gennodejs/ros/kortex_driver/msg/OptionInformation.js)
Linked: (/root/ros_ws/devel/.private/kortex_driver/share/gennodejs/ros/kortex_driver/msg/NotificationType.js, /root/ros_ws/devel/share/gennodejs/ros/kortex_driver/msg/NotificationType.js)
Linked: (/root/ros_ws/devel/.private/kortex_driver/share/gennodejs/ros/kortex_driver/msg/ProductConfigurationEndEffectorType.js, /root/ros_ws/devel/share/gennodejs/ros/kortex_driver/msg/ProductConfigurationEndEffectorType.js)
Linked: (/root/ros_ws/devel/.private/kortex_driver/share/gennodejs/ros/kortex_driver/msg/RobotEventNotificationList.js, /root/ros_ws/devel/share/gennodejs/ros/kortex_driver/msg/RobotEventNotificationList.js)
Linked: (/root/ros_ws/devel/.private/kortex_driver/share/gennodejs/ros/kortex_driver/msg/TransformationMatrix.js, /root/ros_ws/devel/share/gennodejs/ros/kortex_driver/msg/TransformationMatrix.js)
Linked: (/root/ros_ws/devel/.private/kortex_driver/share/gennodejs/ros/kortex_driver/msg/Base_RotationMatrix.js, /root/ros_ws/devel/share/gennodejs/ros/kortex_driver/msg/Base_RotationMatrix.js)
Linked: (/root/ros_ws/devel/.private/kortex_driver/share/gennodejs/ros/kortex_driver/msg/SequenceTasks.js, /root/ros_ws/devel/share/gennodejs/ros/kortex_driver/msg/SequenceTasks.js)
Linked: (/root/ros_ws/devel/.private/kortex_driver/share/gennodejs/ros/kortex_driver/msg/BaseCyclic_Feedback.js, /root/ros_ws/devel/share/gennodejs/ros/kortex_driver/msg/BaseCyclic_Feedback.js)
Linked: (/root/ros_ws/devel/.private/kortex_driver/share/gennodejs/ros/kortex_driver/msg/SwitchControlMapping.js, /root/ros_ws/devel/share/gennodejs/ros/kortex_driver/msg/SwitchControlMapping.js)
Linked: (/root/ros_ws/devel/.private/kortex_driver/share/gennodejs/ros/kortex_driver/msg/NetworkType.js, /root/ros_ws/devel/share/gennodejs/ros/kortex_driver/msg/NetworkType.js)
Linked: (/root/ros_ws/devel/.private/kortex_driver/share/gennodejs/ros/kortex_driver/msg/Base_Position.js, /root/ros_ws/devel/share/gennodejs/ros/kortex_driver/msg/Base_Position.js)
Linked: (/root/ros_ws/devel/.private/kortex_driver/share/gennodejs/ros/kortex_driver/msg/PartNumberRevision.js, /root/ros_ws/devel/share/gennodejs/ros/kortex_driver/msg/PartNumberRevision.js)
Linked: (/root/ros_ws/devel/.private/kortex_driver/share/gennodejs/ros/kortex_driver/msg/Base_ControlModeNotification.js, /root/ros_ws/devel/share/gennodejs/ros/kortex_driver/msg/Base_ControlModeNotification.js)
Linked: (/root/ros_ws/devel/.private/kortex_driver/share/gennodejs/ros/kortex_driver/msg/RobotEvent.js, /root/ros_ws/devel/share/gennodejs/ros/kortex_driver/msg/RobotEvent.js)
Linked: (/root/ros_ws/devel/.private/kortex_driver/share/gennodejs/ros/kortex_driver/msg/Point.js, /root/ros_ws/devel/share/gennodejs/ros/kortex_driver/msg/Point.js)
Linked: (/root/ros_ws/devel/.private/kortex_driver/share/gennodejs/ros/kortex_driver/msg/Sequence.js, /root/ros_ws/devel/share/gennodejs/ros/kortex_driver/msg/Sequence.js)
Linked: (/root/ros_ws/devel/.private/kortex_driver/share/gennodejs/ros/kortex_driver/msg/JointsLimitationsList.js, /root/ros_ws/devel/share/gennodejs/ros/kortex_driver/msg/JointsLimitationsList.js)
Linked: (/root/ros_ws/devel/.private/kortex_driver/share/gennodejs/ros/kortex_driver/msg/MappingHandle.js, /root/ros_ws/devel/share/gennodejs/ros/kortex_driver/msg/MappingHandle.js)
Linked: (/root/ros_ws/devel/.private/kortex_driver/share/gennodejs/ros/kortex_driver/msg/GripperCyclic_Feedback.js, /root/ros_ws/devel/share/gennodejs/ros/kortex_driver/msg/GripperCyclic_Feedback.js)
Linked: (/root/ros_ws/devel/.private/kortex_driver/share/gennodejs/ros/kortex_driver/msg/NotificationOptions.js, /root/ros_ws/devel/share/gennodejs/ros/kortex_driver/msg/NotificationOptions.js)
Linked: (/root/ros_ws/devel/.private/kortex_driver/share/gennodejs/ros/kortex_driver/msg/StepResponse.js, /root/ros_ws/devel/share/gennodejs/ros/kortex_driver/msg/StepResponse.js)
Linked: (/root/ros_ws/devel/.private/kortex_driver/share/gennodejs/ros/kortex_driver/msg/FollowCartesianTrajectoryActionResult.js, /root/ros_ws/devel/share/gennodejs/ros/kortex_driver/msg/FollowCartesianTrajectoryActionResult.js)
Linked: (/root/ros_ws/devel/.private/kortex_driver/share/gennodejs/ros/kortex_driver/msg/CartesianTrajectoryConstraint.js, /root/ros_ws/devel/share/gennodejs/ros/kortex_driver/msg/CartesianTrajectoryConstraint.js)
Linked: (/root/ros_ws/devel/.private/kortex_driver/share/gennodejs/ros/kortex_driver/msg/Sensor.js, /root/ros_ws/devel/share/gennodejs/ros/kortex_driver/msg/Sensor.js)
Linked: (/root/ros_ws/devel/.private/kortex_driver/share/gennodejs/ros/kortex_driver/msg/SequenceTask.js, /root/ros_ws/devel/share/gennodejs/ros/kortex_driver/msg/SequenceTask.js)
Linked: (/root/ros_ws/devel/.private/kortex_driver/share/gennodejs/ros/kortex_driver/msg/ArmState.js, /root/ros_ws/devel/share/gennodejs/ros/kortex_driver/msg/ArmState.js)
Linked: (/root/ros_ws/devel/.private/kortex_driver/share/gennodejs/ros/kortex_driver/msg/KinematicLimitsList.js, /root/ros_ws/devel/share/gennodejs/ros/kortex_driver/msg/KinematicLimitsList.js)
Linked: (/root/ros_ws/devel/.private/kortex_driver/share/gennodejs/ros/kortex_driver/msg/GPIOMode.js, /root/ros_ws/devel/share/gennodejs/ros/kortex_driver/msg/GPIOMode.js)
Linked: (/root/ros_ws/devel/.private/kortex_driver/share/gennodejs/ros/kortex_driver/msg/CustomDataSelection.js, /root/ros_ws/devel/share/gennodejs/ros/kortex_driver/msg/CustomDataSelection.js)
Linked: (/root/ros_ws/devel/.private/kortex_driver/share/gennodejs/ros/kortex_driver/msg/DeviceConfig_SafetyLimitType.js, /root/ros_ws/devel/share/gennodejs/ros/kortex_driver/msg/DeviceConfig_SafetyLimitType.js)
Linked: (/root/ros_ws/devel/.private/kortex_driver/share/gennodejs/ros/kortex_driver/msg/JointSpeedSoftLimits.js, /root/ros_ws/devel/share/gennodejs/ros/kortex_driver/msg/JointSpeedSoftLimits.js)
Linked: (/root/ros_ws/devel/.private/kortex_driver/share/gennodejs/ros/kortex_driver/msg/ModelId.js, /root/ros_ws/devel/share/gennodejs/ros/kortex_driver/msg/ModelId.js)
Linked: (/root/ros_ws/devel/.private/kortex_driver/share/gennodejs/ros/kortex_driver/msg/CartesianLimitationList.js, /root/ros_ws/devel/share/gennodejs/ros/kortex_driver/msg/CartesianLimitationList.js)
Linked: (/root/ros_ws/devel/.private/kortex_driver/share/gennodejs/ros/kortex_driver/msg/SequenceInfoNotificationList.js, /root/ros_ws/devel/share/gennodejs/ros/kortex_driver/msg/SequenceInfoNotificationList.js)
Linked: (/root/ros_ws/devel/.private/kortex_driver/share/gennodejs/ros/kortex_driver/msg/VisionConfig_RotationMatrixRow.js, /root/ros_ws/devel/share/gennodejs/ros/kortex_driver/msg/VisionConfig_RotationMatrixRow.js)
Linked: (/root/ros_ws/devel/.private/kortex_driver/share/gennodejs/ros/kortex_driver/msg/Connection.js, /root/ros_ws/devel/share/gennodejs/ros/kortex_driver/msg/Connection.js)
Linked: (/root/ros_ws/devel/.private/kortex_driver/share/gennodejs/ros/kortex_driver/msg/ActuatorCustomData.js, /root/ros_ws/devel/share/gennodejs/ros/kortex_driver/msg/ActuatorCustomData.js)
Linked: (/root/ros_ws/devel/.private/kortex_driver/share/gennodejs/ros/kortex_driver/msg/DeviceConfig_CapSenseConfig.js, /root/ros_ws/devel/share/gennodejs/ros/kortex_driver/msg/DeviceConfig_CapSenseConfig.js)
Linked: (/root/ros_ws/devel/.private/kortex_driver/share/gennodejs/ros/kortex_driver/msg/BaseType.js, /root/ros_ws/devel/share/gennodejs/ros/kortex_driver/msg/BaseType.js)
Linked: (/root/ros_ws/devel/.private/kortex_driver/share/gennodejs/ros/kortex_driver/msg/TrajectoryErrorIdentifier.js, /root/ros_ws/devel/share/gennodejs/ros/kortex_driver/msg/TrajectoryErrorIdentifier.js)
Linked: (/root/ros_ws/devel/.private/kortex_driver/share/gennodejs/ros/kortex_driver/msg/MapList.js, /root/ros_ws/devel/share/gennodejs/ros/kortex_driver/msg/MapList.js)
Linked: (/root/ros_ws/devel/.private/kortex_driver/share/gennodejs/ros/kortex_driver/msg/BaseCyclic_CustomData.js, /root/ros_ws/devel/share/gennodejs/ros/kortex_driver/msg/BaseCyclic_CustomData.js)
Linked: (/root/ros_ws/devel/.private/kortex_driver/share/gennodejs/ros/kortex_driver/msg/ActuatorCyclic_ServiceVersion.js, /root/ros_ws/devel/share/gennodejs/ros/kortex_driver/msg/ActuatorCyclic_ServiceVersion.js)
Linked: (/root/ros_ws/devel/.private/kortex_driver/share/gennodejs/ros/kortex_driver/msg/Faults.js, /root/ros_ws/devel/share/gennodejs/ros/kortex_driver/msg/Faults.js)
Linked: (/root/ros_ws/devel/.private/kortex_driver/share/gennodejs/ros/kortex_driver/msg/DeviceHandles.js, /root/ros_ws/devel/share/gennodejs/ros/kortex_driver/msg/DeviceHandles.js)
Linked: (/root/ros_ws/devel/.private/kortex_driver/share/gennodejs/ros/kortex_driver/msg/SafetyNotification.js, /root/ros_ws/devel/share/gennodejs/ros/kortex_driver/msg/SafetyNotification.js)
Linked: (/root/ros_ws/devel/.private/kortex_driver/share/gennodejs/ros/kortex_driver/msg/ControlLoopParameters.js, /root/ros_ws/devel/share/gennodejs/ros/kortex_driver/msg/ControlLoopParameters.js)
Linked: (/root/ros_ws/devel/.private/kortex_driver/share/gennodejs/ros/kortex_driver/msg/ActuatorFeedback.js, /root/ros_ws/devel/share/gennodejs/ros/kortex_driver/msg/ActuatorFeedback.js)
Linked: (/root/ros_ws/devel/.private/kortex_driver/share/gennodejs/ros/kortex_driver/msg/AngularTwist.js, /root/ros_ws/devel/share/gennodejs/ros/kortex_driver/msg/AngularTwist.js)
Linked: (/root/ros_ws/devel/.private/kortex_driver/share/gennodejs/ros/kortex_driver/msg/I2CWriteParameter.js, /root/ros_ws/devel/share/gennodejs/ros/kortex_driver/msg/I2CWriteParameter.js)
Linked: (/root/ros_ws/devel/.private/kortex_driver/share/gennodejs/ros/kortex_driver/msg/IPv4Configuration.js, /root/ros_ws/devel/share/gennodejs/ros/kortex_driver/msg/IPv4Configuration.js)
Linked: (/root/ros_ws/devel/.private/kortex_driver/share/gennodejs/ros/kortex_driver/msg/ActivateMapHandle.js, /root/ros_ws/devel/share/gennodejs/ros/kortex_driver/msg/ActivateMapHandle.js)
Linked: (/root/ros_ws/devel/.private/kortex_driver/share/gennodejs/ros/kortex_driver/msg/ServoingModeNotificationList.js, /root/ros_ws/devel/share/gennodejs/ros/kortex_driver/msg/ServoingModeNotificationList.js)
Linked: (/root/ros_ws/devel/.private/kortex_driver/share/gennodejs/ros/kortex_driver/msg/ApiOptions.js, /root/ros_ws/devel/share/gennodejs/ros/kortex_driver/msg/ApiOptions.js)
Linked: (/root/ros_ws/devel/.private/kortex_driver/share/gennodejs/ros/kortex_driver/msg/BridgeIdentifier.js, /root/ros_ws/devel/share/gennodejs/ros/kortex_driver/msg/BridgeIdentifier.js)
Linked: (/root/ros_ws/devel/.private/kortex_driver/share/gennodejs/ros/kortex_driver/msg/VisionNotification.js, /root/ros_ws/devel/share/gennodejs/ros/kortex_driver/msg/VisionNotification.js)
Linked: (/root/ros_ws/devel/.private/kortex_driver/share/gennodejs/ros/kortex_driver/msg/ControlConfig_Position.js, /root/ros_ws/devel/share/gennodejs/ros/kortex_driver/msg/ControlConfig_Position.js)
Linked: (/root/ros_ws/devel/.private/kortex_driver/share/gennodejs/ros/kortex_driver/msg/ControllerHandle.js, /root/ros_ws/devel/share/gennodejs/ros/kortex_driver/msg/ControllerHandle.js)
Linked: (/root/ros_ws/devel/.private/kortex_driver/share/gennodejs/ros/kortex_driver/msg/PreComputedJointTrajectoryElement.js, /root/ros_ws/devel/share/gennodejs/ros/kortex_driver/msg/PreComputedJointTrajectoryElement.js)
Linked: (/root/ros_ws/devel/.private/kortex_driver/share/gennodejs/ros/kortex_driver/msg/UserNotificationList.js, /root/ros_ws/devel/share/gennodejs/ros/kortex_driver/msg/UserNotificationList.js)
Linked: (/root/ros_ws/devel/.private/kortex_driver/share/gennodejs/ros/kortex_driver/msg/ControllerElementHandle.js, /root/ros_ws/devel/share/gennodejs/ros/kortex_driver/msg/ControllerElementHandle.js)
Linked: (/root/ros_ws/devel/.private/kortex_driver/share/gennodejs/ros/kortex_driver/msg/BluetoothEnableState.js, /root/ros_ws/devel/share/gennodejs/ros/kortex_driver/msg/BluetoothEnableState.js)
Linked: (/root/ros_ws/devel/.private/kortex_driver/share/gennodejs/ros/kortex_driver/msg/Base_ControlModeInformation.js, /root/ros_ws/devel/share/gennodejs/ros/kortex_driver/msg/Base_ControlModeInformation.js)
Linked: (/root/ros_ws/devel/.private/kortex_driver/share/gennodejs/ros/kortex_driver/msg/ActuatorConfig_ControlModeInformation.js, /root/ros_ws/devel/share/gennodejs/ros/kortex_driver/msg/ActuatorConfig_ControlModeInformation.js)
Linked: (/root/ros_ws/devel/.private/kortex_driver/share/gennodejs/ros/kortex_driver/msg/InterconnectCyclic_Feedback_tool_feedback.js, /root/ros_ws/devel/share/gennodejs/ros/kortex_driver/msg/InterconnectCyclic_Feedback_tool_feedback.js)
Linked: (/root/ros_ws/devel/.private/kortex_driver/share/gennodejs/ros/kortex_driver/msg/FactoryEvent.js, /root/ros_ws/devel/share/gennodejs/ros/kortex_driver/msg/FactoryEvent.js)
Linked: (/root/ros_ws/devel/.private/kortex_driver/share/gennodejs/ros/kortex_driver/msg/JointAccelerationSoftLimits.js, /root/ros_ws/devel/share/gennodejs/ros/kortex_driver/msg/JointAccelerationSoftLimits.js)
Linked: (/root/ros_ws/devel/.private/kortex_driver/share/gennodejs/ros/kortex_driver/msg/Map.js, /root/ros_ws/devel/share/gennodejs/ros/kortex_driver/msg/Map.js)
Linked: (/root/ros_ws/devel/.private/kortex_driver/share/gennodejs/ros/kortex_driver/msg/Query.js, /root/ros_ws/devel/share/gennodejs/ros/kortex_driver/msg/Query.js)
Linked: (/root/ros_ws/devel/.private/kortex_driver/share/gennodejs/ros/kortex_driver/msg/DeviceManager_ServiceVersion.js, /root/ros_ws/devel/share/gennodejs/ros/kortex_driver/msg/DeviceManager_ServiceVersion.js)
Linked: (/root/ros_ws/devel/.private/kortex_driver/share/gennodejs/ros/kortex_driver/msg/CountryCode.js, /root/ros_ws/devel/share/gennodejs/ros/kortex_driver/msg/CountryCode.js)
Linked: (/root/ros_ws/devel/.private/kortex_driver/share/gennodejs/ros/kortex_driver/msg/ProtectionZoneNotification.js, /root/ros_ws/devel/share/gennodejs/ros/kortex_driver/msg/ProtectionZoneNotification.js)
Linked: (/root/ros_ws/devel/.private/kortex_driver/share/gennodejs/ros/kortex_driver/msg/GPIOValue.js, /root/ros_ws/devel/share/gennodejs/ros/kortex_driver/msg/GPIOValue.js)
Linked: (/root/ros_ws/devel/.private/kortex_driver/share/gennodejs/ros/kortex_driver/msg/PayloadInformation.js, /root/ros_ws/devel/share/gennodejs/ros/kortex_driver/msg/PayloadInformation.js)
Linked: (/root/ros_ws/devel/.private/kortex_driver/share/gennodejs/ros/kortex_driver/msg/GripperCyclic_MessageId.js, /root/ros_ws/devel/share/gennodejs/ros/kortex_driver/msg/GripperCyclic_MessageId.js)
Linked: (/root/ros_ws/devel/.private/kortex_driver/share/gennodejs/ros/kortex_driver/msg/WrenchCommand.js, /root/ros_ws/devel/share/gennodejs/ros/kortex_driver/msg/WrenchCommand.js)
Linked: (/root/ros_ws/devel/.private/kortex_driver/share/gennodejs/ros/kortex_driver/msg/FollowCartesianTrajectoryGoal.js, /root/ros_ws/devel/share/gennodejs/ros/kortex_driver/msg/FollowCartesianTrajectoryGoal.js)
Linked: (/root/ros_ws/devel/.private/kortex_driver/share/gennodejs/ros/kortex_driver/msg/GripperCyclic_CustomData.js, /root/ros_ws/devel/share/gennodejs/ros/kortex_driver/msg/GripperCyclic_CustomData.js)
Linked: (/root/ros_ws/devel/.private/kortex_driver/share/gennodejs/ros/kortex_driver/msg/ActuatorConfig_SafetyLimitType.js, /root/ros_ws/devel/share/gennodejs/ros/kortex_driver/msg/ActuatorConfig_SafetyLimitType.js)
Linked: (/root/ros_ws/devel/.private/kortex_driver/share/gennodejs/ros/kortex_driver/msg/NetworkEvent.js, /root/ros_ws/devel/share/gennodejs/ros/kortex_driver/msg/NetworkEvent.js)
Linked: (/root/ros_ws/devel/.private/kortex_driver/share/gennodejs/ros/kortex_driver/msg/ControllerBehavior.js, /root/ros_ws/devel/share/gennodejs/ros/kortex_driver/msg/ControllerBehavior.js)
Linked: (/root/ros_ws/devel/.private/kortex_driver/share/gennodejs/ros/kortex_driver/msg/Xbox360AnalogInputIdentifier.js, /root/ros_ws/devel/share/gennodejs/ros/kortex_driver/msg/Xbox360AnalogInputIdentifier.js)
Linked: (/root/ros_ws/devel/.private/kortex_driver/share/gennodejs/ros/kortex_driver/msg/KortexError.js, /root/ros_ws/devel/share/gennodejs/ros/kortex_driver/msg/KortexError.js)
Linked: (/root/ros_ws/devel/.private/kortex_driver/share/gennodejs/ros/kortex_driver/msg/I2CData.js, /root/ros_ws/devel/share/gennodejs/ros/kortex_driver/msg/I2CData.js)
Linked: (/root/ros_ws/devel/.private/kortex_driver/share/gennodejs/ros/kortex_driver/msg/DeviceConfig_CapSenseMode.js, /root/ros_ws/devel/share/gennodejs/ros/kortex_driver/msg/DeviceConfig_CapSenseMode.js)
Linked: (/root/ros_ws/devel/.private/kortex_driver/share/gennodejs/ros/kortex_driver/msg/Base_RotationMatrixRow.js, /root/ros_ws/devel/share/gennodejs/ros/kortex_driver/msg/Base_RotationMatrixRow.js)
Linked: (/root/ros_ws/devel/.private/kortex_driver/share/gennodejs/ros/kortex_driver/msg/SignalQuality.js, /root/ros_ws/devel/share/gennodejs/ros/kortex_driver/msg/SignalQuality.js)
Linked: (/root/ros_ws/devel/.private/kortex_driver/share/gennodejs/ros/kortex_driver/msg/SequenceList.js, /root/ros_ws/devel/share/gennodejs/ros/kortex_driver/msg/SequenceList.js)
Linked: (/root/ros_ws/devel/.private/kortex_driver/share/gennodejs/ros/kortex_driver/msg/MACAddress.js, /root/ros_ws/devel/share/gennodejs/ros/kortex_driver/msg/MACAddress.js)
Linked: (/root/ros_ws/devel/.private/kortex_driver/share/gennodejs/ros/kortex_driver/msg/InterconnectConfig_GPIOConfiguration.js, /root/ros_ws/devel/share/gennodejs/ros/kortex_driver/msg/InterconnectConfig_GPIOConfiguration.js)
Linked: (/root/ros_ws/devel/.private/kortex_driver/share/gennodejs/ros/kortex_driver/msg/FollowCartesianTrajectoryFeedback.js, /root/ros_ws/devel/share/gennodejs/ros/kortex_driver/msg/FollowCartesianTrajectoryFeedback.js)
Linked: (/root/ros_ws/devel/.private/kortex_driver/share/gennodejs/ros/kortex_driver/msg/ArmStateNotification.js, /root/ros_ws/devel/share/gennodejs/ros/kortex_driver/msg/ArmStateNotification.js)
Linked: (/root/ros_ws/devel/.private/kortex_driver/share/gennodejs/ros/kortex_driver/msg/CommandFlags.js, /root/ros_ws/devel/share/gennodejs/ros/kortex_driver/msg/CommandFlags.js)
Linked: (/root/ros_ws/devel/.private/kortex_driver/share/gennodejs/ros/kortex_driver/msg/GPIOState.js, /root/ros_ws/devel/share/gennodejs/ros/kortex_driver/msg/GPIOState.js)
Linked: (/root/ros_ws/devel/.private/kortex_driver/share/gennodejs/ros/kortex_driver/msg/ActuatorConfig_ServiceVersion.js, /root/ros_ws/devel/share/gennodejs/ros/kortex_driver/msg/ActuatorConfig_ServiceVersion.js)
Linked: (/root/ros_ws/devel/.private/kortex_driver/share/gennodejs/ros/kortex_driver/msg/I2CDeviceIdentification.js, /root/ros_ws/devel/share/gennodejs/ros/kortex_driver/msg/I2CDeviceIdentification.js)
Linked: (/root/ros_ws/devel/.private/kortex_driver/share/gennodejs/ros/kortex_driver/msg/Base_CapSenseMode.js, /root/ros_ws/devel/share/gennodejs/ros/kortex_driver/msg/Base_CapSenseMode.js)
Linked: (/root/ros_ws/devel/.private/kortex_driver/share/gennodejs/ros/kortex_driver/msg/ActionNotification.js, /root/ros_ws/devel/share/gennodejs/ros/kortex_driver/msg/ActionNotification.js)
Linked: (/root/ros_ws/devel/.private/kortex_driver/share/gennodejs/ros/kortex_driver/msg/CompleteProductConfiguration.js, /root/ros_ws/devel/share/gennodejs/ros/kortex_driver/msg/CompleteProductConfiguration.js)
Linked: (/root/ros_ws/devel/.private/kortex_driver/share/gennodejs/ros/kortex_driver/msg/ProtectionZoneInformation.js, /root/ros_ws/devel/share/gennodejs/ros/kortex_driver/msg/ProtectionZoneInformation.js)
Linked: (/root/ros_ws/devel/.private/kortex_driver/share/gennodejs/ros/kortex_driver/msg/RebootRqst.js, /root/ros_ws/devel/share/gennodejs/ros/kortex_driver/msg/RebootRqst.js)
Linked: (/root/ros_ws/devel/.private/kortex_driver/share/gennodejs/ros/kortex_driver/msg/Admittance.js, /root/ros_ws/devel/share/gennodejs/ros/kortex_driver/msg/Admittance.js)
Linked: (/root/ros_ws/devel/.private/kortex_driver/share/gennodejs/ros/kortex_driver/msg/BridgeStatus.js, /root/ros_ws/devel/share/gennodejs/ros/kortex_driver/msg/BridgeStatus.js)
Linked: (/root/ros_ws/devel/.private/kortex_driver/share/gennodejs/ros/kortex_driver/msg/Orientation.js, /root/ros_ws/devel/share/gennodejs/ros/kortex_driver/msg/Orientation.js)
Linked: (/root/ros_ws/devel/.private/kortex_driver/share/gennodejs/ros/kortex_driver/msg/WrenchLimitation.js, /root/ros_ws/devel/share/gennodejs/ros/kortex_driver/msg/WrenchLimitation.js)
Linked: (/root/ros_ws/devel/.private/kortex_driver/share/gennodejs/ros/kortex_driver/msg/ConfigurationChangeNotification.js, /root/ros_ws/devel/share/gennodejs/ros/kortex_driver/msg/ConfigurationChangeNotification.js)
Linked: (/root/ros_ws/devel/.private/kortex_driver/share/gennodejs/ros/kortex_driver/msg/I2CReadParameter.js, /root/ros_ws/devel/share/gennodejs/ros/kortex_driver/msg/I2CReadParameter.js)
Linked: (/root/ros_ws/devel/.private/kortex_driver/share/gennodejs/ros/kortex_driver/msg/ControllerType.js, /root/ros_ws/devel/share/gennodejs/ros/kortex_driver/msg/ControllerType.js)
Linked: (/root/ros_ws/devel/.private/kortex_driver/share/gennodejs/ros/kortex_driver/msg/TrajectoryErrorType.js, /root/ros_ws/devel/share/gennodejs/ros/kortex_driver/msg/TrajectoryErrorType.js)
Linked: (/root/ros_ws/devel/.private/kortex_driver/share/gennodejs/ros/kortex_driver/msg/PartNumber.js, /root/ros_ws/devel/share/gennodejs/ros/kortex_driver/msg/PartNumber.js)
Linked: (/root/ros_ws/devel/.private/kortex_driver/share/gennodejs/ros/kortex_driver/msg/FocusAction.js, /root/ros_ws/devel/share/gennodejs/ros/kortex_driver/msg/FocusAction.js)
Linked: (/root/ros_ws/devel/.private/kortex_driver/share/gennodejs/ros/kortex_driver/msg/OperatingModeNotification.js, /root/ros_ws/devel/share/gennodejs/ros/kortex_driver/msg/OperatingModeNotification.js)
Linked: (/root/ros_ws/devel/.private/kortex_driver/share/gennodejs/ros/kortex_driver/msg/ActuatorCyclic_Feedback.js, /root/ros_ws/devel/share/gennodejs/ros/kortex_driver/msg/ActuatorCyclic_Feedback.js)
Linked: (/root/ros_ws/devel/.private/kortex_driver/share/gennodejs/ros/kortex_driver/msg/TrajectoryInfoType.js, /root/ros_ws/devel/share/gennodejs/ros/kortex_driver/msg/TrajectoryInfoType.js)
Linked: (/root/ros_ws/devel/.private/kortex_driver/share/gennodejs/ros/kortex_driver/msg/I2CReadRegisterParameter.js, /root/ros_ws/devel/share/gennodejs/ros/kortex_driver/msg/I2CReadRegisterParameter.js)
Linked: (/root/ros_ws/devel/.private/kortex_driver/share/gennodejs/ros/kortex_driver/msg/InterconnectCyclic_CustomData_tool_customData.js, /root/ros_ws/devel/share/gennodejs/ros/kortex_driver/msg/InterconnectCyclic_CustomData_tool_customData.js)
Linked: (/root/ros_ws/devel/.private/kortex_driver/share/gennodejs/ros/kortex_driver/msg/VisionConfig_RotationMatrix.js, /root/ros_ws/devel/share/gennodejs/ros/kortex_driver/msg/VisionConfig_RotationMatrix.js)
Linked: (/root/ros_ws/devel/.private/kortex_driver/share/gennodejs/ros/kortex_driver/msg/FollowCartesianTrajectoryActionGoal.js, /root/ros_ws/devel/share/gennodejs/ros/kortex_driver/msg/FollowCartesianTrajectoryActionGoal.js)
Linked: (/root/ros_ws/devel/.private/kortex_driver/share/gennodejs/ros/kortex_driver/msg/BridgeConfig.js, /root/ros_ws/devel/share/gennodejs/ros/kortex_driver/msg/BridgeConfig.js)
Linked: (/root/ros_ws/devel/.private/kortex_driver/share/gennodejs/ros/kortex_driver/msg/TrajectoryContinuityMode.js, /root/ros_ws/devel/share/gennodejs/ros/kortex_driver/msg/TrajectoryContinuityMode.js)
Linked: (/root/ros_ws/devel/.private/kortex_driver/share/gennodejs/ros/kortex_driver/msg/Waypoint_type_of_waypoint.js, /root/ros_ws/devel/share/gennodejs/ros/kortex_driver/msg/Waypoint_type_of_waypoint.js)
Linked: (/root/ros_ws/devel/.private/kortex_driver/share/gennodejs/ros/kortex_driver/msg/SafetyEnable.js, /root/ros_ws/devel/share/gennodejs/ros/kortex_driver/msg/SafetyEnable.js)
Linked: (/root/ros_ws/devel/.private/kortex_driver/share/gennodejs/ros/kortex_driver/msg/WifiInformationList.js, /root/ros_ws/devel/share/gennodejs/ros/kortex_driver/msg/WifiInformationList.js)
Linked: (/root/ros_ws/devel/.private/kortex_driver/share/gennodejs/ros/kortex_driver/msg/ChangeTwist.js, /root/ros_ws/devel/share/gennodejs/ros/kortex_driver/msg/ChangeTwist.js)
Linked: (/root/ros_ws/devel/.private/kortex_driver/share/gennodejs/ros/kortex_driver/msg/TorqueOffset.js, /root/ros_ws/devel/share/gennodejs/ros/kortex_driver/msg/TorqueOffset.js)
Linked: (/root/ros_ws/devel/.private/kortex_driver/share/gennodejs/ros/kortex_driver/msg/FrequencyResponse.js, /root/ros_ws/devel/share/gennodejs/ros/kortex_driver/msg/FrequencyResponse.js)
Linked: (/root/ros_ws/devel/.private/kortex_driver/share/gennodejs/ros/kortex_driver/msg/CartesianReferenceFrameInfo.js, /root/ros_ws/devel/share/gennodejs/ros/kortex_driver/msg/CartesianReferenceFrameInfo.js)
Linked: (/root/ros_ws/devel/.private/kortex_driver/share/gennodejs/ros/kortex_driver/msg/ControllerConfigurationList.js, /root/ros_ws/devel/share/gennodejs/ros/kortex_driver/msg/ControllerConfigurationList.js)
Linked: (/root/ros_ws/devel/.private/kortex_driver/share/gennodejs/ros/kortex_driver/msg/AxisPosition.js, /root/ros_ws/devel/share/gennodejs/ros/kortex_driver/msg/AxisPosition.js)
Linked: (/root/ros_ws/devel/.private/kortex_driver/share/gennodejs/ros/kortex_driver/msg/FrameRate.js, /root/ros_ws/devel/share/gennodejs/ros/kortex_driver/msg/FrameRate.js)
Linked: (/root/ros_ws/devel/.private/kortex_driver/share/gennodejs/ros/kortex_driver/msg/MappingInfoNotificationList.js, /root/ros_ws/devel/share/gennodejs/ros/kortex_driver/msg/MappingInfoNotificationList.js)
Linked: (/root/ros_ws/devel/.private/kortex_driver/share/gennodejs/ros/kortex_driver/msg/ProtectionZoneNotificationList.js, /root/ros_ws/devel/share/gennodejs/ros/kortex_driver/msg/ProtectionZoneNotificationList.js)
Linked: (/root/ros_ws/devel/.private/kortex_driver/share/gennodejs/ros/kortex_driver/msg/SafetyConfiguration.js, /root/ros_ws/devel/share/gennodejs/ros/kortex_driver/msg/SafetyConfiguration.js)
Linked: (/root/ros_ws/devel/.private/kortex_driver/share/gennodejs/ros/kortex_driver/msg/BackupEvent.js, /root/ros_ws/devel/share/gennodejs/ros/kortex_driver/msg/BackupEvent.js)
Linked: (/root/ros_ws/devel/.private/kortex_driver/share/gennodejs/ros/kortex_driver/msg/ModelNumber.js, /root/ros_ws/devel/share/gennodejs/ros/kortex_driver/msg/ModelNumber.js)
Linked: (/root/ros_ws/devel/.private/kortex_driver/share/gennodejs/ros/kortex_driver/msg/ControlConfig_ServiceVersion.js, /root/ros_ws/devel/share/gennodejs/ros/kortex_driver/msg/ControlConfig_ServiceVersion.js)
Linked: (/root/ros_ws/devel/.private/kortex_driver/share/gennodejs/ros/kortex_driver/msg/ProtectionZoneHandle.js, /root/ros_ws/devel/share/gennodejs/ros/kortex_driver/msg/ProtectionZoneHandle.js)
Linked: (/root/ros_ws/devel/.private/kortex_driver/share/gennodejs/ros/kortex_driver/msg/ControllerElementState.js, /root/ros_ws/devel/share/gennodejs/ros/kortex_driver/msg/ControllerElementState.js)
Linked: (/root/ros_ws/devel/.private/kortex_driver/share/gennodejs/ros/kortex_driver/msg/SequenceInfoNotification.js, /root/ros_ws/devel/share/gennodejs/ros/kortex_driver/msg/SequenceInfoNotification.js)
Linked: (/root/ros_ws/devel/.private/kortex_driver/share/gennodejs/ros/kortex_driver/msg/VisionModuleType.js, /root/ros_ws/devel/share/gennodejs/ros/kortex_driver/msg/VisionModuleType.js)
Linked: (/root/ros_ws/devel/.private/kortex_driver/share/gennodejs/ros/kortex_driver/msg/ServoingModeInformation.js, /root/ros_ws/devel/share/gennodejs/ros/kortex_driver/msg/ServoingModeInformation.js)
Linked: (/root/ros_ws/devel/.private/kortex_driver/share/gennodejs/ros/kortex_driver/msg/ConstrainedJointAngle.js, /root/ros_ws/devel/share/gennodejs/ros/kortex_driver/msg/ConstrainedJointAngle.js)
Linked: (/root/ros_ws/devel/.private/kortex_driver/share/gennodejs/ros/kortex_driver/msg/IPv4Settings.js, /root/ros_ws/devel/share/gennodejs/ros/kortex_driver/msg/IPv4Settings.js)
Linked: (/root/ros_ws/devel/.private/kortex_driver/share/gennodejs/ros/kortex_driver/msg/KinematicLimits.js, /root/ros_ws/devel/share/gennodejs/ros/kortex_driver/msg/KinematicLimits.js)
Linked: (/root/ros_ws/devel/.private/kortex_driver/share/gennodejs/ros/kortex_driver/msg/ProtectionZone.js, /root/ros_ws/devel/share/gennodejs/ros/kortex_driver/msg/ProtectionZone.js)
Linked: (/root/ros_ws/devel/.private/kortex_driver/share/gennodejs/ros/kortex_driver/msg/Pose.js, /root/ros_ws/devel/share/gennodejs/ros/kortex_driver/msg/Pose.js)
Linked: (/root/ros_ws/devel/.private/kortex_driver/share/gennodejs/ros/kortex_driver/msg/ControlConfigurationNotification.js, /root/ros_ws/devel/share/gennodejs/ros/kortex_driver/msg/ControlConfigurationNotification.js)
Linked: (/root/ros_ws/devel/.private/kortex_driver/share/gennodejs/ros/kortex_driver/msg/InterconnectCyclic_CustomData.js, /root/ros_ws/devel/share/gennodejs/ros/kortex_driver/msg/InterconnectCyclic_CustomData.js)
Linked: (/root/ros_ws/devel/.private/kortex_driver/share/gennodejs/ros/kortex_driver/msg/MapGroupHandle.js, /root/ros_ws/devel/share/gennodejs/ros/kortex_driver/msg/MapGroupHandle.js)
Linked: (/root/ros_ws/devel/.private/kortex_driver/share/gennodejs/ros/kortex_driver/msg/Base_SafetyIdentifier.js, /root/ros_ws/devel/share/gennodejs/ros/kortex_driver/msg/Base_SafetyIdentifier.js)
Linked: (/root/ros_ws/devel/.private/kortex_driver/share/gennodejs/ros/kortex_driver/msg/OperatingModeNotificationList.js, /root/ros_ws/devel/share/gennodejs/ros/kortex_driver/msg/OperatingModeNotificationList.js)
Linked: (/root/ros_ws/devel/.private/kortex_driver/share/gennodejs/ros/kortex_driver/srv/I2CRead.js, /root/ros_ws/devel/share/gennodejs/ros/kortex_driver/srv/I2CRead.js)
Linked: (/root/ros_ws/devel/.private/kortex_driver/share/gennodejs/ros/kortex_driver/srv/SetControllerConfiguration.js, /root/ros_ws/devel/share/gennodejs/ros/kortex_driver/srv/SetControllerConfiguration.js)
Linked: (/root/ros_ws/devel/.private/kortex_driver/share/gennodejs/ros/kortex_driver/srv/DeviceConfig_GetCapSenseConfig.js, /root/ros_ws/devel/share/gennodejs/ros/kortex_driver/srv/DeviceConfig_GetCapSenseConfig.js)
Linked: (/root/ros_ws/devel/.private/kortex_driver/share/gennodejs/ros/kortex_driver/srv/GetOptionValue.js, /root/ros_ws/devel/share/gennodejs/ros/kortex_driver/srv/GetOptionValue.js)
Linked: (/root/ros_ws/devel/.private/kortex_driver/share/gennodejs/ros/kortex_driver/srv/TakeSnapshot.js, /root/ros_ws/devel/share/gennodejs/ros/kortex_driver/srv/TakeSnapshot.js)
Linked: (/root/ros_ws/devel/.private/kortex_driver/share/gennodejs/ros/kortex_driver/srv/GetWifiCountryCode.js, /root/ros_ws/devel/share/gennodejs/ros/kortex_driver/srv/GetWifiCountryCode.js)
Linked: (/root/ros_ws/devel/.private/kortex_driver/share/gennodejs/ros/kortex_driver/srv/SetToolConfiguration.js, /root/ros_ws/devel/share/gennodejs/ros/kortex_driver/srv/SetToolConfiguration.js)
Linked: (/root/ros_ws/devel/.private/kortex_driver/share/gennodejs/ros/kortex_driver/srv/GetGPIOState.js, /root/ros_ws/devel/share/gennodejs/ros/kortex_driver/srv/GetGPIOState.js)
Linked: (/root/ros_ws/devel/.private/kortex_driver/share/gennodejs/ros/kortex_driver/srv/DeviceConfig_SetCapSenseConfig.js, /root/ros_ws/devel/share/gennodejs/ros/kortex_driver/srv/DeviceConfig_SetCapSenseConfig.js)
Linked: (/root/ros_ws/devel/.private/kortex_driver/share/gennodejs/ros/kortex_driver/srv/RestoreFactoryProductConfiguration.js, /root/ros_ws/devel/share/gennodejs/ros/kortex_driver/srv/RestoreFactoryProductConfiguration.js)
Linked: (/root/ros_ws/devel/.private/kortex_driver/share/gennodejs/ros/kortex_driver/srv/DoSensorFocusAction.js, /root/ros_ws/devel/share/gennodejs/ros/kortex_driver/srv/DoSensorFocusAction.js)
Linked: (/root/ros_ws/devel/.private/kortex_driver/share/gennodejs/ros/kortex_driver/srv/SendWrenchCommand.js, /root/ros_ws/devel/share/gennodejs/ros/kortex_driver/srv/SendWrenchCommand.js)
Linked: (/root/ros_ws/devel/.private/kortex_driver/share/gennodejs/ros/kortex_driver/srv/GetAllConfiguredWifis.js, /root/ros_ws/devel/share/gennodejs/ros/kortex_driver/srv/GetAllConfiguredWifis.js)
Linked: (/root/ros_ws/devel/.private/kortex_driver/share/gennodejs/ros/kortex_driver/srv/SendJointSpeedsCommand.js, /root/ros_ws/devel/share/gennodejs/ros/kortex_driver/srv/SendJointSpeedsCommand.js)
Linked: (/root/ros_ws/devel/.private/kortex_driver/share/gennodejs/ros/kortex_driver/srv/GetControllerState.js, /root/ros_ws/devel/share/gennodejs/ros/kortex_driver/srv/GetControllerState.js)
Linked: (/root/ros_ws/devel/.private/kortex_driver/share/gennodejs/ros/kortex_driver/srv/ExecuteActionFromReference.js, /root/ros_ws/devel/share/gennodejs/ros/kortex_driver/srv/ExecuteActionFromReference.js)
Linked: (/root/ros_ws/devel/.private/kortex_driver/share/gennodejs/ros/kortex_driver/srv/AddWifiConfiguration.js, /root/ros_ws/devel/share/gennodejs/ros/kortex_driver/srv/AddWifiConfiguration.js)
Linked: (/root/ros_ws/devel/.private/kortex_driver/share/gennodejs/ros/kortex_driver/srv/SetDesiredJointSpeeds.js, /root/ros_ws/devel/share/gennodejs/ros/kortex_driver/srv/SetDesiredJointSpeeds.js)
Linked: (/root/ros_ws/devel/.private/kortex_driver/share/gennodejs/ros/kortex_driver/srv/SetCommandMode.js, /root/ros_ws/devel/share/gennodejs/ros/kortex_driver/srv/SetCommandMode.js)
Linked: (/root/ros_ws/devel/.private/kortex_driver/share/gennodejs/ros/kortex_driver/srv/DeleteSequenceTask.js, /root/ros_ws/devel/share/gennodejs/ros/kortex_driver/srv/DeleteSequenceTask.js)
Linked: (/root/ros_ws/devel/.private/kortex_driver/share/gennodejs/ros/kortex_driver/srv/ComputeForwardKinematics.js, /root/ros_ws/devel/share/gennodejs/ros/kortex_driver/srv/ComputeForwardKinematics.js)
Linked: (/root/ros_ws/devel/.private/kortex_driver/share/gennodejs/ros/kortex_driver/srv/StopAction.js, /root/ros_ws/devel/share/gennodejs/ros/kortex_driver/srv/StopAction.js)
Linked: (/root/ros_ws/devel/.private/kortex_driver/share/gennodejs/ros/kortex_driver/srv/SetSafetyEnable.js, /root/ros_ws/devel/share/gennodejs/ros/kortex_driver/srv/SetSafetyEnable.js)
Linked: (/root/ros_ws/devel/.private/kortex_driver/share/gennodejs/ros/kortex_driver/srv/PlayCartesianTrajectoryPosition.js, /root/ros_ws/devel/share/gennodejs/ros/kortex_driver/srv/PlayCartesianTrajectoryPosition.js)
Linked: (/root/ros_ws/devel/.private/kortex_driver/share/gennodejs/ros/kortex_driver/srv/SetApiOptions.js, /root/ros_ws/devel/share/gennodejs/ros/kortex_driver/srv/SetApiOptions.js)
Linked: (/root/ros_ws/devel/.private/kortex_driver/share/gennodejs/ros/kortex_driver/srv/ResetGravityVector.js, /root/ros_ws/devel/share/gennodejs/ros/kortex_driver/srv/ResetGravityVector.js)
Linked: (/root/ros_ws/devel/.private/kortex_driver/share/gennodejs/ros/kortex_driver/srv/DisconnectWifi.js, /root/ros_ws/devel/share/gennodejs/ros/kortex_driver/srv/DisconnectWifi.js)
Linked: (/root/ros_ws/devel/.private/kortex_driver/share/gennodejs/ros/kortex_driver/srv/PauseSequence.js, /root/ros_ws/devel/share/gennodejs/ros/kortex_driver/srv/PauseSequence.js)
Linked: (/root/ros_ws/devel/.private/kortex_driver/share/gennodejs/ros/kortex_driver/srv/GetGravityVector.js, /root/ros_ws/devel/share/gennodejs/ros/kortex_driver/srv/GetGravityVector.js)
Linked: (/root/ros_ws/devel/.private/kortex_driver/share/gennodejs/ros/kortex_driver/srv/GetAxisOffsets.js, /root/ros_ws/devel/share/gennodejs/ros/kortex_driver/srv/GetAxisOffsets.js)
Linked: (/root/ros_ws/devel/.private/kortex_driver/share/gennodejs/ros/kortex_driver/srv/GetCoggingFeedforwardMode.js, /root/ros_ws/devel/share/gennodejs/ros/kortex_driver/srv/GetCoggingFeedforwardMode.js)
Linked: (/root/ros_ws/devel/.private/kortex_driver/share/gennodejs/ros/kortex_driver/srv/SetCoggingFeedforwardMode.js, /root/ros_ws/devel/share/gennodejs/ros/kortex_driver/srv/SetCoggingFeedforwardMode.js)
Linked: (/root/ros_ws/devel/.private/kortex_driver/share/gennodejs/ros/kortex_driver/srv/ReadAllMaps.js, /root/ros_ws/devel/share/gennodejs/ros/kortex_driver/srv/ReadAllMaps.js)
Linked: (/root/ros_ws/devel/.private/kortex_driver/share/gennodejs/ros/kortex_driver/srv/RebootRequest.js, /root/ros_ws/devel/share/gennodejs/ros/kortex_driver/srv/RebootRequest.js)
Linked: (/root/ros_ws/devel/.private/kortex_driver/share/gennodejs/ros/kortex_driver/srv/GetBridgeConfig.js, /root/ros_ws/devel/share/gennodejs/ros/kortex_driver/srv/GetBridgeConfig.js)
Linked: (/root/ros_ws/devel/.private/kortex_driver/share/gennodejs/ros/kortex_driver/srv/DeleteProtectionZone.js, /root/ros_ws/devel/share/gennodejs/ros/kortex_driver/srv/DeleteProtectionZone.js)
Linked: (/root/ros_ws/devel/.private/kortex_driver/share/gennodejs/ros/kortex_driver/srv/I2CReadRegister.js, /root/ros_ws/devel/share/gennodejs/ros/kortex_driver/srv/I2CReadRegister.js)
Linked: (/root/ros_ws/devel/.private/kortex_driver/share/gennodejs/ros/kortex_driver/srv/ExecuteAction.js, /root/ros_ws/devel/share/gennodejs/ros/kortex_driver/srv/ExecuteAction.js)
Linked: (/root/ros_ws/devel/.private/kortex_driver/share/gennodejs/ros/kortex_driver/srv/SetSafetyErrorThreshold.js, /root/ros_ws/devel/share/gennodejs/ros/kortex_driver/srv/SetSafetyErrorThreshold.js)
Linked: (/root/ros_ws/devel/.private/kortex_driver/share/gennodejs/ros/kortex_driver/srv/DeleteSequence.js, /root/ros_ws/devel/share/gennodejs/ros/kortex_driver/srv/DeleteSequence.js)
Linked: (/root/ros_ws/devel/.private/kortex_driver/share/gennodejs/ros/kortex_driver/srv/GetDeviceType.js, /root/ros_ws/devel/share/gennodejs/ros/kortex_driver/srv/GetDeviceType.js)
Linked: (/root/ros_ws/devel/.private/kortex_driver/share/gennodejs/ros/kortex_driver/srv/SetOperatingMode.js, /root/ros_ws/devel/share/gennodejs/ros/kortex_driver/srv/SetOperatingMode.js)
Linked: (/root/ros_ws/devel/.private/kortex_driver/share/gennodejs/ros/kortex_driver/srv/ComputeInverseKinematics.js, /root/ros_ws/devel/share/gennodejs/ros/kortex_driver/srv/ComputeInverseKinematics.js)
Linked: (/root/ros_ws/devel/.private/kortex_driver/share/gennodejs/ros/kortex_driver/srv/GetAllJointsSpeedSoftLimitation.js, /root/ros_ws/devel/share/gennodejs/ros/kortex_driver/srv/GetAllJointsSpeedSoftLimitation.js)
Linked: (/root/ros_ws/devel/.private/kortex_driver/share/gennodejs/ros/kortex_driver/srv/ReadAllUsers.js, /root/ros_ws/devel/share/gennodejs/ros/kortex_driver/srv/ReadAllUsers.js)
Linked: (/root/ros_ws/devel/.private/kortex_driver/share/gennodejs/ros/kortex_driver/srv/SetJointSpeedSoftLimits.js, /root/ros_ws/devel/share/gennodejs/ros/kortex_driver/srv/SetJointSpeedSoftLimits.js)
Linked: (/root/ros_ws/devel/.private/kortex_driver/share/gennodejs/ros/kortex_driver/srv/DeleteAllSequenceTasks.js, /root/ros_ws/devel/share/gennodejs/ros/kortex_driver/srv/DeleteAllSequenceTasks.js)
Linked: (/root/ros_ws/devel/.private/kortex_driver/share/gennodejs/ros/kortex_driver/srv/ResumeSequence.js, /root/ros_ws/devel/share/gennodejs/ros/kortex_driver/srv/ResumeSequence.js)
Linked: (/root/ros_ws/devel/.private/kortex_driver/share/gennodejs/ros/kortex_driver/srv/ResetToolConfiguration.js, /root/ros_ws/devel/share/gennodejs/ros/kortex_driver/srv/ResetToolConfiguration.js)
Linked: (/root/ros_ws/devel/.private/kortex_driver/share/gennodejs/ros/kortex_driver/srv/SetSafetyWarningThreshold.js, /root/ros_ws/devel/share/gennodejs/ros/kortex_driver/srv/SetSafetyWarningThreshold.js)
Linked: (/root/ros_ws/devel/.private/kortex_driver/share/gennodejs/ros/kortex_driver/srv/OnNotificationMappingInfoTopic.js, /root/ros_ws/devel/share/gennodejs/ros/kortex_driver/srv/OnNotificationMappingInfoTopic.js)
Linked: (/root/ros_ws/devel/.private/kortex_driver/share/gennodejs/ros/kortex_driver/srv/GetWrenchSoftLimitation.js, /root/ros_ws/devel/share/gennodejs/ros/kortex_driver/srv/GetWrenchSoftLimitation.js)
Linked: (/root/ros_ws/devel/.private/kortex_driver/share/gennodejs/ros/kortex_driver/srv/OnNotificationSequenceInfoTopic.js, /root/ros_ws/devel/share/gennodejs/ros/kortex_driver/srv/OnNotificationSequenceInfoTopic.js)
Linked: (/root/ros_ws/devel/.private/kortex_driver/share/gennodejs/ros/kortex_driver/srv/StartWifiScan.js, /root/ros_ws/devel/share/gennodejs/ros/kortex_driver/srv/StartWifiScan.js)
Linked: (/root/ros_ws/devel/.private/kortex_driver/share/gennodejs/ros/kortex_driver/srv/GetGPIOConfiguration.js, /root/ros_ws/devel/share/gennodejs/ros/kortex_driver/srv/GetGPIOConfiguration.js)
Linked: (/root/ros_ws/devel/.private/kortex_driver/share/gennodejs/ros/kortex_driver/srv/SendGripperCommand.js, /root/ros_ws/devel/share/gennodejs/ros/kortex_driver/srv/SendGripperCommand.js)
Linked: (/root/ros_ws/devel/.private/kortex_driver/share/gennodejs/ros/kortex_driver/srv/GetAllSafetyConfiguration.js, /root/ros_ws/devel/share/gennodejs/ros/kortex_driver/srv/GetAllSafetyConfiguration.js)
Linked: (/root/ros_ws/devel/.private/kortex_driver/share/gennodejs/ros/kortex_driver/srv/GetTrajectoryErrorReport.js, /root/ros_ws/devel/share/gennodejs/ros/kortex_driver/srv/GetTrajectoryErrorReport.js)
Linked: (/root/ros_ws/devel/.private/kortex_driver/share/gennodejs/ros/kortex_driver/srv/GetMACAddress.js, /root/ros_ws/devel/share/gennodejs/ros/kortex_driver/srv/GetMACAddress.js)
Linked: (/root/ros_ws/devel/.private/kortex_driver/share/gennodejs/ros/kortex_driver/srv/ReadAllProtectionZones.js, /root/ros_ws/devel/share/gennodejs/ros/kortex_driver/srv/ReadAllProtectionZones.js)
Linked: (/root/ros_ws/devel/.private/kortex_driver/share/gennodejs/ros/kortex_driver/srv/GetProductConfiguration.js, /root/ros_ws/devel/share/gennodejs/ros/kortex_driver/srv/GetProductConfiguration.js)
Linked: (/root/ros_ws/devel/.private/kortex_driver/share/gennodejs/ros/kortex_driver/srv/PlaySequence.js, /root/ros_ws/devel/share/gennodejs/ros/kortex_driver/srv/PlaySequence.js)
Linked: (/root/ros_ws/devel/.private/kortex_driver/share/gennodejs/ros/kortex_driver/srv/ControlConfig_GetControlMode.js, /root/ros_ws/devel/share/gennodejs/ros/kortex_driver/srv/ControlConfig_GetControlMode.js)
Linked: (/root/ros_ws/devel/.private/kortex_driver/share/gennodejs/ros/kortex_driver/srv/GetAllJointsSpeedHardLimitation.js, /root/ros_ws/devel/share/gennodejs/ros/kortex_driver/srv/GetAllJointsSpeedHardLimitation.js)
Linked: (/root/ros_ws/devel/.private/kortex_driver/share/gennodejs/ros/kortex_driver/srv/ValidateWaypointList.js, /root/ros_ws/devel/share/gennodejs/ros/kortex_driver/srv/ValidateWaypointList.js)
Linked: (/root/ros_ws/devel/.private/kortex_driver/share/gennodejs/ros/kortex_driver/srv/ReadSequenceTask.js, /root/ros_ws/devel/share/gennodejs/ros/kortex_driver/srv/ReadSequenceTask.js)
Linked: (/root/ros_ws/devel/.private/kortex_driver/share/gennodejs/ros/kortex_driver/srv/RestoreFactorySettings.js, /root/ros_ws/devel/share/gennodejs/ros/kortex_driver/srv/RestoreFactorySettings.js)
Linked: (/root/ros_ws/devel/.private/kortex_driver/share/gennodejs/ros/kortex_driver/srv/GetServoingMode.js, /root/ros_ws/devel/share/gennodejs/ros/kortex_driver/srv/GetServoingMode.js)
Linked: (/root/ros_ws/devel/.private/kortex_driver/share/gennodejs/ros/kortex_driver/srv/GetArmState.js, /root/ros_ws/devel/share/gennodejs/ros/kortex_driver/srv/GetArmState.js)
Linked: (/root/ros_ws/devel/.private/kortex_driver/share/gennodejs/ros/kortex_driver/srv/SetEthernetConfiguration.js, /root/ros_ws/devel/share/gennodejs/ros/kortex_driver/srv/SetEthernetConfiguration.js)
Linked: (/root/ros_ws/devel/.private/kortex_driver/share/gennodejs/ros/kortex_driver/srv/ReadAllMappings.js, /root/ros_ws/devel/share/gennodejs/ros/kortex_driver/srv/ReadAllMappings.js)
Linked: (/root/ros_ws/devel/.private/kortex_driver/share/gennodejs/ros/kortex_driver/srv/GetTorqueOffset.js, /root/ros_ws/devel/share/gennodejs/ros/kortex_driver/srv/GetTorqueOffset.js)
Linked: (/root/ros_ws/devel/.private/kortex_driver/share/gennodejs/ros/kortex_driver/srv/GetSafetyEnable.js, /root/ros_ws/devel/share/gennodejs/ros/kortex_driver/srv/GetSafetyEnable.js)
Linked: (/root/ros_ws/devel/.private/kortex_driver/share/gennodejs/ros/kortex_driver/srv/GetActuatorCount.js, /root/ros_ws/devel/share/gennodejs/ros/kortex_driver/srv/GetActuatorCount.js)
Linked: (/root/ros_ws/devel/.private/kortex_driver/share/gennodejs/ros/kortex_driver/srv/GetSafetyConfiguration.js, /root/ros_ws/devel/share/gennodejs/ros/kortex_driver/srv/GetSafetyConfiguration.js)
Linked: (/root/ros_ws/devel/.private/kortex_driver/share/gennodejs/ros/kortex_driver/srv/IsCommunicationInterfaceEnable.js, /root/ros_ws/devel/share/gennodejs/ros/kortex_driver/srv/IsCommunicationInterfaceEnable.js)
Linked: (/root/ros_ws/devel/.private/kortex_driver/share/gennodejs/ros/kortex_driver/srv/OnNotificationFactoryTopic.js, /root/ros_ws/devel/share/gennodejs/ros/kortex_driver/srv/OnNotificationFactoryTopic.js)
Linked: (/root/ros_ws/devel/.private/kortex_driver/share/gennodejs/ros/kortex_driver/srv/CreateMap.js, /root/ros_ws/devel/share/gennodejs/ros/kortex_driver/srv/CreateMap.js)
Linked: (/root/ros_ws/devel/.private/kortex_driver/share/gennodejs/ros/kortex_driver/srv/I2CWrite.js, /root/ros_ws/devel/share/gennodejs/ros/kortex_driver/srv/I2CWrite.js)
Linked: (/root/ros_ws/devel/.private/kortex_driver/share/gennodejs/ros/kortex_driver/srv/ReadAction.js, /root/ros_ws/devel/share/gennodejs/ros/kortex_driver/srv/ReadAction.js)
Linked: (/root/ros_ws/devel/.private/kortex_driver/share/gennodejs/ros/kortex_driver/srv/GetModelNumber.js, /root/ros_ws/devel/share/gennodejs/ros/kortex_driver/srv/GetModelNumber.js)
Linked: (/root/ros_ws/devel/.private/kortex_driver/share/gennodejs/ros/kortex_driver/srv/SetSensorSettings.js, /root/ros_ws/devel/share/gennodejs/ros/kortex_driver/srv/SetSensorSettings.js)
Linked: (/root/ros_ws/devel/.private/kortex_driver/share/gennodejs/ros/kortex_driver/srv/OnNotificationServoingModeTopic.js, /root/ros_ws/devel/share/gennodejs/ros/kortex_driver/srv/OnNotificationServoingModeTopic.js)
Linked: (/root/ros_ws/devel/.private/kortex_driver/share/gennodejs/ros/kortex_driver/srv/ChangePassword.js, /root/ros_ws/devel/share/gennodejs/ros/kortex_driver/srv/ChangePassword.js)
Linked: (/root/ros_ws/devel/.private/kortex_driver/share/gennodejs/ros/kortex_driver/srv/SetBluetoothEnableState.js, /root/ros_ws/devel/share/gennodejs/ros/kortex_driver/srv/SetBluetoothEnableState.js)
Linked: (/root/ros_ws/devel/.private/kortex_driver/share/gennodejs/ros/kortex_driver/srv/GetControllerConfigurationMode.js, /root/ros_ws/devel/share/gennodejs/ros/kortex_driver/srv/GetControllerConfigurationMode.js)
Linked: (/root/ros_ws/devel/.private/kortex_driver/share/gennodejs/ros/kortex_driver/srv/SelectCustomData.js, /root/ros_ws/devel/share/gennodejs/ros/kortex_driver/srv/SelectCustomData.js)
Linked: (/root/ros_ws/devel/.private/kortex_driver/share/gennodejs/ros/kortex_driver/srv/SetAxisOffsets.js, /root/ros_ws/devel/share/gennodejs/ros/kortex_driver/srv/SetAxisOffsets.js)
Linked: (/root/ros_ws/devel/.private/kortex_driver/share/gennodejs/ros/kortex_driver/srv/ResetTwistLinearSoftLimit.js, /root/ros_ws/devel/share/gennodejs/ros/kortex_driver/srv/ResetTwistLinearSoftLimit.js)
Linked: (/root/ros_ws/devel/.private/kortex_driver/share/gennodejs/ros/kortex_driver/srv/Base_ClearFaults.js, /root/ros_ws/devel/share/gennodejs/ros/kortex_driver/srv/Base_ClearFaults.js)
Linked: (/root/ros_ws/devel/.private/kortex_driver/share/gennodejs/ros/kortex_driver/srv/SendTwistCommand.js, /root/ros_ws/devel/share/gennodejs/ros/kortex_driver/srv/SendTwistCommand.js)
Linked: (/root/ros_ws/devel/.private/kortex_driver/share/gennodejs/ros/kortex_driver/srv/DeleteMap.js, /root/ros_ws/devel/share/gennodejs/ros/kortex_driver/srv/DeleteMap.js)
Linked: (/root/ros_ws/devel/.private/kortex_driver/share/gennodejs/ros/kortex_driver/srv/SetControlLoopParameters.js, /root/ros_ws/devel/share/gennodejs/ros/kortex_driver/srv/SetControlLoopParameters.js)
Linked: (/root/ros_ws/devel/.private/kortex_driver/share/gennodejs/ros/kortex_driver/srv/DeleteAction.js, /root/ros_ws/devel/share/gennodejs/ros/kortex_driver/srv/DeleteAction.js)
Linked: (/root/ros_ws/devel/.private/kortex_driver/share/gennodejs/ros/kortex_driver/srv/ResumeAction.js, /root/ros_ws/devel/share/gennodejs/ros/kortex_driver/srv/ResumeAction.js)
Linked: (/root/ros_ws/devel/.private/kortex_driver/share/gennodejs/ros/kortex_driver/srv/GetConnectedWifiInformation.js, /root/ros_ws/devel/share/gennodejs/ros/kortex_driver/srv/GetConnectedWifiInformation.js)
Linked: (/root/ros_ws/devel/.private/kortex_driver/share/gennodejs/ros/kortex_driver/srv/OnNotificationVisionTopic.js, /root/ros_ws/devel/share/gennodejs/ros/kortex_driver/srv/OnNotificationVisionTopic.js)
Linked: (/root/ros_ws/devel/.private/kortex_driver/share/gennodejs/ros/kortex_driver/srv/CreateAction.js, /root/ros_ws/devel/share/gennodejs/ros/kortex_driver/srv/CreateAction.js)
Linked: (/root/ros_ws/devel/.private/kortex_driver/share/gennodejs/ros/kortex_driver/srv/ReadAllSequences.js, /root/ros_ws/devel/share/gennodejs/ros/kortex_driver/srv/ReadAllSequences.js)
Linked: (/root/ros_ws/devel/.private/kortex_driver/share/gennodejs/ros/kortex_driver/srv/OnNotificationControlConfigurationTopic.js, /root/ros_ws/devel/share/gennodejs/ros/kortex_driver/srv/OnNotificationControlConfigurationTopic.js)
Linked: (/root/ros_ws/devel/.private/kortex_driver/share/gennodejs/ros/kortex_driver/srv/Base_OnNotificationControlModeTopic.js, /root/ros_ws/devel/share/gennodejs/ros/kortex_driver/srv/Base_OnNotificationControlModeTopic.js)
Linked: (/root/ros_ws/devel/.private/kortex_driver/share/gennodejs/ros/kortex_driver/srv/GetSerialNumber.js, /root/ros_ws/devel/share/gennodejs/ros/kortex_driver/srv/GetSerialNumber.js)
Linked: (/root/ros_ws/devel/.private/kortex_driver/share/gennodejs/ros/kortex_driver/srv/SendTwistJoystickCommand.js, /root/ros_ws/devel/share/gennodejs/ros/kortex_driver/srv/SendTwistJoystickCommand.js)
Linked: (/root/ros_ws/devel/.private/kortex_driver/share/gennodejs/ros/kortex_driver/srv/Base_SetCapSenseConfig.js, /root/ros_ws/devel/share/gennodejs/ros/kortex_driver/srv/Base_SetCapSenseConfig.js)
Linked: (/root/ros_ws/devel/.private/kortex_driver/share/gennodejs/ros/kortex_driver/srv/GetSafetyStatus.js, /root/ros_ws/devel/share/gennodejs/ros/kortex_driver/srv/GetSafetyStatus.js)
Linked: (/root/ros_ws/devel/.private/kortex_driver/share/gennodejs/ros/kortex_driver/srv/SetExtrinsicParameters.js, /root/ros_ws/devel/share/gennodejs/ros/kortex_driver/srv/SetExtrinsicParameters.js)
Linked: (/root/ros_ws/devel/.private/kortex_driver/share/gennodejs/ros/kortex_driver/srv/SetTwistLinearSoftLimit.js, /root/ros_ws/devel/share/gennodejs/ros/kortex_driver/srv/SetTwistLinearSoftLimit.js)
Linked: (/root/ros_ws/devel/.private/kortex_driver/share/gennodejs/ros/kortex_driver/srv/UpdateUserProfile.js, /root/ros_ws/devel/share/gennodejs/ros/kortex_driver/srv/UpdateUserProfile.js)
Linked: (/root/ros_ws/devel/.private/kortex_driver/share/gennodejs/ros/kortex_driver/srv/OnNotificationSafetyTopic.js, /root/ros_ws/devel/share/gennodejs/ros/kortex_driver/srv/OnNotificationSafetyTopic.js)
Linked: (/root/ros_ws/devel/.private/kortex_driver/share/gennodejs/ros/kortex_driver/srv/SetUARTConfiguration.js, /root/ros_ws/devel/share/gennodejs/ros/kortex_driver/srv/SetUARTConfiguration.js)
Linked: (/root/ros_ws/devel/.private/kortex_driver/share/gennodejs/ros/kortex_driver/srv/ExecuteCalibration.js, /root/ros_ws/devel/share/gennodejs/ros/kortex_driver/srv/ExecuteCalibration.js)
Linked: (/root/ros_ws/devel/.private/kortex_driver/share/gennodejs/ros/kortex_driver/srv/GetI2CConfiguration.js, /root/ros_ws/devel/share/gennodejs/ros/kortex_driver/srv/GetI2CConfiguration.js)
Linked: (/root/ros_ws/devel/.private/kortex_driver/share/gennodejs/ros/kortex_driver/srv/ReadAllDevices.js, /root/ros_ws/devel/share/gennodejs/ros/kortex_driver/srv/ReadAllDevices.js)
Linked: (/root/ros_ws/devel/.private/kortex_driver/share/gennodejs/ros/kortex_driver/srv/MoveSequenceTask.js, /root/ros_ws/devel/share/gennodejs/ros/kortex_driver/srv/MoveSequenceTask.js)
Linked: (/root/ros_ws/devel/.private/kortex_driver/share/gennodejs/ros/kortex_driver/srv/GetPayloadInformation.js, /root/ros_ws/devel/share/gennodejs/ros/kortex_driver/srv/GetPayloadInformation.js)
Linked: (/root/ros_ws/devel/.private/kortex_driver/share/gennodejs/ros/kortex_driver/srv/DeleteMapping.js, /root/ros_ws/devel/share/gennodejs/ros/kortex_driver/srv/DeleteMapping.js)
Linked: (/root/ros_ws/devel/.private/kortex_driver/share/gennodejs/ros/kortex_driver/srv/EnableBridge.js, /root/ros_ws/devel/share/gennodejs/ros/kortex_driver/srv/EnableBridge.js)
Linked: (/root/ros_ws/devel/.private/kortex_driver/share/gennodejs/ros/kortex_driver/srv/ExecuteWaypointTrajectory.js, /root/ros_ws/devel/share/gennodejs/ros/kortex_driver/srv/ExecuteWaypointTrajectory.js)
Linked: (/root/ros_ws/devel/.private/kortex_driver/share/gennodejs/ros/kortex_driver/srv/CreateUserProfile.js, /root/ros_ws/devel/share/gennodejs/ros/kortex_driver/srv/CreateUserProfile.js)
Linked: (/root/ros_ws/devel/.private/kortex_driver/share/gennodejs/ros/kortex_driver/srv/PlaySelectedJointTrajectory.js, /root/ros_ws/devel/share/gennodejs/ros/kortex_driver/srv/PlaySelectedJointTrajectory.js)
Linked: (/root/ros_ws/devel/.private/kortex_driver/share/gennodejs/ros/kortex_driver/srv/ResetSafetyDefaults.js, /root/ros_ws/devel/share/gennodejs/ros/kortex_driver/srv/ResetSafetyDefaults.js)
Linked: (/root/ros_ws/devel/.private/kortex_driver/share/gennodejs/ros/kortex_driver/srv/SendSelectedJointSpeedCommand.js, /root/ros_ws/devel/share/gennodejs/ros/kortex_driver/srv/SendSelectedJointSpeedCommand.js)
Linked: (/root/ros_ws/devel/.private/kortex_driver/share/gennodejs/ros/kortex_driver/srv/ResetJointAccelerationSoftLimits.js, /root/ros_ws/devel/share/gennodejs/ros/kortex_driver/srv/ResetJointAccelerationSoftLimits.js)
Linked: (/root/ros_ws/devel/.private/kortex_driver/share/gennodejs/ros/kortex_driver/srv/OnNotificationControllerTopic.js, /root/ros_ws/devel/share/gennodejs/ros/kortex_driver/srv/OnNotificationControllerTopic.js)
Linked: (/root/ros_ws/devel/.private/kortex_driver/share/gennodejs/ros/kortex_driver/srv/GetMeasuredGripperMovement.js, /root/ros_ws/devel/share/gennodejs/ros/kortex_driver/srv/GetMeasuredGripperMovement.js)
Linked: (/root/ros_ws/devel/.private/kortex_driver/share/gennodejs/ros/kortex_driver/srv/GetDesiredSpeeds.js, /root/ros_ws/devel/share/gennodejs/ros/kortex_driver/srv/GetDesiredSpeeds.js)
Linked: (/root/ros_ws/devel/.private/kortex_driver/share/gennodejs/ros/kortex_driver/srv/GetServoing.js, /root/ros_ws/devel/share/gennodejs/ros/kortex_driver/srv/GetServoing.js)
Linked: (/root/ros_ws/devel/.private/kortex_driver/share/gennodejs/ros/kortex_driver/srv/SetControlMode.js, /root/ros_ws/devel/share/gennodejs/ros/kortex_driver/srv/SetControlMode.js)
Linked: (/root/ros_ws/devel/.private/kortex_driver/share/gennodejs/ros/kortex_driver/srv/DeleteUserProfile.js, /root/ros_ws/devel/share/gennodejs/ros/kortex_driver/srv/DeleteUserProfile.js)
Linked: (/root/ros_ws/devel/.private/kortex_driver/share/gennodejs/ros/kortex_driver/srv/ConnectWifi.js, /root/ros_ws/devel/share/gennodejs/ros/kortex_driver/srv/ConnectWifi.js)
Linked: (/root/ros_ws/devel/.private/kortex_driver/share/gennodejs/ros/kortex_driver/srv/GetPartNumberRevision.js, /root/ros_ws/devel/share/gennodejs/ros/kortex_driver/srv/GetPartNumberRevision.js)
Linked: (/root/ros_ws/devel/.private/kortex_driver/share/gennodejs/ros/kortex_driver/srv/ClearAllSafetyStatus.js, /root/ros_ws/devel/share/gennodejs/ros/kortex_driver/srv/ClearAllSafetyStatus.js)
Linked: (/root/ros_ws/devel/.private/kortex_driver/share/gennodejs/ros/kortex_driver/srv/UpdateMapping.js, /root/ros_ws/devel/share/gennodejs/ros/kortex_driver/srv/UpdateMapping.js)
Linked: (/root/ros_ws/devel/.private/kortex_driver/share/gennodejs/ros/kortex_driver/srv/OnNotificationOperatingModeTopic.js, /root/ros_ws/devel/share/gennodejs/ros/kortex_driver/srv/OnNotificationOperatingModeTopic.js)
Linked: (/root/ros_ws/devel/.private/kortex_driver/share/gennodejs/ros/kortex_driver/srv/GetKinematicSoftLimits.js, /root/ros_ws/devel/share/gennodejs/ros/kortex_driver/srv/GetKinematicSoftLimits.js)
Linked: (/root/ros_ws/devel/.private/kortex_driver/share/gennodejs/ros/kortex_driver/srv/SetDeviceID.js, /root/ros_ws/devel/share/gennodejs/ros/kortex_driver/srv/SetDeviceID.js)
Linked: (/root/ros_ws/devel/.private/kortex_driver/share/gennodejs/ros/kortex_driver/srv/GetOperatingMode.js, /root/ros_ws/devel/share/gennodejs/ros/kortex_driver/srv/GetOperatingMode.js)
Linked: (/root/ros_ws/devel/.private/kortex_driver/share/gennodejs/ros/kortex_driver/srv/UpdateProtectionZone.js, /root/ros_ws/devel/share/gennodejs/ros/kortex_driver/srv/UpdateProtectionZone.js)
Linked: (/root/ros_ws/devel/.private/kortex_driver/share/gennodejs/ros/kortex_driver/srv/SetIntrinsicParameters.js, /root/ros_ws/devel/share/gennodejs/ros/kortex_driver/srv/SetIntrinsicParameters.js)
Linked: (/root/ros_ws/devel/.private/kortex_driver/share/gennodejs/ros/kortex_driver/srv/GetIPv4Information.js, /root/ros_ws/devel/share/gennodejs/ros/kortex_driver/srv/GetIPv4Information.js)
Linked: (/root/ros_ws/devel/.private/kortex_driver/share/gennodejs/ros/kortex_driver/srv/GetAllJointsTorqueSoftLimitation.js, /root/ros_ws/devel/share/gennodejs/ros/kortex_driver/srv/GetAllJointsTorqueSoftLimitation.js)
Linked: (/root/ros_ws/devel/.private/kortex_driver/share/gennodejs/ros/kortex_driver/srv/CreateMapping.js, /root/ros_ws/devel/share/gennodejs/ros/kortex_driver/srv/CreateMapping.js)
Linked: (/root/ros_ws/devel/.private/kortex_driver/share/gennodejs/ros/kortex_driver/srv/SetTorqueOffset.js, /root/ros_ws/devel/share/gennodejs/ros/kortex_driver/srv/SetTorqueOffset.js)
Linked: (/root/ros_ws/devel/.private/kortex_driver/share/gennodejs/ros/kortex_driver/srv/GetMeasuredJointAngles.js, /root/ros_ws/devel/share/gennodejs/ros/kortex_driver/srv/GetMeasuredJointAngles.js)
Linked: (/root/ros_ws/devel/.private/kortex_driver/share/gennodejs/ros/kortex_driver/srv/SetJointAccelerationSoftLimits.js, /root/ros_ws/devel/share/gennodejs/ros/kortex_driver/srv/SetJointAccelerationSoftLimits.js)
Linked: (/root/ros_ws/devel/.private/kortex_driver/share/gennodejs/ros/kortex_driver/srv/GetRunMode.js, /root/ros_ws/devel/share/gennodejs/ros/kortex_driver/srv/GetRunMode.js)
Linked: (/root/ros_ws/devel/.private/kortex_driver/share/gennodejs/ros/kortex_driver/srv/StartTeaching.js, /root/ros_ws/devel/share/gennodejs/ros/kortex_driver/srv/StartTeaching.js)
Linked: (/root/ros_ws/devel/.private/kortex_driver/share/gennodejs/ros/kortex_driver/srv/OnNotificationConfigurationChangeTopic.js, /root/ros_ws/devel/share/gennodejs/ros/kortex_driver/srv/OnNotificationConfigurationChangeTopic.js)
Linked: (/root/ros_ws/devel/.private/kortex_driver/share/gennodejs/ros/kortex_driver/srv/GetMeasuredCartesianPose.js, /root/ros_ws/devel/share/gennodejs/ros/kortex_driver/srv/GetMeasuredCartesianPose.js)
Linked: (/root/ros_ws/devel/.private/kortex_driver/share/gennodejs/ros/kortex_driver/srv/GetAllSafetyInformation.js, /root/ros_ws/devel/share/gennodejs/ros/kortex_driver/srv/GetAllSafetyInformation.js)
Linked: (/root/ros_ws/devel/.private/kortex_driver/share/gennodejs/ros/kortex_driver/srv/GetExtrinsicParameters.js, /root/ros_ws/devel/share/gennodejs/ros/kortex_driver/srv/GetExtrinsicParameters.js)
Linked: (/root/ros_ws/devel/.private/kortex_driver/share/gennodejs/ros/kortex_driver/srv/PlayPreComputedJointTrajectory.js, /root/ros_ws/devel/share/gennodejs/ros/kortex_driver/srv/PlayPreComputedJointTrajectory.js)
Linked: (/root/ros_ws/devel/.private/kortex_driver/share/gennodejs/ros/kortex_driver/srv/ReadAllActions.js, /root/ros_ws/devel/share/gennodejs/ros/kortex_driver/srv/ReadAllActions.js)
Linked: (/root/ros_ws/devel/.private/kortex_driver/share/gennodejs/ros/kortex_driver/srv/DuplicateMap.js, /root/ros_ws/devel/share/gennodejs/ros/kortex_driver/srv/DuplicateMap.js)
Linked: (/root/ros_ws/devel/.private/kortex_driver/share/gennodejs/ros/kortex_driver/srv/ReadSequence.js, /root/ros_ws/devel/share/gennodejs/ros/kortex_driver/srv/ReadSequence.js)
Linked: (/root/ros_ws/devel/.private/kortex_driver/share/gennodejs/ros/kortex_driver/srv/Base_GetControlMode.js, /root/ros_ws/devel/share/gennodejs/ros/kortex_driver/srv/Base_GetControlMode.js)
Linked: (/root/ros_ws/devel/.private/kortex_driver/share/gennodejs/ros/kortex_driver/srv/GetSensorSettings.js, /root/ros_ws/devel/share/gennodejs/ros/kortex_driver/srv/GetSensorSettings.js)
Linked: (/root/ros_ws/devel/.private/kortex_driver/share/gennodejs/ros/kortex_driver/srv/StopCalibration.js, /root/ros_ws/devel/share/gennodejs/ros/kortex_driver/srv/StopCalibration.js)
Linked: (/root/ros_ws/devel/.private/kortex_driver/share/gennodejs/ros/kortex_driver/srv/DisableBridge.js, /root/ros_ws/devel/share/gennodejs/ros/kortex_driver/srv/DisableBridge.js)
Linked: (/root/ros_ws/devel/.private/kortex_driver/share/gennodejs/ros/kortex_driver/srv/SetCartesianReferenceFrame.js, /root/ros_ws/devel/share/gennodejs/ros/kortex_driver/srv/SetCartesianReferenceFrame.js)
Linked: (/root/ros_ws/devel/.private/kortex_driver/share/gennodejs/ros/kortex_driver/srv/GetToolConfiguration.js, /root/ros_ws/devel/share/gennodejs/ros/kortex_driver/srv/GetToolConfiguration.js)
Linked: (/root/ros_ws/devel/.private/kortex_driver/share/gennodejs/ros/kortex_driver/srv/PlayCartesianTrajectoryOrientation.js, /root/ros_ws/devel/share/gennodejs/ros/kortex_driver/srv/PlayCartesianTrajectoryOrientation.js)
Linked: (/root/ros_ws/devel/.private/kortex_driver/share/gennodejs/ros/kortex_driver/srv/GetAllControllerConfigurations.js, /root/ros_ws/devel/share/gennodejs/ros/kortex_driver/srv/GetAllControllerConfigurations.js)
Linked: (/root/ros_ws/devel/.private/kortex_driver/share/gennodejs/ros/kortex_driver/srv/GetOptionInformation.js, /root/ros_ws/devel/share/gennodejs/ros/kortex_driver/srv/GetOptionInformation.js)
Linked: (/root/ros_ws/devel/.private/kortex_driver/share/gennodejs/ros/kortex_driver/srv/SetIPv4Settings.js, /root/ros_ws/devel/share/gennodejs/ros/kortex_driver/srv/SetIPv4Settings.js)
Linked: (/root/ros_ws/devel/.private/kortex_driver/share/gennodejs/ros/kortex_driver/srv/GetCommandMode.js, /root/ros_ws/devel/share/gennodejs/ros/kortex_driver/srv/GetCommandMode.js)
Linked: (/root/ros_ws/devel/.private/kortex_driver/share/gennodejs/ros/kortex_driver/srv/_index.js, /root/ros_ws/devel/share/gennodejs/ros/kortex_driver/srv/_index.js)
Linked: (/root/ros_ws/devel/.private/kortex_driver/share/gennodejs/ros/kortex_driver/srv/UpdateMap.js, /root/ros_ws/devel/share/gennodejs/ros/kortex_driver/srv/UpdateMap.js)
Linked: (/root/ros_ws/devel/.private/kortex_driver/share/gennodejs/ros/kortex_driver/srv/CreateProtectionZone.js, /root/ros_ws/devel/share/gennodejs/ros/kortex_driver/srv/CreateProtectionZone.js)
Linked: (/root/ros_ws/devel/.private/kortex_driver/share/gennodejs/ros/kortex_driver/srv/OnNotificationProtectionZoneTopic.js, /root/ros_ws/devel/share/gennodejs/ros/kortex_driver/srv/OnNotificationProtectionZoneTopic.js)
Linked: (/root/ros_ws/devel/.private/kortex_driver/share/gennodejs/ros/kortex_driver/srv/SetGPIOState.js, /root/ros_ws/devel/share/gennodejs/ros/kortex_driver/srv/SetGPIOState.js)
Linked: (/root/ros_ws/devel/.private/kortex_driver/share/gennodejs/ros/kortex_driver/srv/DuplicateMapping.js, /root/ros_ws/devel/share/gennodejs/ros/kortex_driver/srv/DuplicateMapping.js)
Linked: (/root/ros_ws/devel/.private/kortex_driver/share/gennodejs/ros/kortex_driver/srv/GetControlLoopParameters.js, /root/ros_ws/devel/share/gennodejs/ros/kortex_driver/srv/GetControlLoopParameters.js)
Linked: (/root/ros_ws/devel/.private/kortex_driver/share/gennodejs/ros/kortex_driver/srv/GetSelectedCustomData.js, /root/ros_ws/devel/share/gennodejs/ros/kortex_driver/srv/GetSelectedCustomData.js)
Linked: (/root/ros_ws/devel/.private/kortex_driver/share/gennodejs/ros/kortex_driver/srv/SetDesiredLinearTwist.js, /root/ros_ws/devel/share/gennodejs/ros/kortex_driver/srv/SetDesiredLinearTwist.js)
Linked: (/root/ros_ws/devel/.private/kortex_driver/share/gennodejs/ros/kortex_driver/srv/ActivateMap.js, /root/ros_ws/devel/share/gennodejs/ros/kortex_driver/srv/ActivateMap.js)
Linked: (/root/ros_ws/devel/.private/kortex_driver/share/gennodejs/ros/kortex_driver/srv/SendWrenchJoystickCommand.js, /root/ros_ws/devel/share/gennodejs/ros/kortex_driver/srv/SendWrenchJoystickCommand.js)
Linked: (/root/ros_ws/devel/.private/kortex_driver/share/gennodejs/ros/kortex_driver/srv/OnNotificationUserTopic.js, /root/ros_ws/devel/share/gennodejs/ros/kortex_driver/srv/OnNotificationUserTopic.js)
Linked: (/root/ros_ws/devel/.private/kortex_driver/share/gennodejs/ros/kortex_driver/srv/GetTwistSoftLimitation.js, /root/ros_ws/devel/share/gennodejs/ros/kortex_driver/srv/GetTwistSoftLimitation.js)
Linked: (/root/ros_ws/devel/.private/kortex_driver/share/gennodejs/ros/kortex_driver/srv/UpdateSequence.js, /root/ros_ws/devel/share/gennodejs/ros/kortex_driver/srv/UpdateSequence.js)
Linked: (/root/ros_ws/devel/.private/kortex_driver/share/gennodejs/ros/kortex_driver/srv/SetWifiCountryCode.js, /root/ros_ws/devel/share/gennodejs/ros/kortex_driver/srv/SetWifiCountryCode.js)
Linked: (/root/ros_ws/devel/.private/kortex_driver/share/gennodejs/ros/kortex_driver/srv/Stop.js, /root/ros_ws/devel/share/gennodejs/ros/kortex_driver/srv/Stop.js)
Linked: (/root/ros_ws/devel/.private/kortex_driver/share/gennodejs/ros/kortex_driver/srv/GetSafetyInformation.js, /root/ros_ws/devel/share/gennodejs/ros/kortex_driver/srv/GetSafetyInformation.js)
Linked: (/root/ros_ws/devel/.private/kortex_driver/share/gennodejs/ros/kortex_driver/srv/ActuatorConfig_ClearFaults.js, /root/ros_ws/devel/share/gennodejs/ros/kortex_driver/srv/ActuatorConfig_ClearFaults.js)
Linked: (/root/ros_ws/devel/.private/kortex_driver/share/gennodejs/ros/kortex_driver/srv/ReadMapping.js, /root/ros_ws/devel/share/gennodejs/ros/kortex_driver/srv/ReadMapping.js)
Linked: (/root/ros_ws/devel/.private/kortex_driver/share/gennodejs/ros/kortex_driver/srv/GetControllerConfiguration.js, /root/ros_ws/devel/share/gennodejs/ros/kortex_driver/srv/GetControllerConfiguration.js)
Linked: (/root/ros_ws/devel/.private/kortex_driver/share/gennodejs/ros/kortex_driver/srv/OnNotificationNetworkTopic.js, /root/ros_ws/devel/share/gennodejs/ros/kortex_driver/srv/OnNotificationNetworkTopic.js)
Linked: (/root/ros_ws/devel/.private/kortex_driver/share/gennodejs/ros/kortex_driver/srv/GetAllKinematicSoftLimits.js, /root/ros_ws/devel/share/gennodejs/ros/kortex_driver/srv/GetAllKinematicSoftLimits.js)
Linked: (/root/ros_ws/devel/.private/kortex_driver/share/gennodejs/ros/kortex_driver/srv/SetGravityVector.js, /root/ros_ws/devel/share/gennodejs/ros/kortex_driver/srv/SetGravityVector.js)
Linked: (/root/ros_ws/devel/.private/kortex_driver/share/gennodejs/ros/kortex_driver/srv/GetConfiguredWifi.js, /root/ros_ws/devel/share/gennodejs/ros/kortex_driver/srv/GetConfiguredWifi.js)
Linked: (/root/ros_ws/devel/.private/kortex_driver/share/gennodejs/ros/kortex_driver/srv/GetCalibrationResult.js, /root/ros_ws/devel/share/gennodejs/ros/kortex_driver/srv/GetCalibrationResult.js)
Linked: (/root/ros_ws/devel/.private/kortex_driver/share/gennodejs/ros/kortex_driver/srv/GetAllJointsTorqueHardLimitation.js, /root/ros_ws/devel/share/gennodejs/ros/kortex_driver/srv/GetAllJointsTorqueHardLimitation.js)
Linked: (/root/ros_ws/devel/.private/kortex_driver/share/gennodejs/ros/kortex_driver/srv/GetBluetoothEnableState.js, /root/ros_ws/devel/share/gennodejs/ros/kortex_driver/srv/GetBluetoothEnableState.js)
Linked: (/root/ros_ws/devel/.private/kortex_driver/share/gennodejs/ros/kortex_driver/srv/SetPayloadInformation.js, /root/ros_ws/devel/share/gennodejs/ros/kortex_driver/srv/SetPayloadInformation.js)
Linked: (/root/ros_ws/devel/.private/kortex_driver/share/gennodejs/ros/kortex_driver/srv/ResetPayloadInformation.js, /root/ros_ws/devel/share/gennodejs/ros/kortex_driver/srv/ResetPayloadInformation.js)
Linked: (/root/ros_ws/devel/.private/kortex_driver/share/gennodejs/ros/kortex_driver/srv/GetAllConnectedControllers.js, /root/ros_ws/devel/share/gennodejs/ros/kortex_driver/srv/GetAllConnectedControllers.js)
Linked: (/root/ros_ws/devel/.private/kortex_driver/share/gennodejs/ros/kortex_driver/srv/MoveToPosition.js, /root/ros_ws/devel/share/gennodejs/ros/kortex_driver/srv/MoveToPosition.js)
Linked: (/root/ros_ws/devel/.private/kortex_driver/share/gennodejs/ros/kortex_driver/srv/SetControllerConfigurationMode.js, /root/ros_ws/devel/share/gennodejs/ros/kortex_driver/srv/SetControllerConfigurationMode.js)
Linked: (/root/ros_ws/devel/.private/kortex_driver/share/gennodejs/ros/kortex_driver/srv/SetServoingMode.js, /root/ros_ws/devel/share/gennodejs/ros/kortex_driver/srv/SetServoingMode.js)
Linked: (/root/ros_ws/devel/.private/kortex_driver/share/gennodejs/ros/kortex_driver/srv/PlayJointTrajectory.js, /root/ros_ws/devel/share/gennodejs/ros/kortex_driver/srv/PlayJointTrajectory.js)
Linked: (/root/ros_ws/devel/.private/kortex_driver/share/gennodejs/ros/kortex_driver/srv/OnNotificationRobotEventTopic.js, /root/ros_ws/devel/share/gennodejs/ros/kortex_driver/srv/OnNotificationRobotEventTopic.js)
Linked: (/root/ros_ws/devel/.private/kortex_driver/share/gennodejs/ros/kortex_driver/srv/ReadUserProfile.js, /root/ros_ws/devel/share/gennodejs/ros/kortex_driver/srv/ReadUserProfile.js)
Linked: (/root/ros_ws/devel/.private/kortex_driver/share/gennodejs/ros/kortex_driver/srv/GetWifiInformation.js, /root/ros_ws/devel/share/gennodejs/ros/kortex_driver/srv/GetWifiInformation.js)
Linked: (/root/ros_ws/devel/.private/kortex_driver/share/gennodejs/ros/kortex_driver/srv/CreateSequence.js, /root/ros_ws/devel/share/gennodejs/ros/kortex_driver/srv/CreateSequence.js)
Linked: (/root/ros_ws/devel/.private/kortex_driver/share/gennodejs/ros/kortex_driver/srv/PauseAction.js, /root/ros_ws/devel/share/gennodejs/ros/kortex_driver/srv/PauseAction.js)
Linked: (/root/ros_ws/devel/.private/kortex_driver/share/gennodejs/ros/kortex_driver/srv/SetTwistAngularSoftLimit.js, /root/ros_ws/devel/share/gennodejs/ros/kortex_driver/srv/SetTwistAngularSoftLimit.js)
Linked: (/root/ros_ws/devel/.private/kortex_driver/share/gennodejs/ros/kortex_driver/srv/SetSafetyConfiguration.js, /root/ros_ws/devel/share/gennodejs/ros/kortex_driver/srv/SetSafetyConfiguration.js)
Linked: (/root/ros_ws/devel/.private/kortex_driver/share/gennodejs/ros/kortex_driver/srv/GetCartesianReferenceFrame.js, /root/ros_ws/devel/share/gennodejs/ros/kortex_driver/srv/GetCartesianReferenceFrame.js)
Linked: (/root/ros_ws/devel/.private/kortex_driver/share/gennodejs/ros/kortex_driver/srv/GetKinematicHardLimits.js, /root/ros_ws/devel/share/gennodejs/ros/kortex_driver/srv/GetKinematicHardLimits.js)
Linked: (/root/ros_ws/devel/.private/kortex_driver/share/gennodejs/ros/kortex_driver/srv/PlayCartesianTrajectory.js, /root/ros_ws/devel/share/gennodejs/ros/kortex_driver/srv/PlayCartesianTrajectory.js)
Linked: (/root/ros_ws/devel/.private/kortex_driver/share/gennodejs/ros/kortex_driver/srv/SetI2CConfiguration.js, /root/ros_ws/devel/share/gennodejs/ros/kortex_driver/srv/SetI2CConfiguration.js)
Linked: (/root/ros_ws/devel/.private/kortex_driver/share/gennodejs/ros/kortex_driver/srv/SetRunMode.js, /root/ros_ws/devel/share/gennodejs/ros/kortex_driver/srv/SetRunMode.js)
Linked: (/root/ros_ws/devel/.private/kortex_driver/share/gennodejs/ros/kortex_driver/srv/SetAdmittance.js, /root/ros_ws/devel/share/gennodejs/ros/kortex_driver/srv/SetAdmittance.js)
Linked: (/root/ros_ws/devel/.private/kortex_driver/share/gennodejs/ros/kortex_driver/srv/ReadAllSequenceTasks.js, /root/ros_ws/devel/share/gennodejs/ros/kortex_driver/srv/ReadAllSequenceTasks.js)
Linked: (/root/ros_ws/devel/.private/kortex_driver/share/gennodejs/ros/kortex_driver/srv/GetUARTConfiguration.js, /root/ros_ws/devel/share/gennodejs/ros/kortex_driver/srv/GetUARTConfiguration.js)
Linked: (/root/ros_ws/devel/.private/kortex_driver/share/gennodejs/ros/kortex_driver/srv/StopTeaching.js, /root/ros_ws/devel/share/gennodejs/ros/kortex_driver/srv/StopTeaching.js)
Linked: (/root/ros_ws/devel/.private/kortex_driver/share/gennodejs/ros/kortex_driver/srv/GetFirmwareVersion.js, /root/ros_ws/devel/share/gennodejs/ros/kortex_driver/srv/GetFirmwareVersion.js)
Linked: (/root/ros_ws/devel/.private/kortex_driver/share/gennodejs/ros/kortex_driver/srv/GetPartNumber.js, /root/ros_ws/devel/share/gennodejs/ros/kortex_driver/srv/GetPartNumber.js)
Linked: (/root/ros_ws/devel/.private/kortex_driver/share/gennodejs/ros/kortex_driver/srv/ApplyEmergencyStop.js, /root/ros_ws/devel/share/gennodejs/ros/kortex_driver/srv/ApplyEmergencyStop.js)
Linked: (/root/ros_ws/devel/.private/kortex_driver/share/gennodejs/ros/kortex_driver/srv/ControlConfig_OnNotificationControlModeTopic.js, /root/ros_ws/devel/share/gennodejs/ros/kortex_driver/srv/ControlConfig_OnNotificationControlModeTopic.js)
Linked: (/root/ros_ws/devel/.private/kortex_driver/share/gennodejs/ros/kortex_driver/srv/UpdateEndEffectorTypeConfiguration.js, /root/ros_ws/devel/share/gennodejs/ros/kortex_driver/srv/UpdateEndEffectorTypeConfiguration.js)
Linked: (/root/ros_ws/devel/.private/kortex_driver/share/gennodejs/ros/kortex_driver/srv/GetActivatedControlLoop.js, /root/ros_ws/devel/share/gennodejs/ros/kortex_driver/srv/GetActivatedControlLoop.js)
Linked: (/root/ros_ws/devel/.private/kortex_driver/share/gennodejs/ros/kortex_driver/srv/ControlConfig_Unsubscribe.js, /root/ros_ws/devel/share/gennodejs/ros/kortex_driver/srv/ControlConfig_Unsubscribe.js)
Linked: (/root/ros_ws/devel/.private/kortex_driver/share/gennodejs/ros/kortex_driver/srv/SetOptionValue.js, /root/ros_ws/devel/share/gennodejs/ros/kortex_driver/srv/SetOptionValue.js)
Linked: (/root/ros_ws/devel/.private/kortex_driver/share/gennodejs/ros/kortex_driver/srv/GetBridgeList.js, /root/ros_ws/devel/share/gennodejs/ros/kortex_driver/srv/GetBridgeList.js)
Linked: (/root/ros_ws/devel/.private/kortex_driver/share/gennodejs/ros/kortex_driver/srv/GetBootloaderVersion.js, /root/ros_ws/devel/share/gennodejs/ros/kortex_driver/srv/GetBootloaderVersion.js)
Linked: (/root/ros_ws/devel/.private/kortex_driver/share/gennodejs/ros/kortex_driver/srv/GetTwistHardLimitation.js, /root/ros_ws/devel/share/gennodejs/ros/kortex_driver/srv/GetTwistHardLimitation.js)
Linked: (/root/ros_ws/devel/.private/kortex_driver/share/gennodejs/ros/kortex_driver/srv/ReadAllUserProfiles.js, /root/ros_ws/devel/share/gennodejs/ros/kortex_driver/srv/ReadAllUserProfiles.js)
Linked: (/root/ros_ws/devel/.private/kortex_driver/share/gennodejs/ros/kortex_driver/srv/ResetJointSpeedSoftLimits.js, /root/ros_ws/devel/share/gennodejs/ros/kortex_driver/srv/ResetJointSpeedSoftLimits.js)
Linked: (/root/ros_ws/devel/.private/kortex_driver/share/gennodejs/ros/kortex_driver/srv/SetWifiEnableState.js, /root/ros_ws/devel/share/gennodejs/ros/kortex_driver/srv/SetWifiEnableState.js)
Linked: (/root/ros_ws/devel/.private/kortex_driver/share/gennodejs/ros/kortex_driver/srv/SendJointSpeedsJoystickCommand.js, /root/ros_ws/devel/share/gennodejs/ros/kortex_driver/srv/SendJointSpeedsJoystickCommand.js)
Linked: (/root/ros_ws/devel/.private/kortex_driver/share/gennodejs/ros/kortex_driver/srv/Base_Unsubscribe.js, /root/ros_ws/devel/share/gennodejs/ros/kortex_driver/srv/Base_Unsubscribe.js)
Linked: (/root/ros_ws/devel/.private/kortex_driver/share/gennodejs/ros/kortex_driver/srv/StopSequence.js, /root/ros_ws/devel/share/gennodejs/ros/kortex_driver/srv/StopSequence.js)
Linked: (/root/ros_ws/devel/.private/kortex_driver/share/gennodejs/ros/kortex_driver/srv/SetIPv4Configuration.js, /root/ros_ws/devel/share/gennodejs/ros/kortex_driver/srv/SetIPv4Configuration.js)
Linked: (/root/ros_ws/devel/.private/kortex_driver/share/gennodejs/ros/kortex_driver/srv/GetIntrinsicParametersProfile.js, /root/ros_ws/devel/share/gennodejs/ros/kortex_driver/srv/GetIntrinsicParametersProfile.js)
Linked: (/root/ros_ws/devel/.private/kortex_driver/share/gennodejs/ros/kortex_driver/srv/GetIPv4Configuration.js, /root/ros_ws/devel/share/gennodejs/ros/kortex_driver/srv/GetIPv4Configuration.js)
Linked: (/root/ros_ws/devel/.private/kortex_driver/share/gennodejs/ros/kortex_driver/srv/I2CWriteRegister.js, /root/ros_ws/devel/share/gennodejs/ros/kortex_driver/srv/I2CWriteRegister.js)
Linked: (/root/ros_ws/devel/.private/kortex_driver/share/gennodejs/ros/kortex_driver/srv/GetWrenchHardLimitation.js, /root/ros_ws/devel/share/gennodejs/ros/kortex_driver/srv/GetWrenchHardLimitation.js)
Linked: (/root/ros_ws/devel/.private/kortex_driver/share/gennodejs/ros/kortex_driver/srv/DeleteWifiConfiguration.js, /root/ros_ws/devel/share/gennodejs/ros/kortex_driver/srv/DeleteWifiConfiguration.js)
Linked: (/root/ros_ws/devel/.private/kortex_driver/share/gennodejs/ros/kortex_driver/srv/OnNotificationArmStateTopic.js, /root/ros_ws/devel/share/gennodejs/ros/kortex_driver/srv/OnNotificationArmStateTopic.js)
Linked: (/root/ros_ws/devel/.private/kortex_driver/share/gennodejs/ros/kortex_driver/srv/UpdateAction.js, /root/ros_ws/devel/share/gennodejs/ros/kortex_driver/srv/UpdateAction.js)
Linked: (/root/ros_ws/devel/.private/kortex_driver/share/gennodejs/ros/kortex_driver/srv/GetAvailableWifi.js, /root/ros_ws/devel/share/gennodejs/ros/kortex_driver/srv/GetAvailableWifi.js)
Linked: (/root/ros_ws/devel/.private/kortex_driver/share/gennodejs/ros/kortex_driver/srv/GetEthernetConfiguration.js, /root/ros_ws/devel/share/gennodejs/ros/kortex_driver/srv/GetEthernetConfiguration.js)
Linked: (/root/ros_ws/devel/.private/kortex_driver/share/gennodejs/ros/kortex_driver/srv/SendSelectedJointSpeedJoystickCommand.js, /root/ros_ws/devel/share/gennodejs/ros/kortex_driver/srv/SendSelectedJointSpeedJoystickCommand.js)
Linked: (/root/ros_ws/devel/.private/kortex_driver/share/gennodejs/ros/kortex_driver/srv/SetActivatedControlLoop.js, /root/ros_ws/devel/share/gennodejs/ros/kortex_driver/srv/SetActivatedControlLoop.js)
Linked: (/root/ros_ws/devel/.private/kortex_driver/share/gennodejs/ros/kortex_driver/srv/UpdateSequenceTask.js, /root/ros_ws/devel/share/gennodejs/ros/kortex_driver/srv/UpdateSequenceTask.js)
Linked: (/root/ros_ws/devel/.private/kortex_driver/share/gennodejs/ros/kortex_driver/srv/ResetTwistAngularSoftLimit.js, /root/ros_ws/devel/share/gennodejs/ros/kortex_driver/srv/ResetTwistAngularSoftLimit.js)
Linked: (/root/ros_ws/devel/.private/kortex_driver/share/gennodejs/ros/kortex_driver/srv/ReadMap.js, /root/ros_ws/devel/share/gennodejs/ros/kortex_driver/srv/ReadMap.js)
Linked: (/root/ros_ws/devel/.private/kortex_driver/share/gennodejs/ros/kortex_driver/srv/OnNotificationActionTopic.js, /root/ros_ws/devel/share/gennodejs/ros/kortex_driver/srv/OnNotificationActionTopic.js)
Linked: (/root/ros_ws/devel/.private/kortex_driver/share/gennodejs/ros/kortex_driver/srv/ReadProtectionZone.js, /root/ros_ws/devel/share/gennodejs/ros/kortex_driver/srv/ReadProtectionZone.js)
Linked: (/root/ros_ws/devel/.private/kortex_driver/share/gennodejs/ros/kortex_driver/srv/GetWifiEnableState.js, /root/ros_ws/devel/share/gennodejs/ros/kortex_driver/srv/GetWifiEnableState.js)
Linked: (/root/ros_ws/devel/.private/kortex_driver/share/gennodejs/ros/kortex_driver/srv/SetGPIOConfiguration.js, /root/ros_ws/devel/share/gennodejs/ros/kortex_driver/srv/SetGPIOConfiguration.js)
Linked: (/root/ros_ws/devel/.private/kortex_driver/share/gennodejs/ros/kortex_driver/srv/GetFirmwareBundleVersions.js, /root/ros_ws/devel/share/gennodejs/ros/kortex_driver/srv/GetFirmwareBundleVersions.js)
Linked: (/root/ros_ws/devel/.private/kortex_driver/share/gennodejs/ros/kortex_driver/srv/SwapSequenceTasks.js, /root/ros_ws/devel/share/gennodejs/ros/kortex_driver/srv/SwapSequenceTasks.js)
Linked: (/root/ros_ws/devel/.private/kortex_driver/share/gennodejs/ros/kortex_driver/srv/SetCommunicationInterfaceEnable.js, /root/ros_ws/devel/share/gennodejs/ros/kortex_driver/srv/SetCommunicationInterfaceEnable.js)
Linked: (/root/ros_ws/devel/.private/kortex_driver/share/gennodejs/ros/kortex_driver/srv/AddSequenceTasks.js, /root/ros_ws/devel/share/gennodejs/ros/kortex_driver/srv/AddSequenceTasks.js)
Linked: (/root/ros_ws/devel/.private/kortex_driver/share/gennodejs/ros/kortex_driver/srv/ClearSafetyStatus.js, /root/ros_ws/devel/share/gennodejs/ros/kortex_driver/srv/ClearSafetyStatus.js)
Linked: (/root/ros_ws/devel/.private/kortex_driver/share/gennodejs/ros/kortex_driver/srv/ActuatorConfig_GetControlMode.js, /root/ros_ws/devel/share/gennodejs/ros/kortex_driver/srv/ActuatorConfig_GetControlMode.js)
Linked: (/root/ros_ws/devel/.private/kortex_driver/share/gennodejs/ros/kortex_driver/srv/Base_GetCapSenseConfig.js, /root/ros_ws/devel/share/gennodejs/ros/kortex_driver/srv/Base_GetCapSenseConfig.js)
Linked: (/root/ros_ws/devel/.private/kortex_driver/share/gennodejs/ros/kortex_driver/srv/SetServoing.js, /root/ros_ws/devel/share/gennodejs/ros/kortex_driver/srv/SetServoing.js)
Linked: (/root/ros_ws/devel/.private/kortex_driver/share/gennodejs/ros/kortex_driver/srv/PlayAdvancedSequence.js, /root/ros_ws/devel/share/gennodejs/ros/kortex_driver/srv/PlayAdvancedSequence.js)
Linked: (/root/ros_ws/devel/.private/kortex_driver/share/gennodejs/ros/kortex_driver/srv/GetIPv4Settings.js, /root/ros_ws/devel/share/gennodejs/ros/kortex_driver/srv/GetIPv4Settings.js)
Linked: (/root/ros_ws/devel/.private/kortex_driver/share/gennodejs/ros/kortex_driver/srv/GetIntrinsicParameters.js, /root/ros_ws/devel/share/gennodejs/ros/kortex_driver/srv/GetIntrinsicParameters.js)
Linked: (/root/ros_ws/devel/.private/kortex_driver/share/gennodejs/ros/kortex_driver/srv/SetDesiredAngularTwist.js, /root/ros_ws/devel/share/gennodejs/ros/kortex_driver/srv/SetDesiredAngularTwist.js)
Linked: (/root/ros_ws/devel/.private/kortex_driver/share/roseus/ros/kortex_driver/manifest.l, /root/ros_ws/devel/share/roseus/ros/kortex_driver/manifest.l)
Linked: (/root/ros_ws/devel/.private/kortex_driver/share/roseus/ros/kortex_driver/msg/I2CReadRegisterParameter.l, /root/ros_ws/devel/share/roseus/ros/kortex_driver/msg/I2CReadRegisterParameter.l)
Linked: (/root/ros_ws/devel/.private/kortex_driver/share/roseus/ros/kortex_driver/msg/ActuatorInformation.l, /root/ros_ws/devel/share/roseus/ros/kortex_driver/msg/ActuatorInformation.l)
Linked: (/root/ros_ws/devel/.private/kortex_driver/share/roseus/ros/kortex_driver/msg/ControlConfig_ControlModeInformation.l, /root/ros_ws/devel/share/roseus/ros/kortex_driver/msg/ControlConfig_ControlModeInformation.l)
Linked: (/root/ros_ws/devel/.private/kortex_driver/share/roseus/ros/kortex_driver/msg/Permission.l, /root/ros_ws/devel/share/roseus/ros/kortex_driver/msg/Permission.l)
Linked: (/root/ros_ws/devel/.private/kortex_driver/share/roseus/ros/kortex_driver/msg/JointAngle.l, /root/ros_ws/devel/share/roseus/ros/kortex_driver/msg/JointAngle.l)
Linked: (/root/ros_ws/devel/.private/kortex_driver/share/roseus/ros/kortex_driver/msg/DesiredSpeeds.l, /root/ros_ws/devel/share/roseus/ros/kortex_driver/msg/DesiredSpeeds.l)
Linked: (/root/ros_ws/devel/.private/kortex_driver/share/roseus/ros/kortex_driver/msg/CalibrationResult.l, /root/ros_ws/devel/share/roseus/ros/kortex_driver/msg/CalibrationResult.l)
Linked: (/root/ros_ws/devel/.private/kortex_driver/share/roseus/ros/kortex_driver/msg/RampResponse.l, /root/ros_ws/devel/share/roseus/ros/kortex_driver/msg/RampResponse.l)
Linked: (/root/ros_ws/devel/.private/kortex_driver/share/roseus/ros/kortex_driver/msg/InterconnectCyclic_MessageId.l, /root/ros_ws/devel/share/roseus/ros/kortex_driver/msg/InterconnectCyclic_MessageId.l)
Linked: (/root/ros_ws/devel/.private/kortex_driver/share/roseus/ros/kortex_driver/msg/Snapshot.l, /root/ros_ws/devel/share/roseus/ros/kortex_driver/msg/Snapshot.l)
Linked: (/root/ros_ws/devel/.private/kortex_driver/share/roseus/ros/kortex_driver/msg/AxisPosition.l, /root/ros_ws/devel/share/roseus/ros/kortex_driver/msg/AxisPosition.l)
Linked: (/root/ros_ws/devel/.private/kortex_driver/share/roseus/ros/kortex_driver/msg/ControllerElementEventType.l, /root/ros_ws/devel/share/roseus/ros/kortex_driver/msg/ControllerElementEventType.l)
Linked: (/root/ros_ws/devel/.private/kortex_driver/share/roseus/ros/kortex_driver/msg/RobotiqGripperStatusFlags.l, /root/ros_ws/devel/share/roseus/ros/kortex_driver/msg/RobotiqGripperStatusFlags.l)
Linked: (/root/ros_ws/devel/.private/kortex_driver/share/roseus/ros/kortex_driver/msg/LinearTwist.l, /root/ros_ws/devel/share/roseus/ros/kortex_driver/msg/LinearTwist.l)
Linked: (/root/ros_ws/devel/.private/kortex_driver/share/roseus/ros/kortex_driver/msg/StepResponse.l, /root/ros_ws/devel/share/roseus/ros/kortex_driver/msg/StepResponse.l)
Linked: (/root/ros_ws/devel/.private/kortex_driver/share/roseus/ros/kortex_driver/msg/ConstrainedPosition.l, /root/ros_ws/devel/share/roseus/ros/kortex_driver/msg/ConstrainedPosition.l)
Linked: (/root/ros_ws/devel/.private/kortex_driver/share/roseus/ros/kortex_driver/msg/Action_action_parameters.l, /root/ros_ws/devel/share/roseus/ros/kortex_driver/msg/Action_action_parameters.l)
Linked: (/root/ros_ws/devel/.private/kortex_driver/share/roseus/ros/kortex_driver/msg/MapEvent.l, /root/ros_ws/devel/share/roseus/ros/kortex_driver/msg/MapEvent.l)
Linked: (/root/ros_ws/devel/.private/kortex_driver/share/roseus/ros/kortex_driver/msg/ConstrainedOrientation.l, /root/ros_ws/devel/share/roseus/ros/kortex_driver/msg/ConstrainedOrientation.l)
Linked: (/root/ros_ws/devel/.private/kortex_driver/share/roseus/ros/kortex_driver/msg/EthernetConfiguration.l, /root/ros_ws/devel/share/roseus/ros/kortex_driver/msg/EthernetConfiguration.l)
Linked: (/root/ros_ws/devel/.private/kortex_driver/share/roseus/ros/kortex_driver/msg/FollowCartesianTrajectoryActionResult.l, /root/ros_ws/devel/share/roseus/ros/kortex_driver/msg/FollowCartesianTrajectoryActionResult.l)
Linked: (/root/ros_ws/devel/.private/kortex_driver/share/roseus/ros/kortex_driver/msg/GripperCyclic_CustomData.l, /root/ros_ws/devel/share/roseus/ros/kortex_driver/msg/GripperCyclic_CustomData.l)
Linked: (/root/ros_ws/devel/.private/kortex_driver/share/roseus/ros/kortex_driver/msg/FollowCartesianTrajectoryAction.l, /root/ros_ws/devel/share/roseus/ros/kortex_driver/msg/FollowCartesianTrajectoryAction.l)
Linked: (/root/ros_ws/devel/.private/kortex_driver/share/roseus/ros/kortex_driver/msg/JointTorques.l, /root/ros_ws/devel/share/roseus/ros/kortex_driver/msg/JointTorques.l)
Linked: (/root/ros_ws/devel/.private/kortex_driver/share/roseus/ros/kortex_driver/msg/FirmwareVersion.l, /root/ros_ws/devel/share/roseus/ros/kortex_driver/msg/FirmwareVersion.l)
Linked: (/root/ros_ws/devel/.private/kortex_driver/share/roseus/ros/kortex_driver/msg/FocusPoint.l, /root/ros_ws/devel/share/roseus/ros/kortex_driver/msg/FocusPoint.l)
Linked: (/root/ros_ws/devel/.private/kortex_driver/share/roseus/ros/kortex_driver/msg/OptionInformation.l, /root/ros_ws/devel/share/roseus/ros/kortex_driver/msg/OptionInformation.l)
Linked: (/root/ros_ws/devel/.private/kortex_driver/share/roseus/ros/kortex_driver/msg/GpioBehavior.l, /root/ros_ws/devel/share/roseus/ros/kortex_driver/msg/GpioBehavior.l)
Linked: (/root/ros_ws/devel/.private/kortex_driver/share/roseus/ros/kortex_driver/msg/NetworkType.l, /root/ros_ws/devel/share/roseus/ros/kortex_driver/msg/NetworkType.l)
Linked: (/root/ros_ws/devel/.private/kortex_driver/share/roseus/ros/kortex_driver/msg/ActionNotification.l, /root/ros_ws/devel/share/roseus/ros/kortex_driver/msg/ActionNotification.l)
Linked: (/root/ros_ws/devel/.private/kortex_driver/share/roseus/ros/kortex_driver/msg/RobotEventNotificationList.l, /root/ros_ws/devel/share/roseus/ros/kortex_driver/msg/RobotEventNotificationList.l)
Linked: (/root/ros_ws/devel/.private/kortex_driver/share/roseus/ros/kortex_driver/msg/BaseCyclic_ServiceVersion.l, /root/ros_ws/devel/share/roseus/ros/kortex_driver/msg/BaseCyclic_ServiceVersion.l)
Linked: (/root/ros_ws/devel/.private/kortex_driver/share/roseus/ros/kortex_driver/msg/ArmStateNotification.l, /root/ros_ws/devel/share/roseus/ros/kortex_driver/msg/ArmStateNotification.l)
Linked: (/root/ros_ws/devel/.private/kortex_driver/share/roseus/ros/kortex_driver/msg/ActionEvent.l, /root/ros_ws/devel/share/roseus/ros/kortex_driver/msg/ActionEvent.l)
Linked: (/root/ros_ws/devel/.private/kortex_driver/share/roseus/ros/kortex_driver/msg/UserProfile.l, /root/ros_ws/devel/share/roseus/ros/kortex_driver/msg/UserProfile.l)
Linked: (/root/ros_ws/devel/.private/kortex_driver/share/roseus/ros/kortex_driver/msg/MappingHandle.l, /root/ros_ws/devel/share/roseus/ros/kortex_driver/msg/MappingHandle.l)
Linked: (/root/ros_ws/devel/.private/kortex_driver/share/roseus/ros/kortex_driver/msg/Gen3GpioPinId.l, /root/ros_ws/devel/share/roseus/ros/kortex_driver/msg/Gen3GpioPinId.l)
Linked: (/root/ros_ws/devel/.private/kortex_driver/share/roseus/ros/kortex_driver/msg/NotificationOptions.l, /root/ros_ws/devel/share/roseus/ros/kortex_driver/msg/NotificationOptions.l)
Linked: (/root/ros_ws/devel/.private/kortex_driver/share/roseus/ros/kortex_driver/msg/BridgeConfig.l, /root/ros_ws/devel/share/roseus/ros/kortex_driver/msg/BridgeConfig.l)
Linked: (/root/ros_ws/devel/.private/kortex_driver/share/roseus/ros/kortex_driver/msg/TrajectoryErrorType.l, /root/ros_ws/devel/share/roseus/ros/kortex_driver/msg/TrajectoryErrorType.l)
Linked: (/root/ros_ws/devel/.private/kortex_driver/share/roseus/ros/kortex_driver/msg/SafetyIdentifierBankA.l, /root/ros_ws/devel/share/roseus/ros/kortex_driver/msg/SafetyIdentifierBankA.l)
Linked: (/root/ros_ws/devel/.private/kortex_driver/share/roseus/ros/kortex_driver/msg/PartNumberRevision.l, /root/ros_ws/devel/share/roseus/ros/kortex_driver/msg/PartNumberRevision.l)
Linked: (/root/ros_ws/devel/.private/kortex_driver/share/roseus/ros/kortex_driver/msg/ActionList.l, /root/ros_ws/devel/share/roseus/ros/kortex_driver/msg/ActionList.l)
Linked: (/root/ros_ws/devel/.private/kortex_driver/share/roseus/ros/kortex_driver/msg/PositionCommand.l, /root/ros_ws/devel/share/roseus/ros/kortex_driver/msg/PositionCommand.l)
Linked: (/root/ros_ws/devel/.private/kortex_driver/share/roseus/ros/kortex_driver/msg/ServoingModeNotificationList.l, /root/ros_ws/devel/share/roseus/ros/kortex_driver/msg/ServoingModeNotificationList.l)
Linked: (/root/ros_ws/devel/.private/kortex_driver/share/roseus/ros/kortex_driver/msg/I2CDevice.l, /root/ros_ws/devel/share/roseus/ros/kortex_driver/msg/I2CDevice.l)
Linked: (/root/ros_ws/devel/.private/kortex_driver/share/roseus/ros/kortex_driver/msg/Faults.l, /root/ros_ws/devel/share/roseus/ros/kortex_driver/msg/Faults.l)
Linked: (/root/ros_ws/devel/.private/kortex_driver/share/roseus/ros/kortex_driver/msg/WifiConfigurationList.l, /root/ros_ws/devel/share/roseus/ros/kortex_driver/msg/WifiConfigurationList.l)
Linked: (/root/ros_ws/devel/.private/kortex_driver/share/roseus/ros/kortex_driver/msg/GripperCyclic_Command.l, /root/ros_ws/devel/share/roseus/ros/kortex_driver/msg/GripperCyclic_Command.l)
Linked: (/root/ros_ws/devel/.private/kortex_driver/share/roseus/ros/kortex_driver/msg/MapHandle.l, /root/ros_ws/devel/share/roseus/ros/kortex_driver/msg/MapHandle.l)
Linked: (/root/ros_ws/devel/.private/kortex_driver/share/roseus/ros/kortex_driver/msg/Query.l, /root/ros_ws/devel/share/roseus/ros/kortex_driver/msg/Query.l)
Linked: (/root/ros_ws/devel/.private/kortex_driver/share/roseus/ros/kortex_driver/msg/I2CWriteRegisterParameter.l, /root/ros_ws/devel/share/roseus/ros/kortex_driver/msg/I2CWriteRegisterParameter.l)
Linked: (/root/ros_ws/devel/.private/kortex_driver/share/roseus/ros/kortex_driver/msg/IntrinsicParameters.l, /root/ros_ws/devel/share/roseus/ros/kortex_driver/msg/IntrinsicParameters.l)
Linked: (/root/ros_ws/devel/.private/kortex_driver/share/roseus/ros/kortex_driver/msg/InterconnectCyclic_Feedback.l, /root/ros_ws/devel/share/roseus/ros/kortex_driver/msg/InterconnectCyclic_Feedback.l)
Linked: (/root/ros_ws/devel/.private/kortex_driver/share/roseus/ros/kortex_driver/msg/TrajectoryErrorReport.l, /root/ros_ws/devel/share/roseus/ros/kortex_driver/msg/TrajectoryErrorReport.l)
Linked: (/root/ros_ws/devel/.private/kortex_driver/share/roseus/ros/kortex_driver/msg/PayloadInformation.l, /root/ros_ws/devel/share/roseus/ros/kortex_driver/msg/PayloadInformation.l)
Linked: (/root/ros_ws/devel/.private/kortex_driver/share/roseus/ros/kortex_driver/msg/InterfaceModuleType.l, /root/ros_ws/devel/share/roseus/ros/kortex_driver/msg/InterfaceModuleType.l)
Linked: (/root/ros_ws/devel/.private/kortex_driver/share/roseus/ros/kortex_driver/msg/CalibrationItem.l, /root/ros_ws/devel/share/roseus/ros/kortex_driver/msg/CalibrationItem.l)
Linked: (/root/ros_ws/devel/.private/kortex_driver/share/roseus/ros/kortex_driver/msg/TransformationMatrix.l, /root/ros_ws/devel/share/roseus/ros/kortex_driver/msg/TransformationMatrix.l)
Linked: (/root/ros_ws/devel/.private/kortex_driver/share/roseus/ros/kortex_driver/msg/Base_SafetyIdentifier.l, /root/ros_ws/devel/share/roseus/ros/kortex_driver/msg/Base_SafetyIdentifier.l)
Linked: (/root/ros_ws/devel/.private/kortex_driver/share/roseus/ros/kortex_driver/msg/Base_ControlModeNotification.l, /root/ros_ws/devel/share/roseus/ros/kortex_driver/msg/Base_ControlModeNotification.l)
Linked: (/root/ros_ws/devel/.private/kortex_driver/share/roseus/ros/kortex_driver/msg/I2CData.l, /root/ros_ws/devel/share/roseus/ros/kortex_driver/msg/I2CData.l)
Linked: (/root/ros_ws/devel/.private/kortex_driver/share/roseus/ros/kortex_driver/msg/BaseFeedback.l, /root/ros_ws/devel/share/roseus/ros/kortex_driver/msg/BaseFeedback.l)
Linked: (/root/ros_ws/devel/.private/kortex_driver/share/roseus/ros/kortex_driver/msg/ActuatorCyclic_MessageId.l, /root/ros_ws/devel/share/roseus/ros/kortex_driver/msg/ActuatorCyclic_MessageId.l)
Linked: (/root/ros_ws/devel/.private/kortex_driver/share/roseus/ros/kortex_driver/msg/ArmState.l, /root/ros_ws/devel/share/roseus/ros/kortex_driver/msg/ArmState.l)
Linked: (/root/ros_ws/devel/.private/kortex_driver/share/roseus/ros/kortex_driver/msg/BridgeType.l, /root/ros_ws/devel/share/roseus/ros/kortex_driver/msg/BridgeType.l)
Linked: (/root/ros_ws/devel/.private/kortex_driver/share/roseus/ros/kortex_driver/msg/OptionValue.l, /root/ros_ws/devel/share/roseus/ros/kortex_driver/msg/OptionValue.l)
Linked: (/root/ros_ws/devel/.private/kortex_driver/share/roseus/ros/kortex_driver/msg/ControlConfigurationNotification.l, /root/ros_ws/devel/share/roseus/ros/kortex_driver/msg/ControlConfigurationNotification.l)
Linked: (/root/ros_ws/devel/.private/kortex_driver/share/roseus/ros/kortex_driver/msg/WristDigitalInputIdentifier.l, /root/ros_ws/devel/share/roseus/ros/kortex_driver/msg/WristDigitalInputIdentifier.l)
Linked: (/root/ros_ws/devel/.private/kortex_driver/share/roseus/ros/kortex_driver/msg/TwistAngularSoftLimit.l, /root/ros_ws/devel/share/roseus/ros/kortex_driver/msg/TwistAngularSoftLimit.l)
Linked: (/root/ros_ws/devel/.private/kortex_driver/share/roseus/ros/kortex_driver/msg/InterconnectCyclic_ServiceVersion.l, /root/ros_ws/devel/share/roseus/ros/kortex_driver/msg/InterconnectCyclic_ServiceVersion.l)
Linked: (/root/ros_ws/devel/.private/kortex_driver/share/roseus/ros/kortex_driver/msg/UserNotificationList.l, /root/ros_ws/devel/share/roseus/ros/kortex_driver/msg/UserNotificationList.l)
Linked: (/root/ros_ws/devel/.private/kortex_driver/share/roseus/ros/kortex_driver/msg/SafetyThreshold.l, /root/ros_ws/devel/share/roseus/ros/kortex_driver/msg/SafetyThreshold.l)
Linked: (/root/ros_ws/devel/.private/kortex_driver/share/roseus/ros/kortex_driver/msg/FollowCartesianTrajectoryResult.l, /root/ros_ws/devel/share/roseus/ros/kortex_driver/msg/FollowCartesianTrajectoryResult.l)
Linked: (/root/ros_ws/devel/.private/kortex_driver/share/roseus/ros/kortex_driver/msg/ControllerElementHandle.l, /root/ros_ws/devel/share/roseus/ros/kortex_driver/msg/ControllerElementHandle.l)
Linked: (/root/ros_ws/devel/.private/kortex_driver/share/roseus/ros/kortex_driver/msg/ActionHandle.l, /root/ros_ws/devel/share/roseus/ros/kortex_driver/msg/ActionHandle.l)
Linked: (/root/ros_ws/devel/.private/kortex_driver/share/roseus/ros/kortex_driver/msg/Admittance.l, /root/ros_ws/devel/share/roseus/ros/kortex_driver/msg/Admittance.l)
Linked: (/root/ros_ws/devel/.private/kortex_driver/share/roseus/ros/kortex_driver/msg/ConfigurationChangeNotification.l, /root/ros_ws/devel/share/roseus/ros/kortex_driver/msg/ConfigurationChangeNotification.l)
Linked: (/root/ros_ws/devel/.private/kortex_driver/share/roseus/ros/kortex_driver/msg/ShapeType.l, /root/ros_ws/devel/share/roseus/ros/kortex_driver/msg/ShapeType.l)
Linked: (/root/ros_ws/devel/.private/kortex_driver/share/roseus/ros/kortex_driver/msg/SoundType.l, /root/ros_ws/devel/share/roseus/ros/kortex_driver/msg/SoundType.l)
Linked: (/root/ros_ws/devel/.private/kortex_driver/share/roseus/ros/kortex_driver/msg/NavigationDirection.l, /root/ros_ws/devel/share/roseus/ros/kortex_driver/msg/NavigationDirection.l)
Linked: (/root/ros_ws/devel/.private/kortex_driver/share/roseus/ros/kortex_driver/msg/BluetoothEnableState.l, /root/ros_ws/devel/share/roseus/ros/kortex_driver/msg/BluetoothEnableState.l)
Linked: (/root/ros_ws/devel/.private/kortex_driver/share/roseus/ros/kortex_driver/msg/ActuatorCyclic_CustomData.l, /root/ros_ws/devel/share/roseus/ros/kortex_driver/msg/ActuatorCyclic_CustomData.l)
Linked: (/root/ros_ws/devel/.private/kortex_driver/share/roseus/ros/kortex_driver/msg/SequenceList.l, /root/ros_ws/devel/share/roseus/ros/kortex_driver/msg/SequenceList.l)
Linked: (/root/ros_ws/devel/.private/kortex_driver/share/roseus/ros/kortex_driver/msg/BaseType.l, /root/ros_ws/devel/share/roseus/ros/kortex_driver/msg/BaseType.l)
Linked: (/root/ros_ws/devel/.private/kortex_driver/share/roseus/ros/kortex_driver/msg/DeviceHandle.l, /root/ros_ws/devel/share/roseus/ros/kortex_driver/msg/DeviceHandle.l)
Linked: (/root/ros_ws/devel/.private/kortex_driver/share/roseus/ros/kortex_driver/msg/SafetyEvent.l, /root/ros_ws/devel/share/roseus/ros/kortex_driver/msg/SafetyEvent.l)
Linked: (/root/ros_ws/devel/.private/kortex_driver/share/roseus/ros/kortex_driver/msg/KinematicTrajectoryConstraints.l, /root/ros_ws/devel/share/roseus/ros/kortex_driver/msg/KinematicTrajectoryConstraints.l)
Linked: (/root/ros_ws/devel/.private/kortex_driver/share/roseus/ros/kortex_driver/msg/WrenchLimitation.l, /root/ros_ws/devel/share/roseus/ros/kortex_driver/msg/WrenchLimitation.l)
Linked: (/root/ros_ws/devel/.private/kortex_driver/share/roseus/ros/kortex_driver/msg/PartNumber.l, /root/ros_ws/devel/share/roseus/ros/kortex_driver/msg/PartNumber.l)
Linked: (/root/ros_ws/devel/.private/kortex_driver/share/roseus/ros/kortex_driver/msg/SerialNumber.l, /root/ros_ws/devel/share/roseus/ros/kortex_driver/msg/SerialNumber.l)
Linked: (/root/ros_ws/devel/.private/kortex_driver/share/roseus/ros/kortex_driver/msg/ActuatorConfig_ControlModeInformation.l, /root/ros_ws/devel/share/roseus/ros/kortex_driver/msg/ActuatorConfig_ControlModeInformation.l)
Linked: (/root/ros_ws/devel/.private/kortex_driver/share/roseus/ros/kortex_driver/msg/ControllerElementHandle_identifier.l, /root/ros_ws/devel/share/roseus/ros/kortex_driver/msg/ControllerElementHandle_identifier.l)
Linked: (/root/ros_ws/devel/.private/kortex_driver/share/roseus/ros/kortex_driver/msg/JointTrajectoryConstraintType.l, /root/ros_ws/devel/share/roseus/ros/kortex_driver/msg/JointTrajectoryConstraintType.l)
Linked: (/root/ros_ws/devel/.private/kortex_driver/share/roseus/ros/kortex_driver/msg/UARTConfiguration.l, /root/ros_ws/devel/share/roseus/ros/kortex_driver/msg/UARTConfiguration.l)
Linked: (/root/ros_ws/devel/.private/kortex_driver/share/roseus/ros/kortex_driver/msg/UARTDeviceIdentification.l, /root/ros_ws/devel/share/roseus/ros/kortex_driver/msg/UARTDeviceIdentification.l)
Linked: (/root/ros_ws/devel/.private/kortex_driver/share/roseus/ros/kortex_driver/msg/JointSpeedSoftLimits.l, /root/ros_ws/devel/share/roseus/ros/kortex_driver/msg/JointSpeedSoftLimits.l)
Linked: (/root/ros_ws/devel/.private/kortex_driver/share/roseus/ros/kortex_driver/msg/Base_JointSpeeds.l, /root/ros_ws/devel/share/roseus/ros/kortex_driver/msg/Base_JointSpeeds.l)
Linked: (/root/ros_ws/devel/.private/kortex_driver/share/roseus/ros/kortex_driver/msg/CartesianTrajectoryConstraint_type.l, /root/ros_ws/devel/share/roseus/ros/kortex_driver/msg/CartesianTrajectoryConstraint_type.l)
Linked: (/root/ros_ws/devel/.private/kortex_driver/share/roseus/ros/kortex_driver/msg/UARTPortId.l, /root/ros_ws/devel/share/roseus/ros/kortex_driver/msg/UARTPortId.l)
Linked: (/root/ros_ws/devel/.private/kortex_driver/share/roseus/ros/kortex_driver/msg/ControllerConfigurationList.l, /root/ros_ws/devel/share/roseus/ros/kortex_driver/msg/ControllerConfigurationList.l)
Linked: (/root/ros_ws/devel/.private/kortex_driver/share/roseus/ros/kortex_driver/msg/AngularTwist.l, /root/ros_ws/devel/share/roseus/ros/kortex_driver/msg/AngularTwist.l)
Linked: (/root/ros_ws/devel/.private/kortex_driver/share/roseus/ros/kortex_driver/msg/SafetyEnable.l, /root/ros_ws/devel/share/roseus/ros/kortex_driver/msg/SafetyEnable.l)
Linked: (/root/ros_ws/devel/.private/kortex_driver/share/roseus/ros/kortex_driver/msg/Ssid.l, /root/ros_ws/devel/share/roseus/ros/kortex_driver/msg/Ssid.l)
Linked: (/root/ros_ws/devel/.private/kortex_driver/share/roseus/ros/kortex_driver/msg/FollowCartesianTrajectoryActionFeedback.l, /root/ros_ws/devel/share/roseus/ros/kortex_driver/msg/FollowCartesianTrajectoryActionFeedback.l)
Linked: (/root/ros_ws/devel/.private/kortex_driver/share/roseus/ros/kortex_driver/msg/TrajectoryInfo.l, /root/ros_ws/devel/share/roseus/ros/kortex_driver/msg/TrajectoryInfo.l)
Linked: (/root/ros_ws/devel/.private/kortex_driver/share/roseus/ros/kortex_driver/msg/CountryCodeIdentifier.l, /root/ros_ws/devel/share/roseus/ros/kortex_driver/msg/CountryCodeIdentifier.l)
Linked: (/root/ros_ws/devel/.private/kortex_driver/share/roseus/ros/kortex_driver/msg/MapList.l, /root/ros_ws/devel/share/roseus/ros/kortex_driver/msg/MapList.l)
Linked: (/root/ros_ws/devel/.private/kortex_driver/share/roseus/ros/kortex_driver/msg/I2CMode.l, /root/ros_ws/devel/share/roseus/ros/kortex_driver/msg/I2CMode.l)
Linked: (/root/ros_ws/devel/.private/kortex_driver/share/roseus/ros/kortex_driver/msg/AdmittanceMode.l, /root/ros_ws/devel/share/roseus/ros/kortex_driver/msg/AdmittanceMode.l)
Linked: (/root/ros_ws/devel/.private/kortex_driver/share/roseus/ros/kortex_driver/msg/SafetyNotification.l, /root/ros_ws/devel/share/roseus/ros/kortex_driver/msg/SafetyNotification.l)
Linked: (/root/ros_ws/devel/.private/kortex_driver/share/roseus/ros/kortex_driver/msg/ConstrainedPose.l, /root/ros_ws/devel/share/roseus/ros/kortex_driver/msg/ConstrainedPose.l)
Linked: (/root/ros_ws/devel/.private/kortex_driver/share/roseus/ros/kortex_driver/msg/Servoing.l, /root/ros_ws/devel/share/roseus/ros/kortex_driver/msg/Servoing.l)
Linked: (/root/ros_ws/devel/.private/kortex_driver/share/roseus/ros/kortex_driver/msg/WifiInformation.l, /root/ros_ws/devel/share/roseus/ros/kortex_driver/msg/WifiInformation.l)
Linked: (/root/ros_ws/devel/.private/kortex_driver/share/roseus/ros/kortex_driver/msg/ControlModeNotificationList.l, /root/ros_ws/devel/share/roseus/ros/kortex_driver/msg/ControlModeNotificationList.l)
Linked: (/root/ros_ws/devel/.private/kortex_driver/share/roseus/ros/kortex_driver/msg/ProductConfigurationEndEffectorType.l, /root/ros_ws/devel/share/roseus/ros/kortex_driver/msg/ProductConfigurationEndEffectorType.l)
Linked: (/root/ros_ws/devel/.private/kortex_driver/share/roseus/ros/kortex_driver/msg/ActionExecutionState.l, /root/ros_ws/devel/share/roseus/ros/kortex_driver/msg/ActionExecutionState.l)
Linked: (/root/ros_ws/devel/.private/kortex_driver/share/roseus/ros/kortex_driver/msg/Base_CapSenseMode.l, /root/ros_ws/devel/share/roseus/ros/kortex_driver/msg/Base_CapSenseMode.l)
Linked: (/root/ros_ws/devel/.private/kortex_driver/share/roseus/ros/kortex_driver/msg/ActuatorConfig_ServiceVersion.l, /root/ros_ws/devel/share/roseus/ros/kortex_driver/msg/ActuatorConfig_ServiceVersion.l)
Linked: (/root/ros_ws/devel/.private/kortex_driver/share/roseus/ros/kortex_driver/msg/BaseCyclic_Command.l, /root/ros_ws/devel/share/roseus/ros/kortex_driver/msg/BaseCyclic_Command.l)
Linked: (/root/ros_ws/devel/.private/kortex_driver/share/roseus/ros/kortex_driver/msg/GripperCyclic_ServiceVersion.l, /root/ros_ws/devel/share/roseus/ros/kortex_driver/msg/GripperCyclic_ServiceVersion.l)
Linked: (/root/ros_ws/devel/.private/kortex_driver/share/roseus/ros/kortex_driver/msg/Orientation.l, /root/ros_ws/devel/share/roseus/ros/kortex_driver/msg/Orientation.l)
Linked: (/root/ros_ws/devel/.private/kortex_driver/share/roseus/ros/kortex_driver/msg/ControlConfig_ControlMode.l, /root/ros_ws/devel/share/roseus/ros/kortex_driver/msg/ControlConfig_ControlMode.l)
Linked: (/root/ros_ws/devel/.private/kortex_driver/share/roseus/ros/kortex_driver/msg/ControllerNotification_state.l, /root/ros_ws/devel/share/roseus/ros/kortex_driver/msg/ControllerNotification_state.l)
Linked: (/root/ros_ws/devel/.private/kortex_driver/share/roseus/ros/kortex_driver/msg/CartesianReferenceFrameInfo.l, /root/ros_ws/devel/share/roseus/ros/kortex_driver/msg/CartesianReferenceFrameInfo.l)
Linked: (/root/ros_ws/devel/.private/kortex_driver/share/roseus/ros/kortex_driver/msg/ProtectionZoneInformation.l, /root/ros_ws/devel/share/roseus/ros/kortex_driver/msg/ProtectionZoneInformation.l)
Linked: (/root/ros_ws/devel/.private/kortex_driver/share/roseus/ros/kortex_driver/msg/WrenchCommand.l, /root/ros_ws/devel/share/roseus/ros/kortex_driver/msg/WrenchCommand.l)
Linked: (/root/ros_ws/devel/.private/kortex_driver/share/roseus/ros/kortex_driver/msg/ControlLoopSelection.l, /root/ros_ws/devel/share/roseus/ros/kortex_driver/msg/ControlLoopSelection.l)
Linked: (/root/ros_ws/devel/.private/kortex_driver/share/roseus/ros/kortex_driver/msg/ActuatorCommand.l, /root/ros_ws/devel/share/roseus/ros/kortex_driver/msg/ActuatorCommand.l)
Linked: (/root/ros_ws/devel/.private/kortex_driver/share/roseus/ros/kortex_driver/msg/ActuatorConfig_ControlMode.l, /root/ros_ws/devel/share/roseus/ros/kortex_driver/msg/ActuatorConfig_ControlMode.l)
Linked: (/root/ros_ws/devel/.private/kortex_driver/share/roseus/ros/kortex_driver/msg/ControllerList.l, /root/ros_ws/devel/share/roseus/ros/kortex_driver/msg/ControllerList.l)
Linked: (/root/ros_ws/devel/.private/kortex_driver/share/roseus/ros/kortex_driver/msg/Connection.l, /root/ros_ws/devel/share/roseus/ros/kortex_driver/msg/Connection.l)
Linked: (/root/ros_ws/devel/.private/kortex_driver/share/roseus/ros/kortex_driver/msg/JointAccelerationSoftLimits.l, /root/ros_ws/devel/share/roseus/ros/kortex_driver/msg/JointAccelerationSoftLimits.l)
Linked: (/root/ros_ws/devel/.private/kortex_driver/share/roseus/ros/kortex_driver/msg/I2CRegisterAddressSize.l, /root/ros_ws/devel/share/roseus/ros/kortex_driver/msg/I2CRegisterAddressSize.l)
Linked: (/root/ros_ws/devel/.private/kortex_driver/share/roseus/ros/kortex_driver/msg/I2CReadParameter.l, /root/ros_ws/devel/share/roseus/ros/kortex_driver/msg/I2CReadParameter.l)
Linked: (/root/ros_ws/devel/.private/kortex_driver/share/roseus/ros/kortex_driver/msg/Mapping.l, /root/ros_ws/devel/share/roseus/ros/kortex_driver/msg/Mapping.l)
Linked: (/root/ros_ws/devel/.private/kortex_driver/share/roseus/ros/kortex_driver/msg/UserProfileHandle.l, /root/ros_ws/devel/share/roseus/ros/kortex_driver/msg/UserProfileHandle.l)
Linked: (/root/ros_ws/devel/.private/kortex_driver/share/roseus/ros/kortex_driver/msg/ProtectionZoneHandle.l, /root/ros_ws/devel/share/roseus/ros/kortex_driver/msg/ProtectionZoneHandle.l)
Linked: (/root/ros_ws/devel/.private/kortex_driver/share/roseus/ros/kortex_driver/msg/TransformationRow.l, /root/ros_ws/devel/share/roseus/ros/kortex_driver/msg/TransformationRow.l)
Linked: (/root/ros_ws/devel/.private/kortex_driver/share/roseus/ros/kortex_driver/msg/InterconnectCyclic_Command.l, /root/ros_ws/devel/share/roseus/ros/kortex_driver/msg/InterconnectCyclic_Command.l)
Linked: (/root/ros_ws/devel/.private/kortex_driver/share/roseus/ros/kortex_driver/msg/SafetyConfigurationList.l, /root/ros_ws/devel/share/roseus/ros/kortex_driver/msg/SafetyConfigurationList.l)
Linked: (/root/ros_ws/devel/.private/kortex_driver/share/roseus/ros/kortex_driver/msg/ControlLoop.l, /root/ros_ws/devel/share/roseus/ros/kortex_driver/msg/ControlLoop.l)
Linked: (/root/ros_ws/devel/.private/kortex_driver/share/roseus/ros/kortex_driver/msg/ModelId.l, /root/ros_ws/devel/share/roseus/ros/kortex_driver/msg/ModelId.l)
Linked: (/root/ros_ws/devel/.private/kortex_driver/share/roseus/ros/kortex_driver/msg/TrajectoryContinuityMode.l, /root/ros_ws/devel/share/roseus/ros/kortex_driver/msg/TrajectoryContinuityMode.l)
Linked: (/root/ros_ws/devel/.private/kortex_driver/share/roseus/ros/kortex_driver/msg/InterconnectCyclic_Feedback_tool_feedback.l, /root/ros_ws/devel/share/roseus/ros/kortex_driver/msg/InterconnectCyclic_Feedback_tool_feedback.l)
Linked: (/root/ros_ws/devel/.private/kortex_driver/share/roseus/ros/kortex_driver/msg/BaseCyclic_Feedback.l, /root/ros_ws/devel/share/roseus/ros/kortex_driver/msg/BaseCyclic_Feedback.l)
Linked: (/root/ros_ws/devel/.private/kortex_driver/share/roseus/ros/kortex_driver/msg/ControlConfig_JointSpeeds.l, /root/ros_ws/devel/share/roseus/ros/kortex_driver/msg/ControlConfig_JointSpeeds.l)
Linked: (/root/ros_ws/devel/.private/kortex_driver/share/roseus/ros/kortex_driver/msg/BridgeIdentifier.l, /root/ros_ws/devel/share/roseus/ros/kortex_driver/msg/BridgeIdentifier.l)
Linked: (/root/ros_ws/devel/.private/kortex_driver/share/roseus/ros/kortex_driver/msg/RFConfiguration.l, /root/ros_ws/devel/share/roseus/ros/kortex_driver/msg/RFConfiguration.l)
Linked: (/root/ros_ws/devel/.private/kortex_driver/share/roseus/ros/kortex_driver/msg/TranslationVector.l, /root/ros_ws/devel/share/roseus/ros/kortex_driver/msg/TranslationVector.l)
Linked: (/root/ros_ws/devel/.private/kortex_driver/share/roseus/ros/kortex_driver/msg/RequestedActionType.l, /root/ros_ws/devel/share/roseus/ros/kortex_driver/msg/RequestedActionType.l)
Linked: (/root/ros_ws/devel/.private/kortex_driver/share/roseus/ros/kortex_driver/msg/IPv4Settings.l, /root/ros_ws/devel/share/roseus/ros/kortex_driver/msg/IPv4Settings.l)
Linked: (/root/ros_ws/devel/.private/kortex_driver/share/roseus/ros/kortex_driver/msg/Twist.l, /root/ros_ws/devel/share/roseus/ros/kortex_driver/msg/Twist.l)
Linked: (/root/ros_ws/devel/.private/kortex_driver/share/roseus/ros/kortex_driver/msg/Resolution.l, /root/ros_ws/devel/share/roseus/ros/kortex_driver/msg/Resolution.l)
Linked: (/root/ros_ws/devel/.private/kortex_driver/share/roseus/ros/kortex_driver/msg/ControlConfig_Position.l, /root/ros_ws/devel/share/roseus/ros/kortex_driver/msg/ControlConfig_Position.l)
Linked: (/root/ros_ws/devel/.private/kortex_driver/share/roseus/ros/kortex_driver/msg/MapEvent_events.l, /root/ros_ws/devel/share/roseus/ros/kortex_driver/msg/MapEvent_events.l)
Linked: (/root/ros_ws/devel/.private/kortex_driver/share/roseus/ros/kortex_driver/msg/JointSpeed.l, /root/ros_ws/devel/share/roseus/ros/kortex_driver/msg/JointSpeed.l)
Linked: (/root/ros_ws/devel/.private/kortex_driver/share/roseus/ros/kortex_driver/msg/I2CConfiguration.l, /root/ros_ws/devel/share/roseus/ros/kortex_driver/msg/I2CConfiguration.l)
Linked: (/root/ros_ws/devel/.private/kortex_driver/share/roseus/ros/kortex_driver/msg/GpioPinConfiguration.l, /root/ros_ws/devel/share/roseus/ros/kortex_driver/msg/GpioPinConfiguration.l)
Linked: (/root/ros_ws/devel/.private/kortex_driver/share/roseus/ros/kortex_driver/msg/CoggingFeedforwardMode.l, /root/ros_ws/devel/share/roseus/ros/kortex_driver/msg/CoggingFeedforwardMode.l)
Linked: (/root/ros_ws/devel/.private/kortex_driver/share/roseus/ros/kortex_driver/msg/Xbox360DigitalInputIdentifier.l, /root/ros_ws/devel/share/roseus/ros/kortex_driver/msg/Xbox360DigitalInputIdentifier.l)
Linked: (/root/ros_ws/devel/.private/kortex_driver/share/roseus/ros/kortex_driver/msg/CalibrationParameter.l, /root/ros_ws/devel/share/roseus/ros/kortex_driver/msg/CalibrationParameter.l)
Linked: (/root/ros_ws/devel/.private/kortex_driver/share/roseus/ros/kortex_driver/msg/MotorFeedback.l, /root/ros_ws/devel/share/roseus/ros/kortex_driver/msg/MotorFeedback.l)
Linked: (/root/ros_ws/devel/.private/kortex_driver/share/roseus/ros/kortex_driver/msg/Option.l, /root/ros_ws/devel/share/roseus/ros/kortex_driver/msg/Option.l)
Linked: (/root/ros_ws/devel/.private/kortex_driver/share/roseus/ros/kortex_driver/msg/JointTorque.l, /root/ros_ws/devel/share/roseus/ros/kortex_driver/msg/JointTorque.l)
Linked: (/root/ros_ws/devel/.private/kortex_driver/share/roseus/ros/kortex_driver/msg/MACAddress.l, /root/ros_ws/devel/share/roseus/ros/kortex_driver/msg/MACAddress.l)
Linked: (/root/ros_ws/devel/.private/kortex_driver/share/roseus/ros/kortex_driver/msg/SubErrorCodes.l, /root/ros_ws/devel/share/roseus/ros/kortex_driver/msg/SubErrorCodes.l)
Linked: (/root/ros_ws/devel/.private/kortex_driver/share/roseus/ros/kortex_driver/msg/ControllerConfiguration.l, /root/ros_ws/devel/share/roseus/ros/kortex_driver/msg/ControllerConfiguration.l)
Linked: (/root/ros_ws/devel/.private/kortex_driver/share/roseus/ros/kortex_driver/msg/BrakeType.l, /root/ros_ws/devel/share/roseus/ros/kortex_driver/msg/BrakeType.l)
Linked: (/root/ros_ws/devel/.private/kortex_driver/share/roseus/ros/kortex_driver/msg/VisionConfig_RotationMatrix.l, /root/ros_ws/devel/share/roseus/ros/kortex_driver/msg/VisionConfig_RotationMatrix.l)
Linked: (/root/ros_ws/devel/.private/kortex_driver/share/roseus/ros/kortex_driver/msg/NetworkNotificationList.l, /root/ros_ws/devel/share/roseus/ros/kortex_driver/msg/NetworkNotificationList.l)
Linked: (/root/ros_ws/devel/.private/kortex_driver/share/roseus/ros/kortex_driver/msg/CalibrationStatus.l, /root/ros_ws/devel/share/roseus/ros/kortex_driver/msg/CalibrationStatus.l)
Linked: (/root/ros_ws/devel/.private/kortex_driver/share/roseus/ros/kortex_driver/msg/FactoryNotification.l, /root/ros_ws/devel/share/roseus/ros/kortex_driver/msg/FactoryNotification.l)
Linked: (/root/ros_ws/devel/.private/kortex_driver/share/roseus/ros/kortex_driver/msg/ActuatorFeedback.l, /root/ros_ws/devel/share/roseus/ros/kortex_driver/msg/ActuatorFeedback.l)
Linked: (/root/ros_ws/devel/.private/kortex_driver/share/roseus/ros/kortex_driver/msg/GravityVector.l, /root/ros_ws/devel/share/roseus/ros/kortex_driver/msg/GravityVector.l)
Linked: (/root/ros_ws/devel/.private/kortex_driver/share/roseus/ros/kortex_driver/msg/NetworkNotification.l, /root/ros_ws/devel/share/roseus/ros/kortex_driver/msg/NetworkNotification.l)
Linked: (/root/ros_ws/devel/.private/kortex_driver/share/roseus/ros/kortex_driver/msg/SafetyInformationList.l, /root/ros_ws/devel/share/roseus/ros/kortex_driver/msg/SafetyInformationList.l)
Linked: (/root/ros_ws/devel/.private/kortex_driver/share/roseus/ros/kortex_driver/msg/JointNavigationDirection.l, /root/ros_ws/devel/share/roseus/ros/kortex_driver/msg/JointNavigationDirection.l)
Linked: (/root/ros_ws/devel/.private/kortex_driver/share/roseus/ros/kortex_driver/msg/AppendActionInformation.l, /root/ros_ws/devel/share/roseus/ros/kortex_driver/msg/AppendActionInformation.l)
Linked: (/root/ros_ws/devel/.private/kortex_driver/share/roseus/ros/kortex_driver/msg/SequenceInfoNotificationList.l, /root/ros_ws/devel/share/roseus/ros/kortex_driver/msg/SequenceInfoNotificationList.l)
Linked: (/root/ros_ws/devel/.private/kortex_driver/share/roseus/ros/kortex_driver/msg/ActionType.l, /root/ros_ws/devel/share/roseus/ros/kortex_driver/msg/ActionType.l)
Linked: (/root/ros_ws/devel/.private/kortex_driver/share/roseus/ros/kortex_driver/msg/BootloaderVersion.l, /root/ros_ws/devel/share/roseus/ros/kortex_driver/msg/BootloaderVersion.l)
Linked: (/root/ros_ws/devel/.private/kortex_driver/share/roseus/ros/kortex_driver/msg/GripperRequest.l, /root/ros_ws/devel/share/roseus/ros/kortex_driver/msg/GripperRequest.l)
Linked: (/root/ros_ws/devel/.private/kortex_driver/share/roseus/ros/kortex_driver/msg/ActionNotificationList.l, /root/ros_ws/devel/share/roseus/ros/kortex_driver/msg/ActionNotificationList.l)
Linked: (/root/ros_ws/devel/.private/kortex_driver/share/roseus/ros/kortex_driver/msg/GpioEvent.l, /root/ros_ws/devel/share/roseus/ros/kortex_driver/msg/GpioEvent.l)
Linked: (/root/ros_ws/devel/.private/kortex_driver/share/roseus/ros/kortex_driver/msg/FullUserProfile.l, /root/ros_ws/devel/share/roseus/ros/kortex_driver/msg/FullUserProfile.l)
Linked: (/root/ros_ws/devel/.private/kortex_driver/share/roseus/ros/kortex_driver/msg/EthernetDeviceIdentification.l, /root/ros_ws/devel/share/roseus/ros/kortex_driver/msg/EthernetDeviceIdentification.l)
Linked: (/root/ros_ws/devel/.private/kortex_driver/share/roseus/ros/kortex_driver/msg/Sensor.l, /root/ros_ws/devel/share/roseus/ros/kortex_driver/msg/Sensor.l)
Linked: (/root/ros_ws/devel/.private/kortex_driver/share/roseus/ros/kortex_driver/msg/CartesianWaypoint.l, /root/ros_ws/devel/share/roseus/ros/kortex_driver/msg/CartesianWaypoint.l)
Linked: (/root/ros_ws/devel/.private/kortex_driver/share/roseus/ros/kortex_driver/msg/ErrorCodes.l, /root/ros_ws/devel/share/roseus/ros/kortex_driver/msg/ErrorCodes.l)
Linked: (/root/ros_ws/devel/.private/kortex_driver/share/roseus/ros/kortex_driver/msg/GripperCyclic_Feedback.l, /root/ros_ws/devel/share/roseus/ros/kortex_driver/msg/GripperCyclic_Feedback.l)
Linked: (/root/ros_ws/devel/.private/kortex_driver/share/roseus/ros/kortex_driver/msg/CompleteProductConfiguration.l, /root/ros_ws/devel/share/roseus/ros/kortex_driver/msg/CompleteProductConfiguration.l)
Linked: (/root/ros_ws/devel/.private/kortex_driver/share/roseus/ros/kortex_driver/msg/TorqueOffset.l, /root/ros_ws/devel/share/roseus/ros/kortex_driver/msg/TorqueOffset.l)
Linked: (/root/ros_ws/devel/.private/kortex_driver/share/roseus/ros/kortex_driver/msg/CoggingFeedforwardModeInformation.l, /root/ros_ws/devel/share/roseus/ros/kortex_driver/msg/CoggingFeedforwardModeInformation.l)
Linked: (/root/ros_ws/devel/.private/kortex_driver/share/roseus/ros/kortex_driver/msg/ActuatorCyclic_ServiceVersion.l, /root/ros_ws/devel/share/roseus/ros/kortex_driver/msg/ActuatorCyclic_ServiceVersion.l)
Linked: (/root/ros_ws/devel/.private/kortex_driver/share/roseus/ros/kortex_driver/msg/ControllerNotification.l, /root/ros_ws/devel/share/roseus/ros/kortex_driver/msg/ControllerNotification.l)
Linked: (/root/ros_ws/devel/.private/kortex_driver/share/roseus/ros/kortex_driver/msg/CommunicationInterfaceConfiguration.l, /root/ros_ws/devel/share/roseus/ros/kortex_driver/msg/CommunicationInterfaceConfiguration.l)
Linked: (/root/ros_ws/devel/.private/kortex_driver/share/roseus/ros/kortex_driver/msg/ProtectionZoneList.l, /root/ros_ws/devel/share/roseus/ros/kortex_driver/msg/ProtectionZoneList.l)
Linked: (/root/ros_ws/devel/.private/kortex_driver/share/roseus/ros/kortex_driver/msg/EventIdSequenceInfoNotification.l, /root/ros_ws/devel/share/roseus/ros/kortex_driver/msg/EventIdSequenceInfoNotification.l)
Linked: (/root/ros_ws/devel/.private/kortex_driver/share/roseus/ros/kortex_driver/msg/BaseCyclic_CustomData.l, /root/ros_ws/devel/share/roseus/ros/kortex_driver/msg/BaseCyclic_CustomData.l)
Linked: (/root/ros_ws/devel/.private/kortex_driver/share/roseus/ros/kortex_driver/msg/JointTrajectoryConstraint.l, /root/ros_ws/devel/share/roseus/ros/kortex_driver/msg/JointTrajectoryConstraint.l)
Linked: (/root/ros_ws/devel/.private/kortex_driver/share/roseus/ros/kortex_driver/msg/NotificationType.l, /root/ros_ws/devel/share/roseus/ros/kortex_driver/msg/NotificationType.l)
Linked: (/root/ros_ws/devel/.private/kortex_driver/share/roseus/ros/kortex_driver/msg/PreComputedJointTrajectory.l, /root/ros_ws/devel/share/roseus/ros/kortex_driver/msg/PreComputedJointTrajectory.l)
Linked: (/root/ros_ws/devel/.private/kortex_driver/share/roseus/ros/kortex_driver/msg/Base_ControlModeInformation.l, /root/ros_ws/devel/share/roseus/ros/kortex_driver/msg/Base_ControlModeInformation.l)
Linked: (/root/ros_ws/devel/.private/kortex_driver/share/roseus/ros/kortex_driver/msg/NetworkEvent.l, /root/ros_ws/devel/share/roseus/ros/kortex_driver/msg/NetworkEvent.l)
Linked: (/root/ros_ws/devel/.private/kortex_driver/share/roseus/ros/kortex_driver/msg/Point.l, /root/ros_ws/devel/share/roseus/ros/kortex_driver/msg/Point.l)
Linked: (/root/ros_ws/devel/.private/kortex_driver/share/roseus/ros/kortex_driver/msg/ControlConfig_ServiceVersion.l, /root/ros_ws/devel/share/roseus/ros/kortex_driver/msg/ControlConfig_ServiceVersion.l)
Linked: (/root/ros_ws/devel/.private/kortex_driver/share/roseus/ros/kortex_driver/msg/ZoneShape.l, /root/ros_ws/devel/share/roseus/ros/kortex_driver/msg/ZoneShape.l)
Linked: (/root/ros_ws/devel/.private/kortex_driver/share/roseus/ros/kortex_driver/msg/UARTStopBits.l, /root/ros_ws/devel/share/roseus/ros/kortex_driver/msg/UARTStopBits.l)
Linked: (/root/ros_ws/devel/.private/kortex_driver/share/roseus/ros/kortex_driver/msg/ChangeJointSpeeds.l, /root/ros_ws/devel/share/roseus/ros/kortex_driver/msg/ChangeJointSpeeds.l)
Linked: (/root/ros_ws/devel/.private/kortex_driver/share/roseus/ros/kortex_driver/msg/CalibrationParameter_value.l, /root/ros_ws/devel/share/roseus/ros/kortex_driver/msg/CalibrationParameter_value.l)
Linked: (/root/ros_ws/devel/.private/kortex_driver/share/roseus/ros/kortex_driver/msg/RunMode.l, /root/ros_ws/devel/share/roseus/ros/kortex_driver/msg/RunMode.l)
Linked: (/root/ros_ws/devel/.private/kortex_driver/share/roseus/ros/kortex_driver/msg/OperatingModeNotificationList.l, /root/ros_ws/devel/share/roseus/ros/kortex_driver/msg/OperatingModeNotificationList.l)
Linked: (/root/ros_ws/devel/.private/kortex_driver/share/roseus/ros/kortex_driver/msg/Base_GpioConfiguration.l, /root/ros_ws/devel/share/roseus/ros/kortex_driver/msg/Base_GpioConfiguration.l)
Linked: (/root/ros_ws/devel/.private/kortex_driver/share/roseus/ros/kortex_driver/msg/ActivateMapHandle.l, /root/ros_ws/devel/share/roseus/ros/kortex_driver/msg/ActivateMapHandle.l)
Linked: (/root/ros_ws/devel/.private/kortex_driver/share/roseus/ros/kortex_driver/msg/UARTWordLength.l, /root/ros_ws/devel/share/roseus/ros/kortex_driver/msg/UARTWordLength.l)
Linked: (/root/ros_ws/devel/.private/kortex_driver/share/roseus/ros/kortex_driver/msg/MapGroup.l, /root/ros_ws/devel/share/roseus/ros/kortex_driver/msg/MapGroup.l)
Linked: (/root/ros_ws/devel/.private/kortex_driver/share/roseus/ros/kortex_driver/msg/SafetyStatusValue.l, /root/ros_ws/devel/share/roseus/ros/kortex_driver/msg/SafetyStatusValue.l)
Linked: (/root/ros_ws/devel/.private/kortex_driver/share/roseus/ros/kortex_driver/msg/ActuatorCustomData.l, /root/ros_ws/devel/share/roseus/ros/kortex_driver/msg/ActuatorCustomData.l)
Linked: (/root/ros_ws/devel/.private/kortex_driver/share/roseus/ros/kortex_driver/msg/CartesianLimitationList.l, /root/ros_ws/devel/share/roseus/ros/kortex_driver/msg/CartesianLimitationList.l)
Linked: (/root/ros_ws/devel/.private/kortex_driver/share/roseus/ros/kortex_driver/msg/KinematicLimits.l, /root/ros_ws/devel/share/roseus/ros/kortex_driver/msg/KinematicLimits.l)
Linked: (/root/ros_ws/devel/.private/kortex_driver/share/roseus/ros/kortex_driver/msg/ControllerBehavior.l, /root/ros_ws/devel/share/roseus/ros/kortex_driver/msg/ControllerBehavior.l)
Linked: (/root/ros_ws/devel/.private/kortex_driver/share/roseus/ros/kortex_driver/msg/ControllerEvent.l, /root/ros_ws/devel/share/roseus/ros/kortex_driver/msg/ControllerEvent.l)
Linked: (/root/ros_ws/devel/.private/kortex_driver/share/roseus/ros/kortex_driver/msg/ConstrainedJointAngle.l, /root/ros_ws/devel/share/roseus/ros/kortex_driver/msg/ConstrainedJointAngle.l)
Linked: (/root/ros_ws/devel/.private/kortex_driver/share/roseus/ros/kortex_driver/msg/KortexError.l, /root/ros_ws/devel/share/roseus/ros/kortex_driver/msg/KortexError.l)
Linked: (/root/ros_ws/devel/.private/kortex_driver/share/roseus/ros/kortex_driver/msg/WifiEnableState.l, /root/ros_ws/devel/share/roseus/ros/kortex_driver/msg/WifiEnableState.l)
Linked: (/root/ros_ws/devel/.private/kortex_driver/share/roseus/ros/kortex_driver/msg/ApiOptions.l, /root/ros_ws/devel/share/roseus/ros/kortex_driver/msg/ApiOptions.l)
Linked: (/root/ros_ws/devel/.private/kortex_driver/share/roseus/ros/kortex_driver/msg/TorqueCalibration.l, /root/ros_ws/devel/share/roseus/ros/kortex_driver/msg/TorqueCalibration.l)
Linked: (/root/ros_ws/devel/.private/kortex_driver/share/roseus/ros/kortex_driver/msg/SequenceTasks.l, /root/ros_ws/devel/share/roseus/ros/kortex_driver/msg/SequenceTasks.l)
Linked: (/root/ros_ws/devel/.private/kortex_driver/share/roseus/ros/kortex_driver/msg/EthernetSpeed.l, /root/ros_ws/devel/share/roseus/ros/kortex_driver/msg/EthernetSpeed.l)
Linked: (/root/ros_ws/devel/.private/kortex_driver/share/roseus/ros/kortex_driver/msg/TwistCommand.l, /root/ros_ws/devel/share/roseus/ros/kortex_driver/msg/TwistCommand.l)
Linked: (/root/ros_ws/devel/.private/kortex_driver/share/roseus/ros/kortex_driver/msg/Base_ServiceVersion.l, /root/ros_ws/devel/share/roseus/ros/kortex_driver/msg/Base_ServiceVersion.l)
Linked: (/root/ros_ws/devel/.private/kortex_driver/share/roseus/ros/kortex_driver/msg/CommandMode.l, /root/ros_ws/devel/share/roseus/ros/kortex_driver/msg/CommandMode.l)
Linked: (/root/ros_ws/devel/.private/kortex_driver/share/roseus/ros/kortex_driver/msg/RobotEvent.l, /root/ros_ws/devel/share/roseus/ros/kortex_driver/msg/RobotEvent.l)
Linked: (/root/ros_ws/devel/.private/kortex_driver/share/roseus/ros/kortex_driver/msg/TrajectoryErrorIdentifier.l, /root/ros_ws/devel/share/roseus/ros/kortex_driver/msg/TrajectoryErrorIdentifier.l)
Linked: (/root/ros_ws/devel/.private/kortex_driver/share/roseus/ros/kortex_driver/msg/EthernetDevice.l, /root/ros_ws/devel/share/roseus/ros/kortex_driver/msg/EthernetDevice.l)
Linked: (/root/ros_ws/devel/.private/kortex_driver/share/roseus/ros/kortex_driver/msg/SafetyNotificationList.l, /root/ros_ws/devel/share/roseus/ros/kortex_driver/msg/SafetyNotificationList.l)
Linked: (/root/ros_ws/devel/.private/kortex_driver/share/roseus/ros/kortex_driver/msg/GpioConfigurationList.l, /root/ros_ws/devel/share/roseus/ros/kortex_driver/msg/GpioConfigurationList.l)
Linked: (/root/ros_ws/devel/.private/kortex_driver/share/roseus/ros/kortex_driver/msg/CartesianSpeed.l, /root/ros_ws/devel/share/roseus/ros/kortex_driver/msg/CartesianSpeed.l)
Linked: (/root/ros_ws/devel/.private/kortex_driver/share/roseus/ros/kortex_driver/msg/WifiInformationList.l, /root/ros_ws/devel/share/roseus/ros/kortex_driver/msg/WifiInformationList.l)
Linked: (/root/ros_ws/devel/.private/kortex_driver/share/roseus/ros/kortex_driver/msg/SequenceTaskConfiguration.l, /root/ros_ws/devel/share/roseus/ros/kortex_driver/msg/SequenceTaskConfiguration.l)
Linked: (/root/ros_ws/devel/.private/kortex_driver/share/roseus/ros/kortex_driver/msg/FrequencyResponse.l, /root/ros_ws/devel/share/roseus/ros/kortex_driver/msg/FrequencyResponse.l)
Linked: (/root/ros_ws/devel/.private/kortex_driver/share/roseus/ros/kortex_driver/msg/OperatingModeNotification.l, /root/ros_ws/devel/share/roseus/ros/kortex_driver/msg/OperatingModeNotification.l)
Linked: (/root/ros_ws/devel/.private/kortex_driver/share/roseus/ros/kortex_driver/msg/Base_ControlMode.l, /root/ros_ws/devel/share/roseus/ros/kortex_driver/msg/Base_ControlMode.l)
Linked: (/root/ros_ws/devel/.private/kortex_driver/share/roseus/ros/kortex_driver/msg/Waypoint_type_of_waypoint.l, /root/ros_ws/devel/share/roseus/ros/kortex_driver/msg/Waypoint_type_of_waypoint.l)
Linked: (/root/ros_ws/devel/.private/kortex_driver/share/roseus/ros/kortex_driver/msg/ServoingModeNotification.l, /root/ros_ws/devel/share/roseus/ros/kortex_driver/msg/ServoingModeNotification.l)
Linked: (/root/ros_ws/devel/.private/kortex_driver/share/roseus/ros/kortex_driver/msg/Base_RotationMatrix.l, /root/ros_ws/devel/share/roseus/ros/kortex_driver/msg/Base_RotationMatrix.l)
Linked: (/root/ros_ws/devel/.private/kortex_driver/share/roseus/ros/kortex_driver/msg/WrenchMode.l, /root/ros_ws/devel/share/roseus/ros/kortex_driver/msg/WrenchMode.l)
Linked: (/root/ros_ws/devel/.private/kortex_driver/share/roseus/ros/kortex_driver/msg/VisionModuleType.l, /root/ros_ws/devel/share/roseus/ros/kortex_driver/msg/VisionModuleType.l)
Linked: (/root/ros_ws/devel/.private/kortex_driver/share/roseus/ros/kortex_driver/msg/LedState.l, /root/ros_ws/devel/share/roseus/ros/kortex_driver/msg/LedState.l)
Linked: (/root/ros_ws/devel/.private/kortex_driver/share/roseus/ros/kortex_driver/msg/BridgeList.l, /root/ros_ws/devel/share/roseus/ros/kortex_driver/msg/BridgeList.l)
Linked: (/root/ros_ws/devel/.private/kortex_driver/share/roseus/ros/kortex_driver/msg/Pose.l, /root/ros_ws/devel/share/roseus/ros/kortex_driver/msg/Pose.l)
Linked: (/root/ros_ws/devel/.private/kortex_driver/share/roseus/ros/kortex_driver/msg/MapGroupHandle.l, /root/ros_ws/devel/share/roseus/ros/kortex_driver/msg/MapGroupHandle.l)
Linked: (/root/ros_ws/devel/.private/kortex_driver/share/roseus/ros/kortex_driver/msg/GripperCyclic_MessageId.l, /root/ros_ws/devel/share/roseus/ros/kortex_driver/msg/GripperCyclic_MessageId.l)
Linked: (/root/ros_ws/devel/.private/kortex_driver/share/roseus/ros/kortex_driver/msg/BitRate.l, /root/ros_ws/devel/share/roseus/ros/kortex_driver/msg/BitRate.l)
Linked: (/root/ros_ws/devel/.private/kortex_driver/share/roseus/ros/kortex_driver/msg/GPIOIdentification.l, /root/ros_ws/devel/share/roseus/ros/kortex_driver/msg/GPIOIdentification.l)
Linked: (/root/ros_ws/devel/.private/kortex_driver/share/roseus/ros/kortex_driver/msg/ConfigurationChangeNotification_configuration_change.l, /root/ros_ws/devel/share/roseus/ros/kortex_driver/msg/ConfigurationChangeNotification_configuration_change.l)
Linked: (/root/ros_ws/devel/.private/kortex_driver/share/roseus/ros/kortex_driver/msg/IntrinsicProfileIdentifier.l, /root/ros_ws/devel/share/roseus/ros/kortex_driver/msg/IntrinsicProfileIdentifier.l)
Linked: (/root/ros_ws/devel/.private/kortex_driver/share/roseus/ros/kortex_driver/msg/LoopSelection.l, /root/ros_ws/devel/share/roseus/ros/kortex_driver/msg/LoopSelection.l)
Linked: (/root/ros_ws/devel/.private/kortex_driver/share/roseus/ros/kortex_driver/msg/SequenceHandle.l, /root/ros_ws/devel/share/roseus/ros/kortex_driver/msg/SequenceHandle.l)
Linked: (/root/ros_ws/devel/.private/kortex_driver/share/roseus/ros/kortex_driver/msg/ActuatorConfig_SafetyLimitType.l, /root/ros_ws/devel/share/roseus/ros/kortex_driver/msg/ActuatorConfig_SafetyLimitType.l)
Linked: (/root/ros_ws/devel/.private/kortex_driver/share/roseus/ros/kortex_driver/msg/Action.l, /root/ros_ws/devel/share/roseus/ros/kortex_driver/msg/Action.l)
Linked: (/root/ros_ws/devel/.private/kortex_driver/share/roseus/ros/kortex_driver/msg/FollowCartesianTrajectoryFeedback.l, /root/ros_ws/devel/share/roseus/ros/kortex_driver/msg/FollowCartesianTrajectoryFeedback.l)
Linked: (/root/ros_ws/devel/.private/kortex_driver/share/roseus/ros/kortex_driver/msg/ModelNumber.l, /root/ros_ws/devel/share/roseus/ros/kortex_driver/msg/ModelNumber.l)
Linked: (/root/ros_ws/devel/.private/kortex_driver/share/roseus/ros/kortex_driver/msg/Base_Position.l, /root/ros_ws/devel/share/roseus/ros/kortex_driver/msg/Base_Position.l)
Linked: (/root/ros_ws/devel/.private/kortex_driver/share/roseus/ros/kortex_driver/msg/VisionEvent.l, /root/ros_ws/devel/share/roseus/ros/kortex_driver/msg/VisionEvent.l)
Linked: (/root/ros_ws/devel/.private/kortex_driver/share/roseus/ros/kortex_driver/msg/Calibration.l, /root/ros_ws/devel/share/roseus/ros/kortex_driver/msg/Calibration.l)
Linked: (/root/ros_ws/devel/.private/kortex_driver/share/roseus/ros/kortex_driver/msg/Sequence.l, /root/ros_ws/devel/share/roseus/ros/kortex_driver/msg/Sequence.l)
Linked: (/root/ros_ws/devel/.private/kortex_driver/share/roseus/ros/kortex_driver/msg/Timeout.l, /root/ros_ws/devel/share/roseus/ros/kortex_driver/msg/Timeout.l)
Linked: (/root/ros_ws/devel/.private/kortex_driver/share/roseus/ros/kortex_driver/msg/SensorFocusAction_action_parameters.l, /root/ros_ws/devel/share/roseus/ros/kortex_driver/msg/SensorFocusAction_action_parameters.l)
Linked: (/root/ros_ws/devel/.private/kortex_driver/share/roseus/ros/kortex_driver/msg/CartesianTransform.l, /root/ros_ws/devel/share/roseus/ros/kortex_driver/msg/CartesianTransform.l)
Linked: (/root/ros_ws/devel/.private/kortex_driver/share/roseus/ros/kortex_driver/msg/WristType.l, /root/ros_ws/devel/share/roseus/ros/kortex_driver/msg/WristType.l)
Linked: (/root/ros_ws/devel/.private/kortex_driver/share/roseus/ros/kortex_driver/msg/WifiSecurityType.l, /root/ros_ws/devel/share/roseus/ros/kortex_driver/msg/WifiSecurityType.l)
Linked: (/root/ros_ws/devel/.private/kortex_driver/share/roseus/ros/kortex_driver/msg/CountryCode.l, /root/ros_ws/devel/share/roseus/ros/kortex_driver/msg/CountryCode.l)
Linked: (/root/ros_ws/devel/.private/kortex_driver/share/roseus/ros/kortex_driver/msg/DeviceManager_ServiceVersion.l, /root/ros_ws/devel/share/roseus/ros/kortex_driver/msg/DeviceManager_ServiceVersion.l)
Linked: (/root/ros_ws/devel/.private/kortex_driver/share/roseus/ros/kortex_driver/msg/ChangeTwist.l, /root/ros_ws/devel/share/roseus/ros/kortex_driver/msg/ChangeTwist.l)
Linked: (/root/ros_ws/devel/.private/kortex_driver/share/roseus/ros/kortex_driver/msg/CartesianTrajectoryConstraint.l, /root/ros_ws/devel/share/roseus/ros/kortex_driver/msg/CartesianTrajectoryConstraint.l)
Linked: (/root/ros_ws/devel/.private/kortex_driver/share/roseus/ros/kortex_driver/msg/DistortionCoefficients.l, /root/ros_ws/devel/share/roseus/ros/kortex_driver/msg/DistortionCoefficients.l)
Linked: (/root/ros_ws/devel/.private/kortex_driver/share/roseus/ros/kortex_driver/msg/ControllerNotificationList.l, /root/ros_ws/devel/share/roseus/ros/kortex_driver/msg/ControllerNotificationList.l)
Linked: (/root/ros_ws/devel/.private/kortex_driver/share/roseus/ros/kortex_driver/msg/SensorSettings.l, /root/ros_ws/devel/share/roseus/ros/kortex_driver/msg/SensorSettings.l)
Linked: (/root/ros_ws/devel/.private/kortex_driver/share/roseus/ros/kortex_driver/msg/ControlConfig_ControlModeNotification.l, /root/ros_ws/devel/share/roseus/ros/kortex_driver/msg/ControlConfig_ControlModeNotification.l)
Linked: (/root/ros_ws/devel/.private/kortex_driver/share/roseus/ros/kortex_driver/msg/SwitchControlMapping.l, /root/ros_ws/devel/share/roseus/ros/kortex_driver/msg/SwitchControlMapping.l)
Linked: (/root/ros_ws/devel/.private/kortex_driver/share/roseus/ros/kortex_driver/msg/InterconnectConfig_SafetyIdentifier.l, /root/ros_ws/devel/share/roseus/ros/kortex_driver/msg/InterconnectConfig_SafetyIdentifier.l)
Linked: (/root/ros_ws/devel/.private/kortex_driver/share/roseus/ros/kortex_driver/msg/Unit.l, /root/ros_ws/devel/share/roseus/ros/kortex_driver/msg/Unit.l)
Linked: (/root/ros_ws/devel/.private/kortex_driver/share/roseus/ros/kortex_driver/msg/Base_Stop.l, /root/ros_ws/devel/share/roseus/ros/kortex_driver/msg/Base_Stop.l)
Linked: (/root/ros_ws/devel/.private/kortex_driver/share/roseus/ros/kortex_driver/msg/BridgeResult.l, /root/ros_ws/devel/share/roseus/ros/kortex_driver/msg/BridgeResult.l)
Linked: (/root/ros_ws/devel/.private/kortex_driver/share/roseus/ros/kortex_driver/msg/GPIOMode.l, /root/ros_ws/devel/share/roseus/ros/kortex_driver/msg/GPIOMode.l)
Linked: (/root/ros_ws/devel/.private/kortex_driver/share/roseus/ros/kortex_driver/msg/SignalQuality.l, /root/ros_ws/devel/share/roseus/ros/kortex_driver/msg/SignalQuality.l)
Linked: (/root/ros_ws/devel/.private/kortex_driver/share/roseus/ros/kortex_driver/msg/GripperMode.l, /root/ros_ws/devel/share/roseus/ros/kortex_driver/msg/GripperMode.l)
Linked: (/root/ros_ws/devel/.private/kortex_driver/share/roseus/ros/kortex_driver/msg/CapSenseRegister.l, /root/ros_ws/devel/share/roseus/ros/kortex_driver/msg/CapSenseRegister.l)
Linked: (/root/ros_ws/devel/.private/kortex_driver/share/roseus/ros/kortex_driver/msg/GripperCommand.l, /root/ros_ws/devel/share/roseus/ros/kortex_driver/msg/GripperCommand.l)
Linked: (/root/ros_ws/devel/.private/kortex_driver/share/roseus/ros/kortex_driver/msg/ProtectionZoneNotification.l, /root/ros_ws/devel/share/roseus/ros/kortex_driver/msg/ProtectionZoneNotification.l)
Linked: (/root/ros_ws/devel/.private/kortex_driver/share/roseus/ros/kortex_driver/msg/GPIOState.l, /root/ros_ws/devel/share/roseus/ros/kortex_driver/msg/GPIOState.l)
Linked: (/root/ros_ws/devel/.private/kortex_driver/share/roseus/ros/kortex_driver/msg/Delay.l, /root/ros_ws/devel/share/roseus/ros/kortex_driver/msg/Delay.l)
Linked: (/root/ros_ws/devel/.private/kortex_driver/share/roseus/ros/kortex_driver/msg/WaypointValidationReport.l, /root/ros_ws/devel/share/roseus/ros/kortex_driver/msg/WaypointValidationReport.l)
Linked: (/root/ros_ws/devel/.private/kortex_driver/share/roseus/ros/kortex_driver/msg/Empty.l, /root/ros_ws/devel/share/roseus/ros/kortex_driver/msg/Empty.l)
Linked: (/root/ros_ws/devel/.private/kortex_driver/share/roseus/ros/kortex_driver/msg/SafetyInformation.l, /root/ros_ws/devel/share/roseus/ros/kortex_driver/msg/SafetyInformation.l)
Linked: (/root/ros_ws/devel/.private/kortex_driver/share/roseus/ros/kortex_driver/msg/UARTSpeed.l, /root/ros_ws/devel/share/roseus/ros/kortex_driver/msg/UARTSpeed.l)
Linked: (/root/ros_ws/devel/.private/kortex_driver/share/roseus/ros/kortex_driver/msg/PreComputedJointTrajectoryElement.l, /root/ros_ws/devel/share/roseus/ros/kortex_driver/msg/PreComputedJointTrajectoryElement.l)
Linked: (/root/ros_ws/devel/.private/kortex_driver/share/roseus/ros/kortex_driver/msg/LimitationType.l, /root/ros_ws/devel/share/roseus/ros/kortex_driver/msg/LimitationType.l)
Linked: (/root/ros_ws/devel/.private/kortex_driver/share/roseus/ros/kortex_driver/msg/TwistLinearSoftLimit.l, /root/ros_ws/devel/share/roseus/ros/kortex_driver/msg/TwistLinearSoftLimit.l)
Linked: (/root/ros_ws/devel/.private/kortex_driver/share/roseus/ros/kortex_driver/msg/RebootRqst.l, /root/ros_ws/devel/share/roseus/ros/kortex_driver/msg/RebootRqst.l)
Linked: (/root/ros_ws/devel/.private/kortex_driver/share/roseus/ros/kortex_driver/msg/UserProfileList.l, /root/ros_ws/devel/share/roseus/ros/kortex_driver/msg/UserProfileList.l)
Linked: (/root/ros_ws/devel/.private/kortex_driver/share/roseus/ros/kortex_driver/msg/ControllerType.l, /root/ros_ws/devel/share/roseus/ros/kortex_driver/msg/ControllerType.l)
Linked: (/root/ros_ws/devel/.private/kortex_driver/share/roseus/ros/kortex_driver/msg/FrameRate.l, /root/ros_ws/devel/share/roseus/ros/kortex_driver/msg/FrameRate.l)
Linked: (/root/ros_ws/devel/.private/kortex_driver/share/roseus/ros/kortex_driver/msg/GpioPinPropertyFlags.l, /root/ros_ws/devel/share/roseus/ros/kortex_driver/msg/GpioPinPropertyFlags.l)
Linked: (/root/ros_ws/devel/.private/kortex_driver/share/roseus/ros/kortex_driver/msg/CustomDataSelection.l, /root/ros_ws/devel/share/roseus/ros/kortex_driver/msg/CustomDataSelection.l)
Linked: (/root/ros_ws/devel/.private/kortex_driver/share/roseus/ros/kortex_driver/msg/JointAngles.l, /root/ros_ws/devel/share/roseus/ros/kortex_driver/msg/JointAngles.l)
Linked: (/root/ros_ws/devel/.private/kortex_driver/share/roseus/ros/kortex_driver/msg/DeviceHandles.l, /root/ros_ws/devel/share/roseus/ros/kortex_driver/msg/DeviceHandles.l)
Linked: (/root/ros_ws/devel/.private/kortex_driver/share/roseus/ros/kortex_driver/msg/GripperConfig_SafetyIdentifier.l, /root/ros_ws/devel/share/roseus/ros/kortex_driver/msg/GripperConfig_SafetyIdentifier.l)
Linked: (/root/ros_ws/devel/.private/kortex_driver/share/roseus/ros/kortex_driver/msg/PasswordChange.l, /root/ros_ws/devel/share/roseus/ros/kortex_driver/msg/PasswordChange.l)
Linked: (/root/ros_ws/devel/.private/kortex_driver/share/roseus/ros/kortex_driver/msg/UARTParity.l, /root/ros_ws/devel/share/roseus/ros/kortex_driver/msg/UARTParity.l)
Linked: (/root/ros_ws/devel/.private/kortex_driver/share/roseus/ros/kortex_driver/msg/DeviceType.l, /root/ros_ws/devel/share/roseus/ros/kortex_driver/msg/DeviceType.l)
Linked: (/root/ros_ws/devel/.private/kortex_driver/share/roseus/ros/kortex_driver/msg/ActuatorCyclic_Command.l, /root/ros_ws/devel/share/roseus/ros/kortex_driver/msg/ActuatorCyclic_Command.l)
Linked: (/root/ros_ws/devel/.private/kortex_driver/share/roseus/ros/kortex_driver/msg/MappingInfoNotification.l, /root/ros_ws/devel/share/roseus/ros/kortex_driver/msg/MappingInfoNotification.l)
Linked: (/root/ros_ws/devel/.private/kortex_driver/share/roseus/ros/kortex_driver/msg/SequenceInformation.l, /root/ros_ws/devel/share/roseus/ros/kortex_driver/msg/SequenceInformation.l)
Linked: (/root/ros_ws/devel/.private/kortex_driver/share/roseus/ros/kortex_driver/msg/ConstrainedJointAngles.l, /root/ros_ws/devel/share/roseus/ros/kortex_driver/msg/ConstrainedJointAngles.l)
Linked: (/root/ros_ws/devel/.private/kortex_driver/share/roseus/ros/kortex_driver/msg/GpioCommand.l, /root/ros_ws/devel/share/roseus/ros/kortex_driver/msg/GpioCommand.l)
Linked: (/root/ros_ws/devel/.private/kortex_driver/share/roseus/ros/kortex_driver/msg/SensorIdentifier.l, /root/ros_ws/devel/share/roseus/ros/kortex_driver/msg/SensorIdentifier.l)
Linked: (/root/ros_ws/devel/.private/kortex_driver/share/roseus/ros/kortex_driver/msg/I2CDeviceIdentification.l, /root/ros_ws/devel/share/roseus/ros/kortex_driver/msg/I2CDeviceIdentification.l)
Linked: (/root/ros_ws/devel/.private/kortex_driver/share/roseus/ros/kortex_driver/msg/ControllerEventType.l, /root/ros_ws/devel/share/roseus/ros/kortex_driver/msg/ControllerEventType.l)
Linked: (/root/ros_ws/devel/.private/kortex_driver/share/roseus/ros/kortex_driver/msg/RobotEventNotification.l, /root/ros_ws/devel/share/roseus/ros/kortex_driver/msg/RobotEventNotification.l)
Linked: (/root/ros_ws/devel/.private/kortex_driver/share/roseus/ros/kortex_driver/msg/WifiEncryptionType.l, /root/ros_ws/devel/share/roseus/ros/kortex_driver/msg/WifiEncryptionType.l)
Linked: (/root/ros_ws/devel/.private/kortex_driver/share/roseus/ros/kortex_driver/msg/VisionNotification.l, /root/ros_ws/devel/share/roseus/ros/kortex_driver/msg/VisionNotification.l)
Linked: (/root/ros_ws/devel/.private/kortex_driver/share/roseus/ros/kortex_driver/msg/VisionConfig_ServiceVersion.l, /root/ros_ws/devel/share/roseus/ros/kortex_driver/msg/VisionConfig_ServiceVersion.l)
Linked: (/root/ros_ws/devel/.private/kortex_driver/share/roseus/ros/kortex_driver/msg/ServoingModeInformation.l, /root/ros_ws/devel/share/roseus/ros/kortex_driver/msg/ServoingModeInformation.l)
Linked: (/root/ros_ws/devel/.private/kortex_driver/share/roseus/ros/kortex_driver/msg/SafetyHandle.l, /root/ros_ws/devel/share/roseus/ros/kortex_driver/msg/SafetyHandle.l)
Linked: (/root/ros_ws/devel/.private/kortex_driver/share/roseus/ros/kortex_driver/msg/InterconnectCyclic_CustomData.l, /root/ros_ws/devel/share/roseus/ros/kortex_driver/msg/InterconnectCyclic_CustomData.l)
Linked: (/root/ros_ws/devel/.private/kortex_driver/share/roseus/ros/kortex_driver/msg/ControlConfigurationEvent.l, /root/ros_ws/devel/share/roseus/ros/kortex_driver/msg/ControlConfigurationEvent.l)
Linked: (/root/ros_ws/devel/.private/kortex_driver/share/roseus/ros/kortex_driver/msg/MapGroupList.l, /root/ros_ws/devel/share/roseus/ros/kortex_driver/msg/MapGroupList.l)
Linked: (/root/ros_ws/devel/.private/kortex_driver/share/roseus/ros/kortex_driver/msg/ControllerState.l, /root/ros_ws/devel/share/roseus/ros/kortex_driver/msg/ControllerState.l)
Linked: (/root/ros_ws/devel/.private/kortex_driver/share/roseus/ros/kortex_driver/msg/RunModes.l, /root/ros_ws/devel/share/roseus/ros/kortex_driver/msg/RunModes.l)
Linked: (/root/ros_ws/devel/.private/kortex_driver/share/roseus/ros/kortex_driver/msg/FollowCartesianTrajectoryActionGoal.l, /root/ros_ws/devel/share/roseus/ros/kortex_driver/msg/FollowCartesianTrajectoryActionGoal.l)
Linked: (/root/ros_ws/devel/.private/kortex_driver/share/roseus/ros/kortex_driver/msg/InterconnectCyclic_Command_tool_command.l, /root/ros_ws/devel/share/roseus/ros/kortex_driver/msg/InterconnectCyclic_Command_tool_command.l)
Linked: (/root/ros_ws/devel/.private/kortex_driver/share/roseus/ros/kortex_driver/msg/CommandFlags.l, /root/ros_ws/devel/share/roseus/ros/kortex_driver/msg/CommandFlags.l)
Linked: (/root/ros_ws/devel/.private/kortex_driver/share/roseus/ros/kortex_driver/msg/BridgePortConfig.l, /root/ros_ws/devel/share/roseus/ros/kortex_driver/msg/BridgePortConfig.l)
Linked: (/root/ros_ws/devel/.private/kortex_driver/share/roseus/ros/kortex_driver/msg/IKData.l, /root/ros_ws/devel/share/roseus/ros/kortex_driver/msg/IKData.l)
Linked: (/root/ros_ws/devel/.private/kortex_driver/share/roseus/ros/kortex_driver/msg/Wrench.l, /root/ros_ws/devel/share/roseus/ros/kortex_driver/msg/Wrench.l)
Linked: (/root/ros_ws/devel/.private/kortex_driver/share/roseus/ros/kortex_driver/msg/DeviceConfig_CapSenseConfig.l, /root/ros_ws/devel/share/roseus/ros/kortex_driver/msg/DeviceConfig_CapSenseConfig.l)
Linked: (/root/ros_ws/devel/.private/kortex_driver/share/roseus/ros/kortex_driver/msg/ArmLaterality.l, /root/ros_ws/devel/share/roseus/ros/kortex_driver/msg/ArmLaterality.l)
Linked: (/root/ros_ws/devel/.private/kortex_driver/share/roseus/ros/kortex_driver/msg/InterconnectCyclic_CustomData_tool_customData.l, /root/ros_ws/devel/share/roseus/ros/kortex_driver/msg/InterconnectCyclic_CustomData_tool_customData.l)
Linked: (/root/ros_ws/devel/.private/kortex_driver/share/roseus/ros/kortex_driver/msg/SensorFocusAction.l, /root/ros_ws/devel/share/roseus/ros/kortex_driver/msg/SensorFocusAction.l)
Linked: (/root/ros_ws/devel/.private/kortex_driver/share/roseus/ros/kortex_driver/msg/CartesianLimitation.l, /root/ros_ws/devel/share/roseus/ros/kortex_driver/msg/CartesianLimitation.l)
Linked: (/root/ros_ws/devel/.private/kortex_driver/share/roseus/ros/kortex_driver/msg/UserList.l, /root/ros_ws/devel/share/roseus/ros/kortex_driver/msg/UserList.l)
Linked: (/root/ros_ws/devel/.private/kortex_driver/share/roseus/ros/kortex_driver/msg/CustomDataIndex.l, /root/ros_ws/devel/share/roseus/ros/kortex_driver/msg/CustomDataIndex.l)
Linked: (/root/ros_ws/devel/.private/kortex_driver/share/roseus/ros/kortex_driver/msg/IPv4Configuration.l, /root/ros_ws/devel/share/roseus/ros/kortex_driver/msg/IPv4Configuration.l)
Linked: (/root/ros_ws/devel/.private/kortex_driver/share/roseus/ros/kortex_driver/msg/AdvancedSequenceHandle.l, /root/ros_ws/devel/share/roseus/ros/kortex_driver/msg/AdvancedSequenceHandle.l)
Linked: (/root/ros_ws/devel/.private/kortex_driver/share/roseus/ros/kortex_driver/msg/CommandModeInformation.l, /root/ros_ws/devel/share/roseus/ros/kortex_driver/msg/CommandModeInformation.l)
Linked: (/root/ros_ws/devel/.private/kortex_driver/share/roseus/ros/kortex_driver/msg/ExtrinsicParameters.l, /root/ros_ws/devel/share/roseus/ros/kortex_driver/msg/ExtrinsicParameters.l)
Linked: (/root/ros_ws/devel/.private/kortex_driver/share/roseus/ros/kortex_driver/msg/IPv4Information.l, /root/ros_ws/devel/share/roseus/ros/kortex_driver/msg/IPv4Information.l)
Linked: (/root/ros_ws/devel/.private/kortex_driver/share/roseus/ros/kortex_driver/msg/SnapshotType.l, /root/ros_ws/devel/share/roseus/ros/kortex_driver/msg/SnapshotType.l)
Linked: (/root/ros_ws/devel/.private/kortex_driver/share/roseus/ros/kortex_driver/msg/SequenceTaskHandle.l, /root/ros_ws/devel/share/roseus/ros/kortex_driver/msg/SequenceTaskHandle.l)
Linked: (/root/ros_ws/devel/.private/kortex_driver/share/roseus/ros/kortex_driver/msg/OperatingModeInformation.l, /root/ros_ws/devel/share/roseus/ros/kortex_driver/msg/OperatingModeInformation.l)
Linked: (/root/ros_ws/devel/.private/kortex_driver/share/roseus/ros/kortex_driver/msg/NotificationHandle.l, /root/ros_ws/devel/share/roseus/ros/kortex_driver/msg/NotificationHandle.l)
Linked: (/root/ros_ws/devel/.private/kortex_driver/share/roseus/ros/kortex_driver/msg/FirmwareComponentVersion.l, /root/ros_ws/devel/share/roseus/ros/kortex_driver/msg/FirmwareComponentVersion.l)
Linked: (/root/ros_ws/devel/.private/kortex_driver/share/roseus/ros/kortex_driver/msg/EmergencyStop.l, /root/ros_ws/devel/share/roseus/ros/kortex_driver/msg/EmergencyStop.l)
Linked: (/root/ros_ws/devel/.private/kortex_driver/share/roseus/ros/kortex_driver/msg/SafetyStatus.l, /root/ros_ws/devel/share/roseus/ros/kortex_driver/msg/SafetyStatus.l)
Linked: (/root/ros_ws/devel/.private/kortex_driver/share/roseus/ros/kortex_driver/msg/JointsLimitationsList.l, /root/ros_ws/devel/share/roseus/ros/kortex_driver/msg/JointsLimitationsList.l)
Linked: (/root/ros_ws/devel/.private/kortex_driver/share/roseus/ros/kortex_driver/msg/PowerOnSelfTestResult.l, /root/ros_ws/devel/share/roseus/ros/kortex_driver/msg/PowerOnSelfTestResult.l)
Linked: (/root/ros_ws/devel/.private/kortex_driver/share/roseus/ros/kortex_driver/msg/ControllerElementState.l, /root/ros_ws/devel/share/roseus/ros/kortex_driver/msg/ControllerElementState.l)
Linked: (/root/ros_ws/devel/.private/kortex_driver/share/roseus/ros/kortex_driver/msg/AngularWaypoint.l, /root/ros_ws/devel/share/roseus/ros/kortex_driver/msg/AngularWaypoint.l)
Linked: (/root/ros_ws/devel/.private/kortex_driver/share/roseus/ros/kortex_driver/msg/FocusAction.l, /root/ros_ws/devel/share/roseus/ros/kortex_driver/msg/FocusAction.l)
Linked: (/root/ros_ws/devel/.private/kortex_driver/share/roseus/ros/kortex_driver/msg/ActuatorCyclic_Feedback.l, /root/ros_ws/devel/share/roseus/ros/kortex_driver/msg/ActuatorCyclic_Feedback.l)
Linked: (/root/ros_ws/devel/.private/kortex_driver/share/roseus/ros/kortex_driver/msg/ConfigurationNotificationEvent.l, /root/ros_ws/devel/share/roseus/ros/kortex_driver/msg/ConfigurationNotificationEvent.l)
Linked: (/root/ros_ws/devel/.private/kortex_driver/share/roseus/ros/kortex_driver/msg/ChangeWrench.l, /root/ros_ws/devel/share/roseus/ros/kortex_driver/msg/ChangeWrench.l)
Linked: (/root/ros_ws/devel/.private/kortex_driver/share/roseus/ros/kortex_driver/msg/I2CDeviceAddressing.l, /root/ros_ws/devel/share/roseus/ros/kortex_driver/msg/I2CDeviceAddressing.l)
Linked: (/root/ros_ws/devel/.private/kortex_driver/share/roseus/ros/kortex_driver/msg/MotorCommand.l, /root/ros_ws/devel/share/roseus/ros/kortex_driver/msg/MotorCommand.l)
Linked: (/root/ros_ws/devel/.private/kortex_driver/share/roseus/ros/kortex_driver/msg/DeviceConfig_CapSenseMode.l, /root/ros_ws/devel/share/roseus/ros/kortex_driver/msg/DeviceConfig_CapSenseMode.l)
Linked: (/root/ros_ws/devel/.private/kortex_driver/share/roseus/ros/kortex_driver/msg/SequenceTask.l, /root/ros_ws/devel/share/roseus/ros/kortex_driver/msg/SequenceTask.l)
Linked: (/root/ros_ws/devel/.private/kortex_driver/share/roseus/ros/kortex_driver/msg/SafetyConfiguration.l, /root/ros_ws/devel/share/roseus/ros/kortex_driver/msg/SafetyConfiguration.l)
Linked: (/root/ros_ws/devel/.private/kortex_driver/share/roseus/ros/kortex_driver/msg/DeviceConfig_SafetyLimitType.l, /root/ros_ws/devel/share/roseus/ros/kortex_driver/msg/DeviceConfig_SafetyLimitType.l)
Linked: (/root/ros_ws/devel/.private/kortex_driver/share/roseus/ros/kortex_driver/msg/I2CWriteParameter.l, /root/ros_ws/devel/share/roseus/ros/kortex_driver/msg/I2CWriteParameter.l)
Linked: (/root/ros_ws/devel/.private/kortex_driver/share/roseus/ros/kortex_driver/msg/Finger.l, /root/ros_ws/devel/share/roseus/ros/kortex_driver/msg/Finger.l)
Linked: (/root/ros_ws/devel/.private/kortex_driver/share/roseus/ros/kortex_driver/msg/ManualFocus.l, /root/ros_ws/devel/share/roseus/ros/kortex_driver/msg/ManualFocus.l)
Linked: (/root/ros_ws/devel/.private/kortex_driver/share/roseus/ros/kortex_driver/msg/NetworkHandle.l, /root/ros_ws/devel/share/roseus/ros/kortex_driver/msg/NetworkHandle.l)
Linked: (/root/ros_ws/devel/.private/kortex_driver/share/roseus/ros/kortex_driver/msg/VectorDriveParameters.l, /root/ros_ws/devel/share/roseus/ros/kortex_driver/msg/VectorDriveParameters.l)
Linked: (/root/ros_ws/devel/.private/kortex_driver/share/roseus/ros/kortex_driver/msg/SystemTime.l, /root/ros_ws/devel/share/roseus/ros/kortex_driver/msg/SystemTime.l)
Linked: (/root/ros_ws/devel/.private/kortex_driver/share/roseus/ros/kortex_driver/msg/ProtectionZoneNotificationList.l, /root/ros_ws/devel/share/roseus/ros/kortex_driver/msg/ProtectionZoneNotificationList.l)
Linked: (/root/ros_ws/devel/.private/kortex_driver/share/roseus/ros/kortex_driver/msg/ProtectionZoneEvent.l, /root/ros_ws/devel/share/roseus/ros/kortex_driver/msg/ProtectionZoneEvent.l)
Linked: (/root/ros_ws/devel/.private/kortex_driver/share/roseus/ros/kortex_driver/msg/StatusFlags.l, /root/ros_ws/devel/share/roseus/ros/kortex_driver/msg/StatusFlags.l)
Linked: (/root/ros_ws/devel/.private/kortex_driver/share/roseus/ros/kortex_driver/msg/ProtectionZone.l, /root/ros_ws/devel/share/roseus/ros/kortex_driver/msg/ProtectionZone.l)
Linked: (/root/ros_ws/devel/.private/kortex_driver/share/roseus/ros/kortex_driver/msg/UserEvent.l, /root/ros_ws/devel/share/roseus/ros/kortex_driver/msg/UserEvent.l)
Linked: (/root/ros_ws/devel/.private/kortex_driver/share/roseus/ros/kortex_driver/msg/KinematicLimitsList.l, /root/ros_ws/devel/share/roseus/ros/kortex_driver/msg/KinematicLimitsList.l)
Linked: (/root/ros_ws/devel/.private/kortex_driver/share/roseus/ros/kortex_driver/msg/InterconnectConfig_GPIOConfiguration.l, /root/ros_ws/devel/share/roseus/ros/kortex_driver/msg/InterconnectConfig_GPIOConfiguration.l)
Linked: (/root/ros_ws/devel/.private/kortex_driver/share/roseus/ros/kortex_driver/msg/MappingList.l, /root/ros_ws/devel/share/roseus/ros/kortex_driver/msg/MappingList.l)
Linked: (/root/ros_ws/devel/.private/kortex_driver/share/roseus/ros/kortex_driver/msg/EthernetDuplex.l, /root/ros_ws/devel/share/roseus/ros/kortex_driver/msg/EthernetDuplex.l)
Linked: (/root/ros_ws/devel/.private/kortex_driver/share/roseus/ros/kortex_driver/msg/ControlLoopParameters.l, /root/ros_ws/devel/share/roseus/ros/kortex_driver/msg/ControlLoopParameters.l)
Linked: (/root/ros_ws/devel/.private/kortex_driver/share/roseus/ros/kortex_driver/msg/FullIPv4Configuration.l, /root/ros_ws/devel/share/roseus/ros/kortex_driver/msg/FullIPv4Configuration.l)
Linked: (/root/ros_ws/devel/.private/kortex_driver/share/roseus/ros/kortex_driver/msg/ControllerHandle.l, /root/ros_ws/devel/share/roseus/ros/kortex_driver/msg/ControllerHandle.l)
Linked: (/root/ros_ws/devel/.private/kortex_driver/share/roseus/ros/kortex_driver/msg/Xbox360AnalogInputIdentifier.l, /root/ros_ws/devel/share/roseus/ros/kortex_driver/msg/Xbox360AnalogInputIdentifier.l)
Linked: (/root/ros_ws/devel/.private/kortex_driver/share/roseus/ros/kortex_driver/msg/BridgeStatus.l, /root/ros_ws/devel/share/roseus/ros/kortex_driver/msg/BridgeStatus.l)
Linked: (/root/ros_ws/devel/.private/kortex_driver/share/roseus/ros/kortex_driver/msg/WaypointList.l, /root/ros_ws/devel/share/roseus/ros/kortex_driver/msg/WaypointList.l)
Linked: (/root/ros_ws/devel/.private/kortex_driver/share/roseus/ros/kortex_driver/msg/GpioAction.l, /root/ros_ws/devel/share/roseus/ros/kortex_driver/msg/GpioAction.l)
Linked: (/root/ros_ws/devel/.private/kortex_driver/share/roseus/ros/kortex_driver/msg/BackupEvent.l, /root/ros_ws/devel/share/roseus/ros/kortex_driver/msg/BackupEvent.l)
Linked: (/root/ros_ws/devel/.private/kortex_driver/share/roseus/ros/kortex_driver/msg/EncoderDerivativeParameters.l, /root/ros_ws/devel/share/roseus/ros/kortex_driver/msg/EncoderDerivativeParameters.l)
Linked: (/root/ros_ws/devel/.private/kortex_driver/share/roseus/ros/kortex_driver/msg/OperatingMode.l, /root/ros_ws/devel/share/roseus/ros/kortex_driver/msg/OperatingMode.l)
Linked: (/root/ros_ws/devel/.private/kortex_driver/share/roseus/ros/kortex_driver/msg/Base_RotationMatrixRow.l, /root/ros_ws/devel/share/roseus/ros/kortex_driver/msg/Base_RotationMatrixRow.l)
Linked: (/root/ros_ws/devel/.private/kortex_driver/share/roseus/ros/kortex_driver/msg/GPIOValue.l, /root/ros_ws/devel/share/roseus/ros/kortex_driver/msg/GPIOValue.l)
Linked: (/root/ros_ws/devel/.private/kortex_driver/share/roseus/ros/kortex_driver/msg/ConfigurationChangeNotificationList.l, /root/ros_ws/devel/share/roseus/ros/kortex_driver/msg/ConfigurationChangeNotificationList.l)
Linked: (/root/ros_ws/devel/.private/kortex_driver/share/roseus/ros/kortex_driver/msg/FollowCartesianTrajectoryGoal.l, /root/ros_ws/devel/share/roseus/ros/kortex_driver/msg/FollowCartesianTrajectoryGoal.l)
Linked: (/root/ros_ws/devel/.private/kortex_driver/share/roseus/ros/kortex_driver/msg/ControllerInputType.l, /root/ros_ws/devel/share/roseus/ros/kortex_driver/msg/ControllerInputType.l)
Linked: (/root/ros_ws/devel/.private/kortex_driver/share/roseus/ros/kortex_driver/msg/SequenceTasksRange.l, /root/ros_ws/devel/share/roseus/ros/kortex_driver/msg/SequenceTasksRange.l)
Linked: (/root/ros_ws/devel/.private/kortex_driver/share/roseus/ros/kortex_driver/msg/CalibrationElement.l, /root/ros_ws/devel/share/roseus/ros/kortex_driver/msg/CalibrationElement.l)
Linked: (/root/ros_ws/devel/.private/kortex_driver/share/roseus/ros/kortex_driver/msg/CartesianReferenceFrame.l, /root/ros_ws/devel/share/roseus/ros/kortex_driver/msg/CartesianReferenceFrame.l)
Linked: (/root/ros_ws/devel/.private/kortex_driver/share/roseus/ros/kortex_driver/msg/TrajectoryInfoType.l, /root/ros_ws/devel/share/roseus/ros/kortex_driver/msg/TrajectoryInfoType.l)
Linked: (/root/ros_ws/devel/.private/kortex_driver/share/roseus/ros/kortex_driver/msg/Gripper.l, /root/ros_ws/devel/share/roseus/ros/kortex_driver/msg/Gripper.l)
Linked: (/root/ros_ws/devel/.private/kortex_driver/share/roseus/ros/kortex_driver/msg/AxisOffsets.l, /root/ros_ws/devel/share/roseus/ros/kortex_driver/msg/AxisOffsets.l)
Linked: (/root/ros_ws/devel/.private/kortex_driver/share/roseus/ros/kortex_driver/msg/TwistLimitation.l, /root/ros_ws/devel/share/roseus/ros/kortex_driver/msg/TwistLimitation.l)
Linked: (/root/ros_ws/devel/.private/kortex_driver/share/roseus/ros/kortex_driver/msg/FirmwareBundleVersions.l, /root/ros_ws/devel/share/roseus/ros/kortex_driver/msg/FirmwareBundleVersions.l)
Linked: (/root/ros_ws/devel/.private/kortex_driver/share/roseus/ros/kortex_driver/msg/Base_CapSenseConfig.l, /root/ros_ws/devel/share/roseus/ros/kortex_driver/msg/Base_CapSenseConfig.l)
Linked: (/root/ros_ws/devel/.private/kortex_driver/share/roseus/ros/kortex_driver/msg/InterconnectConfig_ServiceVersion.l, /root/ros_ws/devel/share/roseus/ros/kortex_driver/msg/InterconnectConfig_ServiceVersion.l)
Linked: (/root/ros_ws/devel/.private/kortex_driver/share/roseus/ros/kortex_driver/msg/ServoingMode.l, /root/ros_ws/devel/share/roseus/ros/kortex_driver/msg/ServoingMode.l)
Linked: (/root/ros_ws/devel/.private/kortex_driver/share/roseus/ros/kortex_driver/msg/ToolConfiguration.l, /root/ros_ws/devel/share/roseus/ros/kortex_driver/msg/ToolConfiguration.l)
Linked: (/root/ros_ws/devel/.private/kortex_driver/share/roseus/ros/kortex_driver/msg/SequenceInfoNotification.l, /root/ros_ws/devel/share/roseus/ros/kortex_driver/msg/SequenceInfoNotification.l)
Linked: (/root/ros_ws/devel/.private/kortex_driver/share/roseus/ros/kortex_driver/msg/DeviceTypes.l, /root/ros_ws/devel/share/roseus/ros/kortex_driver/msg/DeviceTypes.l)
Linked: (/root/ros_ws/devel/.private/kortex_driver/share/roseus/ros/kortex_driver/msg/VisionConfig_RotationMatrixRow.l, /root/ros_ws/devel/share/roseus/ros/kortex_driver/msg/VisionConfig_RotationMatrixRow.l)
Linked: (/root/ros_ws/devel/.private/kortex_driver/share/roseus/ros/kortex_driver/msg/WifiConfiguration.l, /root/ros_ws/devel/share/roseus/ros/kortex_driver/msg/WifiConfiguration.l)
Linked: (/root/ros_ws/devel/.private/kortex_driver/share/roseus/ros/kortex_driver/msg/OptionIdentifier.l, /root/ros_ws/devel/share/roseus/ros/kortex_driver/msg/OptionIdentifier.l)
Linked: (/root/ros_ws/devel/.private/kortex_driver/share/roseus/ros/kortex_driver/msg/GPIOIdentifier.l, /root/ros_ws/devel/share/roseus/ros/kortex_driver/msg/GPIOIdentifier.l)
Linked: (/root/ros_ws/devel/.private/kortex_driver/share/roseus/ros/kortex_driver/msg/FactoryEvent.l, /root/ros_ws/devel/share/roseus/ros/kortex_driver/msg/FactoryEvent.l)
Linked: (/root/ros_ws/devel/.private/kortex_driver/share/roseus/ros/kortex_driver/msg/TrajectoryErrorElement.l, /root/ros_ws/devel/share/roseus/ros/kortex_driver/msg/TrajectoryErrorElement.l)
Linked: (/root/ros_ws/devel/.private/kortex_driver/share/roseus/ros/kortex_driver/msg/SequenceTasksPair.l, /root/ros_ws/devel/share/roseus/ros/kortex_driver/msg/SequenceTasksPair.l)
Linked: (/root/ros_ws/devel/.private/kortex_driver/share/roseus/ros/kortex_driver/msg/CustomDataUnit.l, /root/ros_ws/devel/share/roseus/ros/kortex_driver/msg/CustomDataUnit.l)
Linked: (/root/ros_ws/devel/.private/kortex_driver/share/roseus/ros/kortex_driver/msg/UserNotification.l, /root/ros_ws/devel/share/roseus/ros/kortex_driver/msg/UserNotification.l)
Linked: (/root/ros_ws/devel/.private/kortex_driver/share/roseus/ros/kortex_driver/msg/Map.l, /root/ros_ws/devel/share/roseus/ros/kortex_driver/msg/Map.l)
Linked: (/root/ros_ws/devel/.private/kortex_driver/share/roseus/ros/kortex_driver/msg/GPIOPull.l, /root/ros_ws/devel/share/roseus/ros/kortex_driver/msg/GPIOPull.l)
Linked: (/root/ros_ws/devel/.private/kortex_driver/share/roseus/ros/kortex_driver/msg/SequenceTasksConfiguration.l, /root/ros_ws/devel/share/roseus/ros/kortex_driver/msg/SequenceTasksConfiguration.l)
Linked: (/root/ros_ws/devel/.private/kortex_driver/share/roseus/ros/kortex_driver/msg/Waypoint.l, /root/ros_ws/devel/share/roseus/ros/kortex_driver/msg/Waypoint.l)
Linked: (/root/ros_ws/devel/.private/kortex_driver/share/roseus/ros/kortex_driver/msg/ControllerConfigurationMode.l, /root/ros_ws/devel/share/roseus/ros/kortex_driver/msg/ControllerConfigurationMode.l)
Linked: (/root/ros_ws/devel/.private/kortex_driver/share/roseus/ros/kortex_driver/msg/Timestamp.l, /root/ros_ws/devel/share/roseus/ros/kortex_driver/msg/Timestamp.l)
Linked: (/root/ros_ws/devel/.private/kortex_driver/share/roseus/ros/kortex_driver/msg/JointLimitation.l, /root/ros_ws/devel/share/roseus/ros/kortex_driver/msg/JointLimitation.l)
Linked: (/root/ros_ws/devel/.private/kortex_driver/share/roseus/ros/kortex_driver/msg/EndEffectorType.l, /root/ros_ws/devel/share/roseus/ros/kortex_driver/msg/EndEffectorType.l)
Linked: (/root/ros_ws/devel/.private/kortex_driver/share/roseus/ros/kortex_driver/msg/ArmStateInformation.l, /root/ros_ws/devel/share/roseus/ros/kortex_driver/msg/ArmStateInformation.l)
Linked: (/root/ros_ws/devel/.private/kortex_driver/share/roseus/ros/kortex_driver/msg/DeviceConfig_ServiceVersion.l, /root/ros_ws/devel/share/roseus/ros/kortex_driver/msg/DeviceConfig_ServiceVersion.l)
Linked: (/root/ros_ws/devel/.private/kortex_driver/share/roseus/ros/kortex_driver/msg/MappingInfoNotificationList.l, /root/ros_ws/devel/share/roseus/ros/kortex_driver/msg/MappingInfoNotificationList.l)
Linked: (/root/ros_ws/devel/.private/kortex_driver/share/roseus/ros/kortex_driver/msg/MapElement.l, /root/ros_ws/devel/share/roseus/ros/kortex_driver/msg/MapElement.l)
Linked: (/root/ros_ws/devel/.private/kortex_driver/share/roseus/ros/kortex_driver/srv/GetIPv4Information.l, /root/ros_ws/devel/share/roseus/ros/kortex_driver/srv/GetIPv4Information.l)
Linked: (/root/ros_ws/devel/.private/kortex_driver/share/roseus/ros/kortex_driver/srv/UpdateProtectionZone.l, /root/ros_ws/devel/share/roseus/ros/kortex_driver/srv/UpdateProtectionZone.l)
Linked: (/root/ros_ws/devel/.private/kortex_driver/share/roseus/ros/kortex_driver/srv/ActuatorConfig_ClearFaults.l, /root/ros_ws/devel/share/roseus/ros/kortex_driver/srv/ActuatorConfig_ClearFaults.l)
Linked: (/root/ros_ws/devel/.private/kortex_driver/share/roseus/ros/kortex_driver/srv/UpdateEndEffectorTypeConfiguration.l, /root/ros_ws/devel/share/roseus/ros/kortex_driver/srv/UpdateEndEffectorTypeConfiguration.l)
Linked: (/root/ros_ws/devel/.private/kortex_driver/share/roseus/ros/kortex_driver/srv/GetActivatedControlLoop.l, /root/ros_ws/devel/share/roseus/ros/kortex_driver/srv/GetActivatedControlLoop.l)
Linked: (/root/ros_ws/devel/.private/kortex_driver/share/roseus/ros/kortex_driver/srv/SetApiOptions.l, /root/ros_ws/devel/share/roseus/ros/kortex_driver/srv/SetApiOptions.l)
Linked: (/root/ros_ws/devel/.private/kortex_driver/share/roseus/ros/kortex_driver/srv/ReadMapping.l, /root/ros_ws/devel/share/roseus/ros/kortex_driver/srv/ReadMapping.l)
Linked: (/root/ros_ws/devel/.private/kortex_driver/share/roseus/ros/kortex_driver/srv/GetEthernetConfiguration.l, /root/ros_ws/devel/share/roseus/ros/kortex_driver/srv/GetEthernetConfiguration.l)
Linked: (/root/ros_ws/devel/.private/kortex_driver/share/roseus/ros/kortex_driver/srv/SetGPIOConfiguration.l, /root/ros_ws/devel/share/roseus/ros/kortex_driver/srv/SetGPIOConfiguration.l)
Linked: (/root/ros_ws/devel/.private/kortex_driver/share/roseus/ros/kortex_driver/srv/ExecuteActionFromReference.l, /root/ros_ws/devel/share/roseus/ros/kortex_driver/srv/ExecuteActionFromReference.l)
Linked: (/root/ros_ws/devel/.private/kortex_driver/share/roseus/ros/kortex_driver/srv/GetBootloaderVersion.l, /root/ros_ws/devel/share/roseus/ros/kortex_driver/srv/GetBootloaderVersion.l)
Linked: (/root/ros_ws/devel/.private/kortex_driver/share/roseus/ros/kortex_driver/srv/OnNotificationProtectionZoneTopic.l, /root/ros_ws/devel/share/roseus/ros/kortex_driver/srv/OnNotificationProtectionZoneTopic.l)
Linked: (/root/ros_ws/devel/.private/kortex_driver/share/roseus/ros/kortex_driver/srv/GetIntrinsicParametersProfile.l, /root/ros_ws/devel/share/roseus/ros/kortex_driver/srv/GetIntrinsicParametersProfile.l)
Linked: (/root/ros_ws/devel/.private/kortex_driver/share/roseus/ros/kortex_driver/srv/ReadAllUsers.l, /root/ros_ws/devel/share/roseus/ros/kortex_driver/srv/ReadAllUsers.l)
Linked: (/root/ros_ws/devel/.private/kortex_driver/share/roseus/ros/kortex_driver/srv/GetSafetyInformation.l, /root/ros_ws/devel/share/roseus/ros/kortex_driver/srv/GetSafetyInformation.l)
Linked: (/root/ros_ws/devel/.private/kortex_driver/share/roseus/ros/kortex_driver/srv/GetTorqueOffset.l, /root/ros_ws/devel/share/roseus/ros/kortex_driver/srv/GetTorqueOffset.l)
Linked: (/root/ros_ws/devel/.private/kortex_driver/share/roseus/ros/kortex_driver/srv/PauseAction.l, /root/ros_ws/devel/share/roseus/ros/kortex_driver/srv/PauseAction.l)
Linked: (/root/ros_ws/devel/.private/kortex_driver/share/roseus/ros/kortex_driver/srv/SetActivatedControlLoop.l, /root/ros_ws/devel/share/roseus/ros/kortex_driver/srv/SetActivatedControlLoop.l)
Linked: (/root/ros_ws/devel/.private/kortex_driver/share/roseus/ros/kortex_driver/srv/SetEthernetConfiguration.l, /root/ros_ws/devel/share/roseus/ros/kortex_driver/srv/SetEthernetConfiguration.l)
Linked: (/root/ros_ws/devel/.private/kortex_driver/share/roseus/ros/kortex_driver/srv/CreateProtectionZone.l, /root/ros_ws/devel/share/roseus/ros/kortex_driver/srv/CreateProtectionZone.l)
Linked: (/root/ros_ws/devel/.private/kortex_driver/share/roseus/ros/kortex_driver/srv/SetIPv4Settings.l, /root/ros_ws/devel/share/roseus/ros/kortex_driver/srv/SetIPv4Settings.l)
Linked: (/root/ros_ws/devel/.private/kortex_driver/share/roseus/ros/kortex_driver/srv/OnNotificationControlConfigurationTopic.l, /root/ros_ws/devel/share/roseus/ros/kortex_driver/srv/OnNotificationControlConfigurationTopic.l)
Linked: (/root/ros_ws/devel/.private/kortex_driver/share/roseus/ros/kortex_driver/srv/ValidateWaypointList.l, /root/ros_ws/devel/share/roseus/ros/kortex_driver/srv/ValidateWaypointList.l)
Linked: (/root/ros_ws/devel/.private/kortex_driver/share/roseus/ros/kortex_driver/srv/OnNotificationConfigurationChangeTopic.l, /root/ros_ws/devel/share/roseus/ros/kortex_driver/srv/OnNotificationConfigurationChangeTopic.l)
Linked: (/root/ros_ws/devel/.private/kortex_driver/share/roseus/ros/kortex_driver/srv/GetConnectedWifiInformation.l, /root/ros_ws/devel/share/roseus/ros/kortex_driver/srv/GetConnectedWifiInformation.l)
Linked: (/root/ros_ws/devel/.private/kortex_driver/share/roseus/ros/kortex_driver/srv/ReadAllMaps.l, /root/ros_ws/devel/share/roseus/ros/kortex_driver/srv/ReadAllMaps.l)
Linked: (/root/ros_ws/devel/.private/kortex_driver/share/roseus/ros/kortex_driver/srv/PlayCartesianTrajectory.l, /root/ros_ws/devel/share/roseus/ros/kortex_driver/srv/PlayCartesianTrajectory.l)
Linked: (/root/ros_ws/devel/.private/kortex_driver/share/roseus/ros/kortex_driver/srv/GetWifiCountryCode.l, /root/ros_ws/devel/share/roseus/ros/kortex_driver/srv/GetWifiCountryCode.l)
Linked: (/root/ros_ws/devel/.private/kortex_driver/share/roseus/ros/kortex_driver/srv/PlayJointTrajectory.l, /root/ros_ws/devel/share/roseus/ros/kortex_driver/srv/PlayJointTrajectory.l)
Linked: (/root/ros_ws/devel/.private/kortex_driver/share/roseus/ros/kortex_driver/srv/UpdateMapping.l, /root/ros_ws/devel/share/roseus/ros/kortex_driver/srv/UpdateMapping.l)
Linked: (/root/ros_ws/devel/.private/kortex_driver/share/roseus/ros/kortex_driver/srv/ReadProtectionZone.l, /root/ros_ws/devel/share/roseus/ros/kortex_driver/srv/ReadProtectionZone.l)
Linked: (/root/ros_ws/devel/.private/kortex_driver/share/roseus/ros/kortex_driver/srv/SendJointSpeedsCommand.l, /root/ros_ws/devel/share/roseus/ros/kortex_driver/srv/SendJointSpeedsCommand.l)
Linked: (/root/ros_ws/devel/.private/kortex_driver/share/roseus/ros/kortex_driver/srv/PlayCartesianTrajectoryOrientation.l, /root/ros_ws/devel/share/roseus/ros/kortex_driver/srv/PlayCartesianTrajectoryOrientation.l)
Linked: (/root/ros_ws/devel/.private/kortex_driver/share/roseus/ros/kortex_driver/srv/SetPayloadInformation.l, /root/ros_ws/devel/share/roseus/ros/kortex_driver/srv/SetPayloadInformation.l)
Linked: (/root/ros_ws/devel/.private/kortex_driver/share/roseus/ros/kortex_driver/srv/GetControllerState.l, /root/ros_ws/devel/share/roseus/ros/kortex_driver/srv/GetControllerState.l)
Linked: (/root/ros_ws/devel/.private/kortex_driver/share/roseus/ros/kortex_driver/srv/GetWrenchSoftLimitation.l, /root/ros_ws/devel/share/roseus/ros/kortex_driver/srv/GetWrenchSoftLimitation.l)
Linked: (/root/ros_ws/devel/.private/kortex_driver/share/roseus/ros/kortex_driver/srv/GetControllerConfiguration.l, /root/ros_ws/devel/share/roseus/ros/kortex_driver/srv/GetControllerConfiguration.l)
Linked: (/root/ros_ws/devel/.private/kortex_driver/share/roseus/ros/kortex_driver/srv/GetToolConfiguration.l, /root/ros_ws/devel/share/roseus/ros/kortex_driver/srv/GetToolConfiguration.l)
Linked: (/root/ros_ws/devel/.private/kortex_driver/share/roseus/ros/kortex_driver/srv/ResetTwistLinearSoftLimit.l, /root/ros_ws/devel/share/roseus/ros/kortex_driver/srv/ResetTwistLinearSoftLimit.l)
Linked: (/root/ros_ws/devel/.private/kortex_driver/share/roseus/ros/kortex_driver/srv/SendTwistCommand.l, /root/ros_ws/devel/share/roseus/ros/kortex_driver/srv/SendTwistCommand.l)
Linked: (/root/ros_ws/devel/.private/kortex_driver/share/roseus/ros/kortex_driver/srv/Base_OnNotificationControlModeTopic.l, /root/ros_ws/devel/share/roseus/ros/kortex_driver/srv/Base_OnNotificationControlModeTopic.l)
Linked: (/root/ros_ws/devel/.private/kortex_driver/share/roseus/ros/kortex_driver/srv/SetAdmittance.l, /root/ros_ws/devel/share/roseus/ros/kortex_driver/srv/SetAdmittance.l)
Linked: (/root/ros_ws/devel/.private/kortex_driver/share/roseus/ros/kortex_driver/srv/I2CWrite.l, /root/ros_ws/devel/share/roseus/ros/kortex_driver/srv/I2CWrite.l)
Linked: (/root/ros_ws/devel/.private/kortex_driver/share/roseus/ros/kortex_driver/srv/GetBridgeConfig.l, /root/ros_ws/devel/share/roseus/ros/kortex_driver/srv/GetBridgeConfig.l)
Linked: (/root/ros_ws/devel/.private/kortex_driver/share/roseus/ros/kortex_driver/srv/GetAllControllerConfigurations.l, /root/ros_ws/devel/share/roseus/ros/kortex_driver/srv/GetAllControllerConfigurations.l)
Linked: (/root/ros_ws/devel/.private/kortex_driver/share/roseus/ros/kortex_driver/srv/GetOperatingMode.l, /root/ros_ws/devel/share/roseus/ros/kortex_driver/srv/GetOperatingMode.l)
Linked: (/root/ros_ws/devel/.private/kortex_driver/share/roseus/ros/kortex_driver/srv/SetTwistLinearSoftLimit.l, /root/ros_ws/devel/share/roseus/ros/kortex_driver/srv/SetTwistLinearSoftLimit.l)
Linked: (/root/ros_ws/devel/.private/kortex_driver/share/roseus/ros/kortex_driver/srv/DoSensorFocusAction.l, /root/ros_ws/devel/share/roseus/ros/kortex_driver/srv/DoSensorFocusAction.l)
Linked: (/root/ros_ws/devel/.private/kortex_driver/share/roseus/ros/kortex_driver/srv/DeleteSequence.l, /root/ros_ws/devel/share/roseus/ros/kortex_driver/srv/DeleteSequence.l)
Linked: (/root/ros_ws/devel/.private/kortex_driver/share/roseus/ros/kortex_driver/srv/GetSafetyEnable.l, /root/ros_ws/devel/share/roseus/ros/kortex_driver/srv/GetSafetyEnable.l)
Linked: (/root/ros_ws/devel/.private/kortex_driver/share/roseus/ros/kortex_driver/srv/GetPayloadInformation.l, /root/ros_ws/devel/share/roseus/ros/kortex_driver/srv/GetPayloadInformation.l)
Linked: (/root/ros_ws/devel/.private/kortex_driver/share/roseus/ros/kortex_driver/srv/ReadAllActions.l, /root/ros_ws/devel/share/roseus/ros/kortex_driver/srv/ReadAllActions.l)
Linked: (/root/ros_ws/devel/.private/kortex_driver/share/roseus/ros/kortex_driver/srv/GetKinematicSoftLimits.l, /root/ros_ws/devel/share/roseus/ros/kortex_driver/srv/GetKinematicSoftLimits.l)
Linked: (/root/ros_ws/devel/.private/kortex_driver/share/roseus/ros/kortex_driver/srv/UpdateUserProfile.l, /root/ros_ws/devel/share/roseus/ros/kortex_driver/srv/UpdateUserProfile.l)
Linked: (/root/ros_ws/devel/.private/kortex_driver/share/roseus/ros/kortex_driver/srv/GetAllSafetyConfiguration.l, /root/ros_ws/devel/share/roseus/ros/kortex_driver/srv/GetAllSafetyConfiguration.l)
Linked: (/root/ros_ws/devel/.private/kortex_driver/share/roseus/ros/kortex_driver/srv/SetSafetyErrorThreshold.l, /root/ros_ws/devel/share/roseus/ros/kortex_driver/srv/SetSafetyErrorThreshold.l)
Linked: (/root/ros_ws/devel/.private/kortex_driver/share/roseus/ros/kortex_driver/srv/StopTeaching.l, /root/ros_ws/devel/share/roseus/ros/kortex_driver/srv/StopTeaching.l)
Linked: (/root/ros_ws/devel/.private/kortex_driver/share/roseus/ros/kortex_driver/srv/DeleteAllSequenceTasks.l, /root/ros_ws/devel/share/roseus/ros/kortex_driver/srv/DeleteAllSequenceTasks.l)
Linked: (/root/ros_ws/devel/.private/kortex_driver/share/roseus/ros/kortex_driver/srv/DeleteAction.l, /root/ros_ws/devel/share/roseus/ros/kortex_driver/srv/DeleteAction.l)
Linked: (/root/ros_ws/devel/.private/kortex_driver/share/roseus/ros/kortex_driver/srv/I2CWriteRegister.l, /root/ros_ws/devel/share/roseus/ros/kortex_driver/srv/I2CWriteRegister.l)
Linked: (/root/ros_ws/devel/.private/kortex_driver/share/roseus/ros/kortex_driver/srv/OnNotificationVisionTopic.l, /root/ros_ws/devel/share/roseus/ros/kortex_driver/srv/OnNotificationVisionTopic.l)
Linked: (/root/ros_ws/devel/.private/kortex_driver/share/roseus/ros/kortex_driver/srv/ResetPayloadInformation.l, /root/ros_ws/devel/share/roseus/ros/kortex_driver/srv/ResetPayloadInformation.l)
Linked: (/root/ros_ws/devel/.private/kortex_driver/share/roseus/ros/kortex_driver/srv/SetAxisOffsets.l, /root/ros_ws/devel/share/roseus/ros/kortex_driver/srv/SetAxisOffsets.l)
Linked: (/root/ros_ws/devel/.private/kortex_driver/share/roseus/ros/kortex_driver/srv/GetSerialNumber.l, /root/ros_ws/devel/share/roseus/ros/kortex_driver/srv/GetSerialNumber.l)
Linked: (/root/ros_ws/devel/.private/kortex_driver/share/roseus/ros/kortex_driver/srv/GetBridgeList.l, /root/ros_ws/devel/share/roseus/ros/kortex_driver/srv/GetBridgeList.l)
Linked: (/root/ros_ws/devel/.private/kortex_driver/share/roseus/ros/kortex_driver/srv/AddSequenceTasks.l, /root/ros_ws/devel/share/roseus/ros/kortex_driver/srv/AddSequenceTasks.l)
Linked: (/root/ros_ws/devel/.private/kortex_driver/share/roseus/ros/kortex_driver/srv/GetModelNumber.l, /root/ros_ws/devel/share/roseus/ros/kortex_driver/srv/GetModelNumber.l)
Linked: (/root/ros_ws/devel/.private/kortex_driver/share/roseus/ros/kortex_driver/srv/GetTwistHardLimitation.l, /root/ros_ws/devel/share/roseus/ros/kortex_driver/srv/GetTwistHardLimitation.l)
Linked: (/root/ros_ws/devel/.private/kortex_driver/share/roseus/ros/kortex_driver/srv/UpdateSequence.l, /root/ros_ws/devel/share/roseus/ros/kortex_driver/srv/UpdateSequence.l)
Linked: (/root/ros_ws/devel/.private/kortex_driver/share/roseus/ros/kortex_driver/srv/SetJointAccelerationSoftLimits.l, /root/ros_ws/devel/share/roseus/ros/kortex_driver/srv/SetJointAccelerationSoftLimits.l)
Linked: (/root/ros_ws/devel/.private/kortex_driver/share/roseus/ros/kortex_driver/srv/GetSensorSettings.l, /root/ros_ws/devel/share/roseus/ros/kortex_driver/srv/GetSensorSettings.l)
Linked: (/root/ros_ws/devel/.private/kortex_driver/share/roseus/ros/kortex_driver/srv/SetOperatingMode.l, /root/ros_ws/devel/share/roseus/ros/kortex_driver/srv/SetOperatingMode.l)
Linked: (/root/ros_ws/devel/.private/kortex_driver/share/roseus/ros/kortex_driver/srv/StartTeaching.l, /root/ros_ws/devel/share/roseus/ros/kortex_driver/srv/StartTeaching.l)
Linked: (/root/ros_ws/devel/.private/kortex_driver/share/roseus/ros/kortex_driver/srv/ResetSafetyDefaults.l, /root/ros_ws/devel/share/roseus/ros/kortex_driver/srv/ResetSafetyDefaults.l)
Linked: (/root/ros_ws/devel/.private/kortex_driver/share/roseus/ros/kortex_driver/srv/GetDesiredSpeeds.l, /root/ros_ws/devel/share/roseus/ros/kortex_driver/srv/GetDesiredSpeeds.l)
Linked: (/root/ros_ws/devel/.private/kortex_driver/share/roseus/ros/kortex_driver/srv/SetSafetyEnable.l, /root/ros_ws/devel/share/roseus/ros/kortex_driver/srv/SetSafetyEnable.l)
Linked: (/root/ros_ws/devel/.private/kortex_driver/share/roseus/ros/kortex_driver/srv/SetCartesianReferenceFrame.l, /root/ros_ws/devel/share/roseus/ros/kortex_driver/srv/SetCartesianReferenceFrame.l)
Linked: (/root/ros_ws/devel/.private/kortex_driver/share/roseus/ros/kortex_driver/srv/GetWifiEnableState.l, /root/ros_ws/devel/share/roseus/ros/kortex_driver/srv/GetWifiEnableState.l)
Linked: (/root/ros_ws/devel/.private/kortex_driver/share/roseus/ros/kortex_driver/srv/SetGravityVector.l, /root/ros_ws/devel/share/roseus/ros/kortex_driver/srv/SetGravityVector.l)
Linked: (/root/ros_ws/devel/.private/kortex_driver/share/roseus/ros/kortex_driver/srv/SetExtrinsicParameters.l, /root/ros_ws/devel/share/roseus/ros/kortex_driver/srv/SetExtrinsicParameters.l)
Linked: (/root/ros_ws/devel/.private/kortex_driver/share/roseus/ros/kortex_driver/srv/SetWifiCountryCode.l, /root/ros_ws/devel/share/roseus/ros/kortex_driver/srv/SetWifiCountryCode.l)
Linked: (/root/ros_ws/devel/.private/kortex_driver/share/roseus/ros/kortex_driver/srv/ChangePassword.l, /root/ros_ws/devel/share/roseus/ros/kortex_driver/srv/ChangePassword.l)
Linked: (/root/ros_ws/devel/.private/kortex_driver/share/roseus/ros/kortex_driver/srv/GetAllJointsSpeedSoftLimitation.l, /root/ros_ws/devel/share/roseus/ros/kortex_driver/srv/GetAllJointsSpeedSoftLimitation.l)
Linked: (/root/ros_ws/devel/.private/kortex_driver/share/roseus/ros/kortex_driver/srv/Base_GetCapSenseConfig.l, /root/ros_ws/devel/share/roseus/ros/kortex_driver/srv/Base_GetCapSenseConfig.l)
Linked: (/root/ros_ws/devel/.private/kortex_driver/share/roseus/ros/kortex_driver/srv/SetControlMode.l, /root/ros_ws/devel/share/roseus/ros/kortex_driver/srv/SetControlMode.l)
Linked: (/root/ros_ws/devel/.private/kortex_driver/share/roseus/ros/kortex_driver/srv/GetGPIOConfiguration.l, /root/ros_ws/devel/share/roseus/ros/kortex_driver/srv/GetGPIOConfiguration.l)
Linked: (/root/ros_ws/devel/.private/kortex_driver/share/roseus/ros/kortex_driver/srv/AddWifiConfiguration.l, /root/ros_ws/devel/share/roseus/ros/kortex_driver/srv/AddWifiConfiguration.l)
Linked: (/root/ros_ws/devel/.private/kortex_driver/share/roseus/ros/kortex_driver/srv/ActuatorConfig_GetControlMode.l, /root/ros_ws/devel/share/roseus/ros/kortex_driver/srv/ActuatorConfig_GetControlMode.l)
Linked: (/root/ros_ws/devel/.private/kortex_driver/share/roseus/ros/kortex_driver/srv/OnNotificationActionTopic.l, /root/ros_ws/devel/share/roseus/ros/kortex_driver/srv/OnNotificationActionTopic.l)
Linked: (/root/ros_ws/devel/.private/kortex_driver/share/roseus/ros/kortex_driver/srv/SetBluetoothEnableState.l, /root/ros_ws/devel/share/roseus/ros/kortex_driver/srv/SetBluetoothEnableState.l)
Linked: (/root/ros_ws/devel/.private/kortex_driver/share/roseus/ros/kortex_driver/srv/SetControllerConfiguration.l, /root/ros_ws/devel/share/roseus/ros/kortex_driver/srv/SetControllerConfiguration.l)
Linked: (/root/ros_ws/devel/.private/kortex_driver/share/roseus/ros/kortex_driver/srv/GetExtrinsicParameters.l, /root/ros_ws/devel/share/roseus/ros/kortex_driver/srv/GetExtrinsicParameters.l)
Linked: (/root/ros_ws/devel/.private/kortex_driver/share/roseus/ros/kortex_driver/srv/ControlConfig_Unsubscribe.l, /root/ros_ws/devel/share/roseus/ros/kortex_driver/srv/ControlConfig_Unsubscribe.l)
Linked: (/root/ros_ws/devel/.private/kortex_driver/share/roseus/ros/kortex_driver/srv/ReadAllDevices.l, /root/ros_ws/devel/share/roseus/ros/kortex_driver/srv/ReadAllDevices.l)
Linked: (/root/ros_ws/devel/.private/kortex_driver/share/roseus/ros/kortex_driver/srv/OnNotificationArmStateTopic.l, /root/ros_ws/devel/share/roseus/ros/kortex_driver/srv/OnNotificationArmStateTopic.l)
Linked: (/root/ros_ws/devel/.private/kortex_driver/share/roseus/ros/kortex_driver/srv/GetActuatorCount.l, /root/ros_ws/devel/share/roseus/ros/kortex_driver/srv/GetActuatorCount.l)
Linked: (/root/ros_ws/devel/.private/kortex_driver/share/roseus/ros/kortex_driver/srv/PlaySequence.l, /root/ros_ws/devel/share/roseus/ros/kortex_driver/srv/PlaySequence.l)
Linked: (/root/ros_ws/devel/.private/kortex_driver/share/roseus/ros/kortex_driver/srv/SetServoingMode.l, /root/ros_ws/devel/share/roseus/ros/kortex_driver/srv/SetServoingMode.l)
Linked: (/root/ros_ws/devel/.private/kortex_driver/share/roseus/ros/kortex_driver/srv/SetSafetyWarningThreshold.l, /root/ros_ws/devel/share/roseus/ros/kortex_driver/srv/SetSafetyWarningThreshold.l)
Linked: (/root/ros_ws/devel/.private/kortex_driver/share/roseus/ros/kortex_driver/srv/GetIntrinsicParameters.l, /root/ros_ws/devel/share/roseus/ros/kortex_driver/srv/GetIntrinsicParameters.l)
Linked: (/root/ros_ws/devel/.private/kortex_driver/share/roseus/ros/kortex_driver/srv/SetToolConfiguration.l, /root/ros_ws/devel/share/roseus/ros/kortex_driver/srv/SetToolConfiguration.l)
Linked: (/root/ros_ws/devel/.private/kortex_driver/share/roseus/ros/kortex_driver/srv/GetMeasuredCartesianPose.l, /root/ros_ws/devel/share/roseus/ros/kortex_driver/srv/GetMeasuredCartesianPose.l)
Linked: (/root/ros_ws/devel/.private/kortex_driver/share/roseus/ros/kortex_driver/srv/GetAllConnectedControllers.l, /root/ros_ws/devel/share/roseus/ros/kortex_driver/srv/GetAllConnectedControllers.l)
Linked: (/root/ros_ws/devel/.private/kortex_driver/share/roseus/ros/kortex_driver/srv/SetOptionValue.l, /root/ros_ws/devel/share/roseus/ros/kortex_driver/srv/SetOptionValue.l)
Linked: (/root/ros_ws/devel/.private/kortex_driver/share/roseus/ros/kortex_driver/srv/SetCommunicationInterfaceEnable.l, /root/ros_ws/devel/share/roseus/ros/kortex_driver/srv/SetCommunicationInterfaceEnable.l)
Linked: (/root/ros_ws/devel/.private/kortex_driver/share/roseus/ros/kortex_driver/srv/OnNotificationNetworkTopic.l, /root/ros_ws/devel/share/roseus/ros/kortex_driver/srv/OnNotificationNetworkTopic.l)
Linked: (/root/ros_ws/devel/.private/kortex_driver/share/roseus/ros/kortex_driver/srv/OnNotificationMappingInfoTopic.l, /root/ros_ws/devel/share/roseus/ros/kortex_driver/srv/OnNotificationMappingInfoTopic.l)
Linked: (/root/ros_ws/devel/.private/kortex_driver/share/roseus/ros/kortex_driver/srv/Base_Unsubscribe.l, /root/ros_ws/devel/share/roseus/ros/kortex_driver/srv/Base_Unsubscribe.l)
Linked: (/root/ros_ws/devel/.private/kortex_driver/share/roseus/ros/kortex_driver/srv/ComputeForwardKinematics.l, /root/ros_ws/devel/share/roseus/ros/kortex_driver/srv/ComputeForwardKinematics.l)
Linked: (/root/ros_ws/devel/.private/kortex_driver/share/roseus/ros/kortex_driver/srv/ReadMap.l, /root/ros_ws/devel/share/roseus/ros/kortex_driver/srv/ReadMap.l)
Linked: (/root/ros_ws/devel/.private/kortex_driver/share/roseus/ros/kortex_driver/srv/GetUARTConfiguration.l, /root/ros_ws/devel/share/roseus/ros/kortex_driver/srv/GetUARTConfiguration.l)
Linked: (/root/ros_ws/devel/.private/kortex_driver/share/roseus/ros/kortex_driver/srv/GetAllJointsSpeedHardLimitation.l, /root/ros_ws/devel/share/roseus/ros/kortex_driver/srv/GetAllJointsSpeedHardLimitation.l)
Linked: (/root/ros_ws/devel/.private/kortex_driver/share/roseus/ros/kortex_driver/srv/GetIPv4Configuration.l, /root/ros_ws/devel/share/roseus/ros/kortex_driver/srv/GetIPv4Configuration.l)
Linked: (/root/ros_ws/devel/.private/kortex_driver/share/roseus/ros/kortex_driver/srv/SetCommandMode.l, /root/ros_ws/devel/share/roseus/ros/kortex_driver/srv/SetCommandMode.l)
Linked: (/root/ros_ws/devel/.private/kortex_driver/share/roseus/ros/kortex_driver/srv/GetServoing.l, /root/ros_ws/devel/share/roseus/ros/kortex_driver/srv/GetServoing.l)
Linked: (/root/ros_ws/devel/.private/kortex_driver/share/roseus/ros/kortex_driver/srv/DeviceConfig_SetCapSenseConfig.l, /root/ros_ws/devel/share/roseus/ros/kortex_driver/srv/DeviceConfig_SetCapSenseConfig.l)
Linked: (/root/ros_ws/devel/.private/kortex_driver/share/roseus/ros/kortex_driver/srv/SetServoing.l, /root/ros_ws/devel/share/roseus/ros/kortex_driver/srv/SetServoing.l)
Linked: (/root/ros_ws/devel/.private/kortex_driver/share/roseus/ros/kortex_driver/srv/PlayAdvancedSequence.l, /root/ros_ws/devel/share/roseus/ros/kortex_driver/srv/PlayAdvancedSequence.l)
Linked: (/root/ros_ws/devel/.private/kortex_driver/share/roseus/ros/kortex_driver/srv/ApplyEmergencyStop.l, /root/ros_ws/devel/share/roseus/ros/kortex_driver/srv/ApplyEmergencyStop.l)
Linked: (/root/ros_ws/devel/.private/kortex_driver/share/roseus/ros/kortex_driver/srv/ReadAllSequences.l, /root/ros_ws/devel/share/roseus/ros/kortex_driver/srv/ReadAllSequences.l)
Linked: (/root/ros_ws/devel/.private/kortex_driver/share/roseus/ros/kortex_driver/srv/GetSafetyConfiguration.l, /root/ros_ws/devel/share/roseus/ros/kortex_driver/srv/GetSafetyConfiguration.l)
Linked: (/root/ros_ws/devel/.private/kortex_driver/share/roseus/ros/kortex_driver/srv/IsCommunicationInterfaceEnable.l, /root/ros_ws/devel/share/roseus/ros/kortex_driver/srv/IsCommunicationInterfaceEnable.l)
Linked: (/root/ros_ws/devel/.private/kortex_driver/share/roseus/ros/kortex_driver/srv/OnNotificationControllerTopic.l, /root/ros_ws/devel/share/roseus/ros/kortex_driver/srv/OnNotificationControllerTopic.l)
Linked: (/root/ros_ws/devel/.private/kortex_driver/share/roseus/ros/kortex_driver/srv/ComputeInverseKinematics.l, /root/ros_ws/devel/share/roseus/ros/kortex_driver/srv/ComputeInverseKinematics.l)
Linked: (/root/ros_ws/devel/.private/kortex_driver/share/roseus/ros/kortex_driver/srv/SetIPv4Configuration.l, /root/ros_ws/devel/share/roseus/ros/kortex_driver/srv/SetIPv4Configuration.l)
Linked: (/root/ros_ws/devel/.private/kortex_driver/share/roseus/ros/kortex_driver/srv/ResetJointAccelerationSoftLimits.l, /root/ros_ws/devel/share/roseus/ros/kortex_driver/srv/ResetJointAccelerationSoftLimits.l)
Linked: (/root/ros_ws/devel/.private/kortex_driver/share/roseus/ros/kortex_driver/srv/ClearAllSafetyStatus.l, /root/ros_ws/devel/share/roseus/ros/kortex_driver/srv/ClearAllSafetyStatus.l)
Linked: (/root/ros_ws/devel/.private/kortex_driver/share/roseus/ros/kortex_driver/srv/RestoreFactoryProductConfiguration.l, /root/ros_ws/devel/share/roseus/ros/kortex_driver/srv/RestoreFactoryProductConfiguration.l)
Linked: (/root/ros_ws/devel/.private/kortex_driver/share/roseus/ros/kortex_driver/srv/SendSelectedJointSpeedCommand.l, /root/ros_ws/devel/share/roseus/ros/kortex_driver/srv/SendSelectedJointSpeedCommand.l)
Linked: (/root/ros_ws/devel/.private/kortex_driver/share/roseus/ros/kortex_driver/srv/GetPartNumberRevision.l, /root/ros_ws/devel/share/roseus/ros/kortex_driver/srv/GetPartNumberRevision.l)
Linked: (/root/ros_ws/devel/.private/kortex_driver/share/roseus/ros/kortex_driver/srv/OnNotificationRobotEventTopic.l, /root/ros_ws/devel/share/roseus/ros/kortex_driver/srv/OnNotificationRobotEventTopic.l)
Linked: (/root/ros_ws/devel/.private/kortex_driver/share/roseus/ros/kortex_driver/srv/GetRunMode.l, /root/ros_ws/devel/share/roseus/ros/kortex_driver/srv/GetRunMode.l)
Linked: (/root/ros_ws/devel/.private/kortex_driver/share/roseus/ros/kortex_driver/srv/CreateMap.l, /root/ros_ws/devel/share/roseus/ros/kortex_driver/srv/CreateMap.l)
Linked: (/root/ros_ws/devel/.private/kortex_driver/share/roseus/ros/kortex_driver/srv/SetUARTConfiguration.l, /root/ros_ws/devel/share/roseus/ros/kortex_driver/srv/SetUARTConfiguration.l)
Linked: (/root/ros_ws/devel/.private/kortex_driver/share/roseus/ros/kortex_driver/srv/SetTorqueOffset.l, /root/ros_ws/devel/share/roseus/ros/kortex_driver/srv/SetTorqueOffset.l)
Linked: (/root/ros_ws/devel/.private/kortex_driver/share/roseus/ros/kortex_driver/srv/ReadSequence.l, /root/ros_ws/devel/share/roseus/ros/kortex_driver/srv/ReadSequence.l)
Linked: (/root/ros_ws/devel/.private/kortex_driver/share/roseus/ros/kortex_driver/srv/SetSensorSettings.l, /root/ros_ws/devel/share/roseus/ros/kortex_driver/srv/SetSensorSettings.l)
Linked: (/root/ros_ws/devel/.private/kortex_driver/share/roseus/ros/kortex_driver/srv/DeleteSequenceTask.l, /root/ros_ws/devel/share/roseus/ros/kortex_driver/srv/DeleteSequenceTask.l)
Linked: (/root/ros_ws/devel/.private/kortex_driver/share/roseus/ros/kortex_driver/srv/SetDesiredLinearTwist.l, /root/ros_ws/devel/share/roseus/ros/kortex_driver/srv/SetDesiredLinearTwist.l)
Linked: (/root/ros_ws/devel/.private/kortex_driver/share/roseus/ros/kortex_driver/srv/OnNotificationSafetyTopic.l, /root/ros_ws/devel/share/roseus/ros/kortex_driver/srv/OnNotificationSafetyTopic.l)
Linked: (/root/ros_ws/devel/.private/kortex_driver/share/roseus/ros/kortex_driver/srv/ConnectWifi.l, /root/ros_ws/devel/share/roseus/ros/kortex_driver/srv/ConnectWifi.l)
Linked: (/root/ros_ws/devel/.private/kortex_driver/share/roseus/ros/kortex_driver/srv/GetAxisOffsets.l, /root/ros_ws/devel/share/roseus/ros/kortex_driver/srv/GetAxisOffsets.l)
Linked: (/root/ros_ws/devel/.private/kortex_driver/share/roseus/ros/kortex_driver/srv/DeviceConfig_GetCapSenseConfig.l, /root/ros_ws/devel/share/roseus/ros/kortex_driver/srv/DeviceConfig_GetCapSenseConfig.l)
Linked: (/root/ros_ws/devel/.private/kortex_driver/share/roseus/ros/kortex_driver/srv/GetFirmwareBundleVersions.l, /root/ros_ws/devel/share/roseus/ros/kortex_driver/srv/GetFirmwareBundleVersions.l)
Linked: (/root/ros_ws/devel/.private/kortex_driver/share/roseus/ros/kortex_driver/srv/StartWifiScan.l, /root/ros_ws/devel/share/roseus/ros/kortex_driver/srv/StartWifiScan.l)
Linked: (/root/ros_ws/devel/.private/kortex_driver/share/roseus/ros/kortex_driver/srv/ClearSafetyStatus.l, /root/ros_ws/devel/share/roseus/ros/kortex_driver/srv/ClearSafetyStatus.l)
Linked: (/root/ros_ws/devel/.private/kortex_driver/share/roseus/ros/kortex_driver/srv/StopSequence.l, /root/ros_ws/devel/share/roseus/ros/kortex_driver/srv/StopSequence.l)
Linked: (/root/ros_ws/devel/.private/kortex_driver/share/roseus/ros/kortex_driver/srv/I2CReadRegister.l, /root/ros_ws/devel/share/roseus/ros/kortex_driver/srv/I2CReadRegister.l)
Linked: (/root/ros_ws/devel/.private/kortex_driver/share/roseus/ros/kortex_driver/srv/SetRunMode.l, /root/ros_ws/devel/share/roseus/ros/kortex_driver/srv/SetRunMode.l)
Linked: (/root/ros_ws/devel/.private/kortex_driver/share/roseus/ros/kortex_driver/srv/DeleteMap.l, /root/ros_ws/devel/share/roseus/ros/kortex_driver/srv/DeleteMap.l)
Linked: (/root/ros_ws/devel/.private/kortex_driver/share/roseus/ros/kortex_driver/srv/PlaySelectedJointTrajectory.l, /root/ros_ws/devel/share/roseus/ros/kortex_driver/srv/PlaySelectedJointTrajectory.l)
Linked: (/root/ros_ws/devel/.private/kortex_driver/share/roseus/ros/kortex_driver/srv/SendJointSpeedsJoystickCommand.l, /root/ros_ws/devel/share/roseus/ros/kortex_driver/srv/SendJointSpeedsJoystickCommand.l)
Linked: (/root/ros_ws/devel/.private/kortex_driver/share/roseus/ros/kortex_driver/srv/GetArmState.l, /root/ros_ws/devel/share/roseus/ros/kortex_driver/srv/GetArmState.l)
Linked: (/root/ros_ws/devel/.private/kortex_driver/share/roseus/ros/kortex_driver/srv/SetGPIOState.l, /root/ros_ws/devel/share/roseus/ros/kortex_driver/srv/SetGPIOState.l)
Linked: (/root/ros_ws/devel/.private/kortex_driver/share/roseus/ros/kortex_driver/srv/ReadAllUserProfiles.l, /root/ros_ws/devel/share/roseus/ros/kortex_driver/srv/ReadAllUserProfiles.l)
Linked: (/root/ros_ws/devel/.private/kortex_driver/share/roseus/ros/kortex_driver/srv/SwapSequenceTasks.l, /root/ros_ws/devel/share/roseus/ros/kortex_driver/srv/SwapSequenceTasks.l)
Linked: (/root/ros_ws/devel/.private/kortex_driver/share/roseus/ros/kortex_driver/srv/ExecuteCalibration.l, /root/ros_ws/devel/share/roseus/ros/kortex_driver/srv/ExecuteCalibration.l)
Linked: (/root/ros_ws/devel/.private/kortex_driver/share/roseus/ros/kortex_driver/srv/ReadAllProtectionZones.l, /root/ros_ws/devel/share/roseus/ros/kortex_driver/srv/ReadAllProtectionZones.l)
Linked: (/root/ros_ws/devel/.private/kortex_driver/share/roseus/ros/kortex_driver/srv/ExecuteAction.l, /root/ros_ws/devel/share/roseus/ros/kortex_driver/srv/ExecuteAction.l)
Linked: (/root/ros_ws/devel/.private/kortex_driver/share/roseus/ros/kortex_driver/srv/RebootRequest.l, /root/ros_ws/devel/share/roseus/ros/kortex_driver/srv/RebootRequest.l)
Linked: (/root/ros_ws/devel/.private/kortex_driver/share/roseus/ros/kortex_driver/srv/CreateSequence.l, /root/ros_ws/devel/share/roseus/ros/kortex_driver/srv/CreateSequence.l)
Linked: (/root/ros_ws/devel/.private/kortex_driver/share/roseus/ros/kortex_driver/srv/SendTwistJoystickCommand.l, /root/ros_ws/devel/share/roseus/ros/kortex_driver/srv/SendTwistJoystickCommand.l)
Linked: (/root/ros_ws/devel/.private/kortex_driver/share/roseus/ros/kortex_driver/srv/ResetGravityVector.l, /root/ros_ws/devel/share/roseus/ros/kortex_driver/srv/ResetGravityVector.l)
Linked: (/root/ros_ws/devel/.private/kortex_driver/share/roseus/ros/kortex_driver/srv/SendWrenchJoystickCommand.l, /root/ros_ws/devel/share/roseus/ros/kortex_driver/srv/SendWrenchJoystickCommand.l)
Linked: (/root/ros_ws/devel/.private/kortex_driver/share/roseus/ros/kortex_driver/srv/OnNotificationOperatingModeTopic.l, /root/ros_ws/devel/share/roseus/ros/kortex_driver/srv/OnNotificationOperatingModeTopic.l)
Linked: (/root/ros_ws/devel/.private/kortex_driver/share/roseus/ros/kortex_driver/srv/SetIntrinsicParameters.l, /root/ros_ws/devel/share/roseus/ros/kortex_driver/srv/SetIntrinsicParameters.l)
Linked: (/root/ros_ws/devel/.private/kortex_driver/share/roseus/ros/kortex_driver/srv/GetSafetyStatus.l, /root/ros_ws/devel/share/roseus/ros/kortex_driver/srv/GetSafetyStatus.l)
Linked: (/root/ros_ws/devel/.private/kortex_driver/share/roseus/ros/kortex_driver/srv/MoveToPosition.l, /root/ros_ws/devel/share/roseus/ros/kortex_driver/srv/MoveToPosition.l)
Linked: (/root/ros_ws/devel/.private/kortex_driver/share/roseus/ros/kortex_driver/srv/GetMACAddress.l, /root/ros_ws/devel/share/roseus/ros/kortex_driver/srv/GetMACAddress.l)
Linked: (/root/ros_ws/devel/.private/kortex_driver/share/roseus/ros/kortex_driver/srv/GetCoggingFeedforwardMode.l, /root/ros_ws/devel/share/roseus/ros/kortex_driver/srv/GetCoggingFeedforwardMode.l)
Linked: (/root/ros_ws/devel/.private/kortex_driver/share/roseus/ros/kortex_driver/srv/ReadAction.l, /root/ros_ws/devel/share/roseus/ros/kortex_driver/srv/ReadAction.l)
Linked: (/root/ros_ws/devel/.private/kortex_driver/share/roseus/ros/kortex_driver/srv/OnNotificationUserTopic.l, /root/ros_ws/devel/share/roseus/ros/kortex_driver/srv/OnNotificationUserTopic.l)
Linked: (/root/ros_ws/devel/.private/kortex_driver/share/roseus/ros/kortex_driver/srv/SetControlLoopParameters.l, /root/ros_ws/devel/share/roseus/ros/kortex_driver/srv/SetControlLoopParameters.l)
Linked: (/root/ros_ws/devel/.private/kortex_driver/share/roseus/ros/kortex_driver/srv/Base_GetControlMode.l, /root/ros_ws/devel/share/roseus/ros/kortex_driver/srv/Base_GetControlMode.l)
Linked: (/root/ros_ws/devel/.private/kortex_driver/share/roseus/ros/kortex_driver/srv/ResetTwistAngularSoftLimit.l, /root/ros_ws/devel/share/roseus/ros/kortex_driver/srv/ResetTwistAngularSoftLimit.l)
Linked: (/root/ros_ws/devel/.private/kortex_driver/share/roseus/ros/kortex_driver/srv/GetOptionValue.l, /root/ros_ws/devel/share/roseus/ros/kortex_driver/srv/GetOptionValue.l)
Linked: (/root/ros_ws/devel/.private/kortex_driver/share/roseus/ros/kortex_driver/srv/SendGripperCommand.l, /root/ros_ws/devel/share/roseus/ros/kortex_driver/srv/SendGripperCommand.l)
Linked: (/root/ros_ws/devel/.private/kortex_driver/share/roseus/ros/kortex_driver/srv/MoveSequenceTask.l, /root/ros_ws/devel/share/roseus/ros/kortex_driver/srv/MoveSequenceTask.l)
Linked: (/root/ros_ws/devel/.private/kortex_driver/share/roseus/ros/kortex_driver/srv/SendSelectedJointSpeedJoystickCommand.l, /root/ros_ws/devel/share/roseus/ros/kortex_driver/srv/SendSelectedJointSpeedJoystickCommand.l)
Linked: (/root/ros_ws/devel/.private/kortex_driver/share/roseus/ros/kortex_driver/srv/ControlConfig_OnNotificationControlModeTopic.l, /root/ros_ws/devel/share/roseus/ros/kortex_driver/srv/ControlConfig_OnNotificationControlModeTopic.l)
Linked: (/root/ros_ws/devel/.private/kortex_driver/share/roseus/ros/kortex_driver/srv/GetAllJointsTorqueHardLimitation.l, /root/ros_ws/devel/share/roseus/ros/kortex_driver/srv/GetAllJointsTorqueHardLimitation.l)
Linked: (/root/ros_ws/devel/.private/kortex_driver/share/roseus/ros/kortex_driver/srv/CreateAction.l, /root/ros_ws/devel/share/roseus/ros/kortex_driver/srv/CreateAction.l)
Linked: (/root/ros_ws/devel/.private/kortex_driver/share/roseus/ros/kortex_driver/srv/DisconnectWifi.l, /root/ros_ws/devel/share/roseus/ros/kortex_driver/srv/DisconnectWifi.l)
Linked: (/root/ros_ws/devel/.private/kortex_driver/share/roseus/ros/kortex_driver/srv/ReadSequenceTask.l, /root/ros_ws/devel/share/roseus/ros/kortex_driver/srv/ReadSequenceTask.l)
Linked: (/root/ros_ws/devel/.private/kortex_driver/share/roseus/ros/kortex_driver/srv/OnNotificationFactoryTopic.l, /root/ros_ws/devel/share/roseus/ros/kortex_driver/srv/OnNotificationFactoryTopic.l)
Linked: (/root/ros_ws/devel/.private/kortex_driver/share/roseus/ros/kortex_driver/srv/ResumeAction.l, /root/ros_ws/devel/share/roseus/ros/kortex_driver/srv/ResumeAction.l)
Linked: (/root/ros_ws/devel/.private/kortex_driver/share/roseus/ros/kortex_driver/srv/GetWifiInformation.l, /root/ros_ws/devel/share/roseus/ros/kortex_driver/srv/GetWifiInformation.l)
Linked: (/root/ros_ws/devel/.private/kortex_driver/share/roseus/ros/kortex_driver/srv/SendWrenchCommand.l, /root/ros_ws/devel/share/roseus/ros/kortex_driver/srv/SendWrenchCommand.l)
Linked: (/root/ros_ws/devel/.private/kortex_driver/share/roseus/ros/kortex_driver/srv/SetTwistAngularSoftLimit.l, /root/ros_ws/devel/share/roseus/ros/kortex_driver/srv/SetTwistAngularSoftLimit.l)
Linked: (/root/ros_ws/devel/.private/kortex_driver/share/roseus/ros/kortex_driver/srv/ExecuteWaypointTrajectory.l, /root/ros_ws/devel/share/roseus/ros/kortex_driver/srv/ExecuteWaypointTrajectory.l)
Linked: (/root/ros_ws/devel/.private/kortex_driver/share/roseus/ros/kortex_driver/srv/GetControlLoopParameters.l, /root/ros_ws/devel/share/roseus/ros/kortex_driver/srv/GetControlLoopParameters.l)
Linked: (/root/ros_ws/devel/.private/kortex_driver/share/roseus/ros/kortex_driver/srv/GetTwistSoftLimitation.l, /root/ros_ws/devel/share/roseus/ros/kortex_driver/srv/GetTwistSoftLimitation.l)
Linked: (/root/ros_ws/devel/.private/kortex_driver/share/roseus/ros/kortex_driver/srv/SetControllerConfigurationMode.l, /root/ros_ws/devel/share/roseus/ros/kortex_driver/srv/SetControllerConfigurationMode.l)
Linked: (/root/ros_ws/devel/.private/kortex_driver/share/roseus/ros/kortex_driver/srv/GetGPIOState.l, /root/ros_ws/devel/share/roseus/ros/kortex_driver/srv/GetGPIOState.l)
Linked: (/root/ros_ws/devel/.private/kortex_driver/share/roseus/ros/kortex_driver/srv/I2CRead.l, /root/ros_ws/devel/share/roseus/ros/kortex_driver/srv/I2CRead.l)
Linked: (/root/ros_ws/devel/.private/kortex_driver/share/roseus/ros/kortex_driver/srv/GetConfiguredWifi.l, /root/ros_ws/devel/share/roseus/ros/kortex_driver/srv/GetConfiguredWifi.l)
Linked: (/root/ros_ws/devel/.private/kortex_driver/share/roseus/ros/kortex_driver/srv/GetKinematicHardLimits.l, /root/ros_ws/devel/share/roseus/ros/kortex_driver/srv/GetKinematicHardLimits.l)
Linked: (/root/ros_ws/devel/.private/kortex_driver/share/roseus/ros/kortex_driver/srv/OnNotificationServoingModeTopic.l, /root/ros_ws/devel/share/roseus/ros/kortex_driver/srv/OnNotificationServoingModeTopic.l)
Linked: (/root/ros_ws/devel/.private/kortex_driver/share/roseus/ros/kortex_driver/srv/Base_ClearFaults.l, /root/ros_ws/devel/share/roseus/ros/kortex_driver/srv/Base_ClearFaults.l)
Linked: (/root/ros_ws/devel/.private/kortex_driver/share/roseus/ros/kortex_driver/srv/DeleteUserProfile.l, /root/ros_ws/devel/share/roseus/ros/kortex_driver/srv/DeleteUserProfile.l)
Linked: (/root/ros_ws/devel/.private/kortex_driver/share/roseus/ros/kortex_driver/srv/RestoreFactorySettings.l, /root/ros_ws/devel/share/roseus/ros/kortex_driver/srv/RestoreFactorySettings.l)
Linked: (/root/ros_ws/devel/.private/kortex_driver/share/roseus/ros/kortex_driver/srv/GetPartNumber.l, /root/ros_ws/devel/share/roseus/ros/kortex_driver/srv/GetPartNumber.l)
Linked: (/root/ros_ws/devel/.private/kortex_driver/share/roseus/ros/kortex_driver/srv/ActivateMap.l, /root/ros_ws/devel/share/roseus/ros/kortex_driver/srv/ActivateMap.l)
Linked: (/root/ros_ws/devel/.private/kortex_driver/share/roseus/ros/kortex_driver/srv/GetMeasuredGripperMovement.l, /root/ros_ws/devel/share/roseus/ros/kortex_driver/srv/GetMeasuredGripperMovement.l)
Linked: (/root/ros_ws/devel/.private/kortex_driver/share/roseus/ros/kortex_driver/srv/ResetToolConfiguration.l, /root/ros_ws/devel/share/roseus/ros/kortex_driver/srv/ResetToolConfiguration.l)
Linked: (/root/ros_ws/devel/.private/kortex_driver/share/roseus/ros/kortex_driver/srv/DuplicateMapping.l, /root/ros_ws/devel/share/roseus/ros/kortex_driver/srv/DuplicateMapping.l)
Linked: (/root/ros_ws/devel/.private/kortex_driver/share/roseus/ros/kortex_driver/srv/PauseSequence.l, /root/ros_ws/devel/share/roseus/ros/kortex_driver/srv/PauseSequence.l)
Linked: (/root/ros_ws/devel/.private/kortex_driver/share/roseus/ros/kortex_driver/srv/GetAllConfiguredWifis.l, /root/ros_ws/devel/share/roseus/ros/kortex_driver/srv/GetAllConfiguredWifis.l)
Linked: (/root/ros_ws/devel/.private/kortex_driver/share/roseus/ros/kortex_driver/srv/UpdateMap.l, /root/ros_ws/devel/share/roseus/ros/kortex_driver/srv/UpdateMap.l)
Linked: (/root/ros_ws/devel/.private/kortex_driver/share/roseus/ros/kortex_driver/srv/DeleteMapping.l, /root/ros_ws/devel/share/roseus/ros/kortex_driver/srv/DeleteMapping.l)
Linked: (/root/ros_ws/devel/.private/kortex_driver/share/roseus/ros/kortex_driver/srv/DeleteWifiConfiguration.l, /root/ros_ws/devel/share/roseus/ros/kortex_driver/srv/DeleteWifiConfiguration.l)
Linked: (/root/ros_ws/devel/.private/kortex_driver/share/roseus/ros/kortex_driver/srv/GetServoingMode.l, /root/ros_ws/devel/share/roseus/ros/kortex_driver/srv/GetServoingMode.l)
Linked: (/root/ros_ws/devel/.private/kortex_driver/share/roseus/ros/kortex_driver/srv/UpdateAction.l, /root/ros_ws/devel/share/roseus/ros/kortex_driver/srv/UpdateAction.l)
Linked: (/root/ros_ws/devel/.private/kortex_driver/share/roseus/ros/kortex_driver/srv/Base_SetCapSenseConfig.l, /root/ros_ws/devel/share/roseus/ros/kortex_driver/srv/Base_SetCapSenseConfig.l)
Linked: (/root/ros_ws/devel/.private/kortex_driver/share/roseus/ros/kortex_driver/srv/SetSafetyConfiguration.l, /root/ros_ws/devel/share/roseus/ros/kortex_driver/srv/SetSafetyConfiguration.l)
Linked: (/root/ros_ws/devel/.private/kortex_driver/share/roseus/ros/kortex_driver/srv/GetIPv4Settings.l, /root/ros_ws/devel/share/roseus/ros/kortex_driver/srv/GetIPv4Settings.l)
Linked: (/root/ros_ws/devel/.private/kortex_driver/share/roseus/ros/kortex_driver/srv/GetProductConfiguration.l, /root/ros_ws/devel/share/roseus/ros/kortex_driver/srv/GetProductConfiguration.l)
Linked: (/root/ros_ws/devel/.private/kortex_driver/share/roseus/ros/kortex_driver/srv/GetCalibrationResult.l, /root/ros_ws/devel/share/roseus/ros/kortex_driver/srv/GetCalibrationResult.l)
Linked: (/root/ros_ws/devel/.private/kortex_driver/share/roseus/ros/kortex_driver/srv/GetSelectedCustomData.l, /root/ros_ws/devel/share/roseus/ros/kortex_driver/srv/GetSelectedCustomData.l)
Linked: (/root/ros_ws/devel/.private/kortex_driver/share/roseus/ros/kortex_driver/srv/ControlConfig_GetControlMode.l, /root/ros_ws/devel/share/roseus/ros/kortex_driver/srv/ControlConfig_GetControlMode.l)
Linked: (/root/ros_ws/devel/.private/kortex_driver/share/roseus/ros/kortex_driver/srv/CreateMapping.l, /root/ros_ws/devel/share/roseus/ros/kortex_driver/srv/CreateMapping.l)
Linked: (/root/ros_ws/devel/.private/kortex_driver/share/roseus/ros/kortex_driver/srv/StopAction.l, /root/ros_ws/devel/share/roseus/ros/kortex_driver/srv/StopAction.l)
Linked: (/root/ros_ws/devel/.private/kortex_driver/share/roseus/ros/kortex_driver/srv/PlayCartesianTrajectoryPosition.l, /root/ros_ws/devel/share/roseus/ros/kortex_driver/srv/PlayCartesianTrajectoryPosition.l)
Linked: (/root/ros_ws/devel/.private/kortex_driver/share/roseus/ros/kortex_driver/srv/GetFirmwareVersion.l, /root/ros_ws/devel/share/roseus/ros/kortex_driver/srv/GetFirmwareVersion.l)
Linked: (/root/ros_ws/devel/.private/kortex_driver/share/roseus/ros/kortex_driver/srv/StopCalibration.l, /root/ros_ws/devel/share/roseus/ros/kortex_driver/srv/StopCalibration.l)
Linked: (/root/ros_ws/devel/.private/kortex_driver/share/roseus/ros/kortex_driver/srv/SetCoggingFeedforwardMode.l, /root/ros_ws/devel/share/roseus/ros/kortex_driver/srv/SetCoggingFeedforwardMode.l)
Linked: (/root/ros_ws/devel/.private/kortex_driver/share/roseus/ros/kortex_driver/srv/EnableBridge.l, /root/ros_ws/devel/share/roseus/ros/kortex_driver/srv/EnableBridge.l)
Linked: (/root/ros_ws/devel/.private/kortex_driver/share/roseus/ros/kortex_driver/srv/SetDesiredAngularTwist.l, /root/ros_ws/devel/share/roseus/ros/kortex_driver/srv/SetDesiredAngularTwist.l)
Linked: (/root/ros_ws/devel/.private/kortex_driver/share/roseus/ros/kortex_driver/srv/GetAllJointsTorqueSoftLimitation.l, /root/ros_ws/devel/share/roseus/ros/kortex_driver/srv/GetAllJointsTorqueSoftLimitation.l)
Linked: (/root/ros_ws/devel/.private/kortex_driver/share/roseus/ros/kortex_driver/srv/GetBluetoothEnableState.l, /root/ros_ws/devel/share/roseus/ros/kortex_driver/srv/GetBluetoothEnableState.l)
Linked: (/root/ros_ws/devel/.private/kortex_driver/share/roseus/ros/kortex_driver/srv/SelectCustomData.l, /root/ros_ws/devel/share/roseus/ros/kortex_driver/srv/SelectCustomData.l)
Linked: (/root/ros_ws/devel/.private/kortex_driver/share/roseus/ros/kortex_driver/srv/GetDeviceType.l, /root/ros_ws/devel/share/roseus/ros/kortex_driver/srv/GetDeviceType.l)
Linked: (/root/ros_ws/devel/.private/kortex_driver/share/roseus/ros/kortex_driver/srv/GetI2CConfiguration.l, /root/ros_ws/devel/share/roseus/ros/kortex_driver/srv/GetI2CConfiguration.l)
Linked: (/root/ros_ws/devel/.private/kortex_driver/share/roseus/ros/kortex_driver/srv/GetAvailableWifi.l, /root/ros_ws/devel/share/roseus/ros/kortex_driver/srv/GetAvailableWifi.l)
Linked: (/root/ros_ws/devel/.private/kortex_driver/share/roseus/ros/kortex_driver/srv/SetI2CConfiguration.l, /root/ros_ws/devel/share/roseus/ros/kortex_driver/srv/SetI2CConfiguration.l)
Linked: (/root/ros_ws/devel/.private/kortex_driver/share/roseus/ros/kortex_driver/srv/GetTrajectoryErrorReport.l, /root/ros_ws/devel/share/roseus/ros/kortex_driver/srv/GetTrajectoryErrorReport.l)
Linked: (/root/ros_ws/devel/.private/kortex_driver/share/roseus/ros/kortex_driver/srv/ResumeSequence.l, /root/ros_ws/devel/share/roseus/ros/kortex_driver/srv/ResumeSequence.l)
Linked: (/root/ros_ws/devel/.private/kortex_driver/share/roseus/ros/kortex_driver/srv/ReadUserProfile.l, /root/ros_ws/devel/share/roseus/ros/kortex_driver/srv/ReadUserProfile.l)
Linked: (/root/ros_ws/devel/.private/kortex_driver/share/roseus/ros/kortex_driver/srv/Stop.l, /root/ros_ws/devel/share/roseus/ros/kortex_driver/srv/Stop.l)
Linked: (/root/ros_ws/devel/.private/kortex_driver/share/roseus/ros/kortex_driver/srv/SetDesiredJointSpeeds.l, /root/ros_ws/devel/share/roseus/ros/kortex_driver/srv/SetDesiredJointSpeeds.l)
Linked: (/root/ros_ws/devel/.private/kortex_driver/share/roseus/ros/kortex_driver/srv/PlayPreComputedJointTrajectory.l, /root/ros_ws/devel/share/roseus/ros/kortex_driver/srv/PlayPreComputedJointTrajectory.l)
Linked: (/root/ros_ws/devel/.private/kortex_driver/share/roseus/ros/kortex_driver/srv/SetJointSpeedSoftLimits.l, /root/ros_ws/devel/share/roseus/ros/kortex_driver/srv/SetJointSpeedSoftLimits.l)
Linked: (/root/ros_ws/devel/.private/kortex_driver/share/roseus/ros/kortex_driver/srv/CreateUserProfile.l, /root/ros_ws/devel/share/roseus/ros/kortex_driver/srv/CreateUserProfile.l)
Linked: (/root/ros_ws/devel/.private/kortex_driver/share/roseus/ros/kortex_driver/srv/GetGravityVector.l, /root/ros_ws/devel/share/roseus/ros/kortex_driver/srv/GetGravityVector.l)
Linked: (/root/ros_ws/devel/.private/kortex_driver/share/roseus/ros/kortex_driver/srv/DisableBridge.l, /root/ros_ws/devel/share/roseus/ros/kortex_driver/srv/DisableBridge.l)
Linked: (/root/ros_ws/devel/.private/kortex_driver/share/roseus/ros/kortex_driver/srv/GetAllSafetyInformation.l, /root/ros_ws/devel/share/roseus/ros/kortex_driver/srv/GetAllSafetyInformation.l)
Linked: (/root/ros_ws/devel/.private/kortex_driver/share/roseus/ros/kortex_driver/srv/GetCommandMode.l, /root/ros_ws/devel/share/roseus/ros/kortex_driver/srv/GetCommandMode.l)
Linked: (/root/ros_ws/devel/.private/kortex_driver/share/roseus/ros/kortex_driver/srv/ResetJointSpeedSoftLimits.l, /root/ros_ws/devel/share/roseus/ros/kortex_driver/srv/ResetJointSpeedSoftLimits.l)
Linked: (/root/ros_ws/devel/.private/kortex_driver/share/roseus/ros/kortex_driver/srv/GetWrenchHardLimitation.l, /root/ros_ws/devel/share/roseus/ros/kortex_driver/srv/GetWrenchHardLimitation.l)
Linked: (/root/ros_ws/devel/.private/kortex_driver/share/roseus/ros/kortex_driver/srv/OnNotificationSequenceInfoTopic.l, /root/ros_ws/devel/share/roseus/ros/kortex_driver/srv/OnNotificationSequenceInfoTopic.l)
Linked: (/root/ros_ws/devel/.private/kortex_driver/share/roseus/ros/kortex_driver/srv/SetDeviceID.l, /root/ros_ws/devel/share/roseus/ros/kortex_driver/srv/SetDeviceID.l)
Linked: (/root/ros_ws/devel/.private/kortex_driver/share/roseus/ros/kortex_driver/srv/GetControllerConfigurationMode.l, /root/ros_ws/devel/share/roseus/ros/kortex_driver/srv/GetControllerConfigurationMode.l)
Linked: (/root/ros_ws/devel/.private/kortex_driver/share/roseus/ros/kortex_driver/srv/DeleteProtectionZone.l, /root/ros_ws/devel/share/roseus/ros/kortex_driver/srv/DeleteProtectionZone.l)
Linked: (/root/ros_ws/devel/.private/kortex_driver/share/roseus/ros/kortex_driver/srv/UpdateSequenceTask.l, /root/ros_ws/devel/share/roseus/ros/kortex_driver/srv/UpdateSequenceTask.l)
Linked: (/root/ros_ws/devel/.private/kortex_driver/share/roseus/ros/kortex_driver/srv/GetCartesianReferenceFrame.l, /root/ros_ws/devel/share/roseus/ros/kortex_driver/srv/GetCartesianReferenceFrame.l)
Linked: (/root/ros_ws/devel/.private/kortex_driver/share/roseus/ros/kortex_driver/srv/GetOptionInformation.l, /root/ros_ws/devel/share/roseus/ros/kortex_driver/srv/GetOptionInformation.l)
Linked: (/root/ros_ws/devel/.private/kortex_driver/share/roseus/ros/kortex_driver/srv/TakeSnapshot.l, /root/ros_ws/devel/share/roseus/ros/kortex_driver/srv/TakeSnapshot.l)
Linked: (/root/ros_ws/devel/.private/kortex_driver/share/roseus/ros/kortex_driver/srv/GetAllKinematicSoftLimits.l, /root/ros_ws/devel/share/roseus/ros/kortex_driver/srv/GetAllKinematicSoftLimits.l)
Linked: (/root/ros_ws/devel/.private/kortex_driver/share/roseus/ros/kortex_driver/srv/GetMeasuredJointAngles.l, /root/ros_ws/devel/share/roseus/ros/kortex_driver/srv/GetMeasuredJointAngles.l)
Linked: (/root/ros_ws/devel/.private/kortex_driver/share/roseus/ros/kortex_driver/srv/ReadAllSequenceTasks.l, /root/ros_ws/devel/share/roseus/ros/kortex_driver/srv/ReadAllSequenceTasks.l)
Linked: (/root/ros_ws/devel/.private/kortex_driver/share/roseus/ros/kortex_driver/srv/ReadAllMappings.l, /root/ros_ws/devel/share/roseus/ros/kortex_driver/srv/ReadAllMappings.l)
Linked: (/root/ros_ws/devel/.private/kortex_driver/share/roseus/ros/kortex_driver/srv/SetWifiEnableState.l, /root/ros_ws/devel/share/roseus/ros/kortex_driver/srv/SetWifiEnableState.l)
Linked: (/root/ros_ws/devel/.private/kortex_driver/share/roseus/ros/kortex_driver/srv/DuplicateMap.l, /root/ros_ws/devel/share/roseus/ros/kortex_driver/srv/DuplicateMap.l)
Linked: (/root/ros_ws/devel/.private/kortex_driver/share/kortex_driver/cmake/kortex_driverConfig.cmake, /root/ros_ws/devel/share/kortex_driver/cmake/kortex_driverConfig.cmake)
Linked: (/root/ros_ws/devel/.private/kortex_driver/share/kortex_driver/cmake/kortex_driver-msg-paths.cmake, /root/ros_ws/devel/share/kortex_driver/cmake/kortex_driver-msg-paths.cmake)
Linked: (/root/ros_ws/devel/.private/kortex_driver/share/kortex_driver/cmake/kortex_driverConfig-version.cmake, /root/ros_ws/devel/share/kortex_driver/cmake/kortex_driverConfig-version.cmake)
Linked: (/root/ros_ws/devel/.private/kortex_driver/share/kortex_driver/cmake/kortex_driver-msg-extras.cmake, /root/ros_ws/devel/share/kortex_driver/cmake/kortex_driver-msg-extras.cmake)
Linked: (/root/ros_ws/devel/.private/kortex_driver/share/kortex_driver/msg/FollowCartesianTrajectoryAction.msg, /root/ros_ws/devel/share/kortex_driver/msg/FollowCartesianTrajectoryAction.msg)
Linked: (/root/ros_ws/devel/.private/kortex_driver/share/kortex_driver/msg/FollowCartesianTrajectoryResult.msg, /root/ros_ws/devel/share/kortex_driver/msg/FollowCartesianTrajectoryResult.msg)
Linked: (/root/ros_ws/devel/.private/kortex_driver/share/kortex_driver/msg/FollowCartesianTrajectoryActionFeedback.msg, /root/ros_ws/devel/share/kortex_driver/msg/FollowCartesianTrajectoryActionFeedback.msg)
Linked: (/root/ros_ws/devel/.private/kortex_driver/share/kortex_driver/msg/FollowCartesianTrajectoryActionResult.msg, /root/ros_ws/devel/share/kortex_driver/msg/FollowCartesianTrajectoryActionResult.msg)
Linked: (/root/ros_ws/devel/.private/kortex_driver/share/kortex_driver/msg/FollowCartesianTrajectoryActionGoal.msg, /root/ros_ws/devel/share/kortex_driver/msg/FollowCartesianTrajectoryActionGoal.msg)
Linked: (/root/ros_ws/devel/.private/kortex_driver/share/kortex_driver/msg/FollowCartesianTrajectoryGoal.msg, /root/ros_ws/devel/share/kortex_driver/msg/FollowCartesianTrajectoryGoal.msg)
Linked: (/root/ros_ws/devel/.private/kortex_driver/share/kortex_driver/msg/FollowCartesianTrajectoryFeedback.msg, /root/ros_ws/devel/share/kortex_driver/msg/FollowCartesianTrajectoryFeedback.msg)
Linked: (/root/ros_ws/devel/.private/kortex_driver/lib/libkortex_driver_generated_files.so, /root/ros_ws/devel/lib/libkortex_driver_generated_files.so)
Linked: (/root/ros_ws/devel/.private/kortex_driver/lib/libkortex_arm_driver_implementation.so, /root/ros_ws/devel/lib/libkortex_arm_driver_implementation.so)
Linked: (/root/ros_ws/devel/.private/kortex_driver/lib/python3/dist-packages/kortex_driver/__init__.py, /root/ros_ws/devel/lib/python3/dist-packages/kortex_driver/__init__.py)
Linked: (/root/ros_ws/devel/.private/kortex_driver/lib/python3/dist-packages/kortex_driver/msg/_GpioPinPropertyFlags.py, /root/ros_ws/devel/lib/python3/dist-packages/kortex_driver/msg/_GpioPinPropertyFlags.py)
Linked: (/root/ros_ws/devel/.private/kortex_driver/lib/python3/dist-packages/kortex_driver/msg/_SafetyEvent.py, /root/ros_ws/devel/lib/python3/dist-packages/kortex_driver/msg/_SafetyEvent.py)
Linked: (/root/ros_ws/devel/.private/kortex_driver/lib/python3/dist-packages/kortex_driver/msg/_ArmStateInformation.py, /root/ros_ws/devel/lib/python3/dist-packages/kortex_driver/msg/_ArmStateInformation.py)
Linked: (/root/ros_ws/devel/.private/kortex_driver/lib/python3/dist-packages/kortex_driver/msg/_Delay.py, /root/ros_ws/devel/lib/python3/dist-packages/kortex_driver/msg/_Delay.py)
Linked: (/root/ros_ws/devel/.private/kortex_driver/lib/python3/dist-packages/kortex_driver/msg/_EthernetDuplex.py, /root/ros_ws/devel/lib/python3/dist-packages/kortex_driver/msg/_EthernetDuplex.py)
Linked: (/root/ros_ws/devel/.private/kortex_driver/lib/python3/dist-packages/kortex_driver/msg/_WaypointList.py, /root/ros_ws/devel/lib/python3/dist-packages/kortex_driver/msg/_WaypointList.py)
Linked: (/root/ros_ws/devel/.private/kortex_driver/lib/python3/dist-packages/kortex_driver/msg/_ConstrainedJointAngle.py, /root/ros_ws/devel/lib/python3/dist-packages/kortex_driver/msg/_ConstrainedJointAngle.py)
Linked: (/root/ros_ws/devel/.private/kortex_driver/lib/python3/dist-packages/kortex_driver/msg/_Servoing.py, /root/ros_ws/devel/lib/python3/dist-packages/kortex_driver/msg/_Servoing.py)
Linked: (/root/ros_ws/devel/.private/kortex_driver/lib/python3/dist-packages/kortex_driver/msg/_FollowCartesianTrajectoryActionGoal.py, /root/ros_ws/devel/lib/python3/dist-packages/kortex_driver/msg/_FollowCartesianTrajectoryActionGoal.py)
Linked: (/root/ros_ws/devel/.private/kortex_driver/lib/python3/dist-packages/kortex_driver/msg/_RampResponse.py, /root/ros_ws/devel/lib/python3/dist-packages/kortex_driver/msg/_RampResponse.py)
Linked: (/root/ros_ws/devel/.private/kortex_driver/lib/python3/dist-packages/kortex_driver/msg/_InterconnectConfig_SafetyIdentifier.py, /root/ros_ws/devel/lib/python3/dist-packages/kortex_driver/msg/_InterconnectConfig_SafetyIdentifier.py)
Linked: (/root/ros_ws/devel/.private/kortex_driver/lib/python3/dist-packages/kortex_driver/msg/_VisionConfig_ServiceVersion.py, /root/ros_ws/devel/lib/python3/dist-packages/kortex_driver/msg/_VisionConfig_ServiceVersion.py)
Linked: (/root/ros_ws/devel/.private/kortex_driver/lib/python3/dist-packages/kortex_driver/msg/_ControllerList.py, /root/ros_ws/devel/lib/python3/dist-packages/kortex_driver/msg/_ControllerList.py)
Linked: (/root/ros_ws/devel/.private/kortex_driver/lib/python3/dist-packages/kortex_driver/msg/_RequestedActionType.py, /root/ros_ws/devel/lib/python3/dist-packages/kortex_driver/msg/_RequestedActionType.py)
Linked: (/root/ros_ws/devel/.private/kortex_driver/lib/python3/dist-packages/kortex_driver/msg/_ExtrinsicParameters.py, /root/ros_ws/devel/lib/python3/dist-packages/kortex_driver/msg/_ExtrinsicParameters.py)
Linked: (/root/ros_ws/devel/.private/kortex_driver/lib/python3/dist-packages/kortex_driver/msg/_LimitationType.py, /root/ros_ws/devel/lib/python3/dist-packages/kortex_driver/msg/_LimitationType.py)
Linked: (/root/ros_ws/devel/.private/kortex_driver/lib/python3/dist-packages/kortex_driver/msg/_BridgeType.py, /root/ros_ws/devel/lib/python3/dist-packages/kortex_driver/msg/_BridgeType.py)
Linked: (/root/ros_ws/devel/.private/kortex_driver/lib/python3/dist-packages/kortex_driver/msg/_JointTrajectoryConstraintType.py, /root/ros_ws/devel/lib/python3/dist-packages/kortex_driver/msg/_JointTrajectoryConstraintType.py)
Linked: (/root/ros_ws/devel/.private/kortex_driver/lib/python3/dist-packages/kortex_driver/msg/_DeviceManager_ServiceVersion.py, /root/ros_ws/devel/lib/python3/dist-packages/kortex_driver/msg/_DeviceManager_ServiceVersion.py)
Linked: (/root/ros_ws/devel/.private/kortex_driver/lib/python3/dist-packages/kortex_driver/msg/_Gripper.py, /root/ros_ws/devel/lib/python3/dist-packages/kortex_driver/msg/_Gripper.py)
Linked: (/root/ros_ws/devel/.private/kortex_driver/lib/python3/dist-packages/kortex_driver/msg/_UARTSpeed.py, /root/ros_ws/devel/lib/python3/dist-packages/kortex_driver/msg/_UARTSpeed.py)
Linked: (/root/ros_ws/devel/.private/kortex_driver/lib/python3/dist-packages/kortex_driver/msg/_MappingHandle.py, /root/ros_ws/devel/lib/python3/dist-packages/kortex_driver/msg/_MappingHandle.py)
Linked: (/root/ros_ws/devel/.private/kortex_driver/lib/python3/dist-packages/kortex_driver/msg/_FocusPoint.py, /root/ros_ws/devel/lib/python3/dist-packages/kortex_driver/msg/_FocusPoint.py)
Linked: (/root/ros_ws/devel/.private/kortex_driver/lib/python3/dist-packages/kortex_driver/msg/_CalibrationParameter_value.py, /root/ros_ws/devel/lib/python3/dist-packages/kortex_driver/msg/_CalibrationParameter_value.py)
Linked: (/root/ros_ws/devel/.private/kortex_driver/lib/python3/dist-packages/kortex_driver/msg/_EndEffectorType.py, /root/ros_ws/devel/lib/python3/dist-packages/kortex_driver/msg/_EndEffectorType.py)
Linked: (/root/ros_ws/devel/.private/kortex_driver/lib/python3/dist-packages/kortex_driver/msg/_SensorIdentifier.py, /root/ros_ws/devel/lib/python3/dist-packages/kortex_driver/msg/_SensorIdentifier.py)
Linked: (/root/ros_ws/devel/.private/kortex_driver/lib/python3/dist-packages/kortex_driver/msg/_SequenceTaskHandle.py, /root/ros_ws/devel/lib/python3/dist-packages/kortex_driver/msg/_SequenceTaskHandle.py)
Linked: (/root/ros_ws/devel/.private/kortex_driver/lib/python3/dist-packages/kortex_driver/msg/_RFConfiguration.py, /root/ros_ws/devel/lib/python3/dist-packages/kortex_driver/msg/_RFConfiguration.py)
Linked: (/root/ros_ws/devel/.private/kortex_driver/lib/python3/dist-packages/kortex_driver/msg/_Base_ServiceVersion.py, /root/ros_ws/devel/lib/python3/dist-packages/kortex_driver/msg/_Base_ServiceVersion.py)
Linked: (/root/ros_ws/devel/.private/kortex_driver/lib/python3/dist-packages/kortex_driver/msg/_JointTorque.py, /root/ros_ws/devel/lib/python3/dist-packages/kortex_driver/msg/_JointTorque.py)
Linked: (/root/ros_ws/devel/.private/kortex_driver/lib/python3/dist-packages/kortex_driver/msg/_TwistCommand.py, /root/ros_ws/devel/lib/python3/dist-packages/kortex_driver/msg/_TwistCommand.py)
Linked: (/root/ros_ws/devel/.private/kortex_driver/lib/python3/dist-packages/kortex_driver/msg/_ArmLaterality.py, /root/ros_ws/devel/lib/python3/dist-packages/kortex_driver/msg/_ArmLaterality.py)
Linked: (/root/ros_ws/devel/.private/kortex_driver/lib/python3/dist-packages/kortex_driver/msg/_UserList.py, /root/ros_ws/devel/lib/python3/dist-packages/kortex_driver/msg/_UserList.py)
Linked: (/root/ros_ws/devel/.private/kortex_driver/lib/python3/dist-packages/kortex_driver/msg/_GripperCyclic_Command.py, /root/ros_ws/devel/lib/python3/dist-packages/kortex_driver/msg/_GripperCyclic_Command.py)
Linked: (/root/ros_ws/devel/.private/kortex_driver/lib/python3/dist-packages/kortex_driver/msg/_Faults.py, /root/ros_ws/devel/lib/python3/dist-packages/kortex_driver/msg/_Faults.py)
Linked: (/root/ros_ws/devel/.private/kortex_driver/lib/python3/dist-packages/kortex_driver/msg/_ControllerConfigurationMode.py, /root/ros_ws/devel/lib/python3/dist-packages/kortex_driver/msg/_ControllerConfigurationMode.py)
Linked: (/root/ros_ws/devel/.private/kortex_driver/lib/python3/dist-packages/kortex_driver/msg/_InterfaceModuleType.py, /root/ros_ws/devel/lib/python3/dist-packages/kortex_driver/msg/_InterfaceModuleType.py)
Linked: (/root/ros_ws/devel/.private/kortex_driver/lib/python3/dist-packages/kortex_driver/msg/_I2CWriteRegisterParameter.py, /root/ros_ws/devel/lib/python3/dist-packages/kortex_driver/msg/_I2CWriteRegisterParameter.py)
Linked: (/root/ros_ws/devel/.private/kortex_driver/lib/python3/dist-packages/kortex_driver/msg/_GpioConfigurationList.py, /root/ros_ws/devel/lib/python3/dist-packages/kortex_driver/msg/_GpioConfigurationList.py)
Linked: (/root/ros_ws/devel/.private/kortex_driver/lib/python3/dist-packages/kortex_driver/msg/_GPIOMode.py, /root/ros_ws/devel/lib/python3/dist-packages/kortex_driver/msg/_GPIOMode.py)
Linked: (/root/ros_ws/devel/.private/kortex_driver/lib/python3/dist-packages/kortex_driver/msg/_ActuatorFeedback.py, /root/ros_ws/devel/lib/python3/dist-packages/kortex_driver/msg/_ActuatorFeedback.py)
Linked: (/root/ros_ws/devel/.private/kortex_driver/lib/python3/dist-packages/kortex_driver/msg/_UserProfileList.py, /root/ros_ws/devel/lib/python3/dist-packages/kortex_driver/msg/_UserProfileList.py)
Linked: (/root/ros_ws/devel/.private/kortex_driver/lib/python3/dist-packages/kortex_driver/msg/_Ssid.py, /root/ros_ws/devel/lib/python3/dist-packages/kortex_driver/msg/_Ssid.py)
Linked: (/root/ros_ws/devel/.private/kortex_driver/lib/python3/dist-packages/kortex_driver/msg/_ServoingModeInformation.py, /root/ros_ws/devel/lib/python3/dist-packages/kortex_driver/msg/_ServoingModeInformation.py)
Linked: (/root/ros_ws/devel/.private/kortex_driver/lib/python3/dist-packages/kortex_driver/msg/_ControlConfig_ServiceVersion.py, /root/ros_ws/devel/lib/python3/dist-packages/kortex_driver/msg/_ControlConfig_ServiceVersion.py)
Linked: (/root/ros_ws/devel/.private/kortex_driver/lib/python3/dist-packages/kortex_driver/msg/_GravityVector.py, /root/ros_ws/devel/lib/python3/dist-packages/kortex_driver/msg/_GravityVector.py)
Linked: (/root/ros_ws/devel/.private/kortex_driver/lib/python3/dist-packages/kortex_driver/msg/_EthernetDevice.py, /root/ros_ws/devel/lib/python3/dist-packages/kortex_driver/msg/_EthernetDevice.py)
Linked: (/root/ros_ws/devel/.private/kortex_driver/lib/python3/dist-packages/kortex_driver/msg/_MapList.py, /root/ros_ws/devel/lib/python3/dist-packages/kortex_driver/msg/_MapList.py)
Linked: (/root/ros_ws/devel/.private/kortex_driver/lib/python3/dist-packages/kortex_driver/msg/_Sensor.py, /root/ros_ws/devel/lib/python3/dist-packages/kortex_driver/msg/_Sensor.py)
Linked: (/root/ros_ws/devel/.private/kortex_driver/lib/python3/dist-packages/kortex_driver/msg/_MapHandle.py, /root/ros_ws/devel/lib/python3/dist-packages/kortex_driver/msg/_MapHandle.py)
Linked: (/root/ros_ws/devel/.private/kortex_driver/lib/python3/dist-packages/kortex_driver/msg/_FrequencyResponse.py, /root/ros_ws/devel/lib/python3/dist-packages/kortex_driver/msg/_FrequencyResponse.py)
Linked: (/root/ros_ws/devel/.private/kortex_driver/lib/python3/dist-packages/kortex_driver/msg/_ControllerNotificationList.py, /root/ros_ws/devel/lib/python3/dist-packages/kortex_driver/msg/_ControllerNotificationList.py)
Linked: (/root/ros_ws/devel/.private/kortex_driver/lib/python3/dist-packages/kortex_driver/msg/_DeviceHandle.py, /root/ros_ws/devel/lib/python3/dist-packages/kortex_driver/msg/_DeviceHandle.py)
Linked: (/root/ros_ws/devel/.private/kortex_driver/lib/python3/dist-packages/kortex_driver/msg/_Wrench.py, /root/ros_ws/devel/lib/python3/dist-packages/kortex_driver/msg/_Wrench.py)
Linked: (/root/ros_ws/devel/.private/kortex_driver/lib/python3/dist-packages/kortex_driver/msg/_RobotEvent.py, /root/ros_ws/devel/lib/python3/dist-packages/kortex_driver/msg/_RobotEvent.py)
Linked: (/root/ros_ws/devel/.private/kortex_driver/lib/python3/dist-packages/kortex_driver/msg/_BaseCyclic_Command.py, /root/ros_ws/devel/lib/python3/dist-packages/kortex_driver/msg/_BaseCyclic_Command.py)
Linked: (/root/ros_ws/devel/.private/kortex_driver/lib/python3/dist-packages/kortex_driver/msg/_WrenchMode.py, /root/ros_ws/devel/lib/python3/dist-packages/kortex_driver/msg/_WrenchMode.py)
Linked: (/root/ros_ws/devel/.private/kortex_driver/lib/python3/dist-packages/kortex_driver/msg/_TrajectoryErrorElement.py, /root/ros_ws/devel/lib/python3/dist-packages/kortex_driver/msg/_TrajectoryErrorElement.py)
Linked: (/root/ros_ws/devel/.private/kortex_driver/lib/python3/dist-packages/kortex_driver/msg/_ControlConfig_Position.py, /root/ros_ws/devel/lib/python3/dist-packages/kortex_driver/msg/_ControlConfig_Position.py)
Linked: (/root/ros_ws/devel/.private/kortex_driver/lib/python3/dist-packages/kortex_driver/msg/_IPv4Settings.py, /root/ros_ws/devel/lib/python3/dist-packages/kortex_driver/msg/_IPv4Settings.py)
Linked: (/root/ros_ws/devel/.private/kortex_driver/lib/python3/dist-packages/kortex_driver/msg/_CoggingFeedforwardMode.py, /root/ros_ws/devel/lib/python3/dist-packages/kortex_driver/msg/_CoggingFeedforwardMode.py)
Linked: (/root/ros_ws/devel/.private/kortex_driver/lib/python3/dist-packages/kortex_driver/msg/_Pose.py, /root/ros_ws/devel/lib/python3/dist-packages/kortex_driver/msg/_Pose.py)
Linked: (/root/ros_ws/devel/.private/kortex_driver/lib/python3/dist-packages/kortex_driver/msg/_CoggingFeedforwardModeInformation.py, /root/ros_ws/devel/lib/python3/dist-packages/kortex_driver/msg/_CoggingFeedforwardModeInformation.py)
Linked: (/root/ros_ws/devel/.private/kortex_driver/lib/python3/dist-packages/kortex_driver/msg/_GPIOIdentifier.py, /root/ros_ws/devel/lib/python3/dist-packages/kortex_driver/msg/_GPIOIdentifier.py)
Linked: (/root/ros_ws/devel/.private/kortex_driver/lib/python3/dist-packages/kortex_driver/msg/_CalibrationElement.py, /root/ros_ws/devel/lib/python3/dist-packages/kortex_driver/msg/_CalibrationElement.py)
Linked: (/root/ros_ws/devel/.private/kortex_driver/lib/python3/dist-packages/kortex_driver/msg/_JointAngle.py, /root/ros_ws/devel/lib/python3/dist-packages/kortex_driver/msg/_JointAngle.py)
Linked: (/root/ros_ws/devel/.private/kortex_driver/lib/python3/dist-packages/kortex_driver/msg/_Base_ControlModeInformation.py, /root/ros_ws/devel/lib/python3/dist-packages/kortex_driver/msg/_Base_ControlModeInformation.py)
Linked: (/root/ros_ws/devel/.private/kortex_driver/lib/python3/dist-packages/kortex_driver/msg/_BridgeResult.py, /root/ros_ws/devel/lib/python3/dist-packages/kortex_driver/msg/_BridgeResult.py)
Linked: (/root/ros_ws/devel/.private/kortex_driver/lib/python3/dist-packages/kortex_driver/msg/_JointNavigationDirection.py, /root/ros_ws/devel/lib/python3/dist-packages/kortex_driver/msg/_JointNavigationDirection.py)
Linked: (/root/ros_ws/devel/.private/kortex_driver/lib/python3/dist-packages/kortex_driver/msg/_SensorFocusAction_action_parameters.py, /root/ros_ws/devel/lib/python3/dist-packages/kortex_driver/msg/_SensorFocusAction_action_parameters.py)
Linked: (/root/ros_ws/devel/.private/kortex_driver/lib/python3/dist-packages/kortex_driver/msg/_ActuatorCyclic_CustomData.py, /root/ros_ws/devel/lib/python3/dist-packages/kortex_driver/msg/_ActuatorCyclic_CustomData.py)
Linked: (/root/ros_ws/devel/.private/kortex_driver/lib/python3/dist-packages/kortex_driver/msg/_InterconnectCyclic_CustomData_tool_customData.py, /root/ros_ws/devel/lib/python3/dist-packages/kortex_driver/msg/_InterconnectCyclic_CustomData_tool_customData.py)
Linked: (/root/ros_ws/devel/.private/kortex_driver/lib/python3/dist-packages/kortex_driver/msg/_Empty.py, /root/ros_ws/devel/lib/python3/dist-packages/kortex_driver/msg/_Empty.py)
Linked: (/root/ros_ws/devel/.private/kortex_driver/lib/python3/dist-packages/kortex_driver/msg/_InterconnectCyclic_CustomData.py, /root/ros_ws/devel/lib/python3/dist-packages/kortex_driver/msg/_InterconnectCyclic_CustomData.py)
Linked: (/root/ros_ws/devel/.private/kortex_driver/lib/python3/dist-packages/kortex_driver/msg/_SequenceTask.py, /root/ros_ws/devel/lib/python3/dist-packages/kortex_driver/msg/_SequenceTask.py)
Linked: (/root/ros_ws/devel/.private/kortex_driver/lib/python3/dist-packages/kortex_driver/msg/_SoundType.py, /root/ros_ws/devel/lib/python3/dist-packages/kortex_driver/msg/_SoundType.py)
Linked: (/root/ros_ws/devel/.private/kortex_driver/lib/python3/dist-packages/kortex_driver/msg/_SensorSettings.py, /root/ros_ws/devel/lib/python3/dist-packages/kortex_driver/msg/_SensorSettings.py)
Linked: (/root/ros_ws/devel/.private/kortex_driver/lib/python3/dist-packages/kortex_driver/msg/_TrajectoryContinuityMode.py, /root/ros_ws/devel/lib/python3/dist-packages/kortex_driver/msg/_TrajectoryContinuityMode.py)
Linked: (/root/ros_ws/devel/.private/kortex_driver/lib/python3/dist-packages/kortex_driver/msg/_EventIdSequenceInfoNotification.py, /root/ros_ws/devel/lib/python3/dist-packages/kortex_driver/msg/_EventIdSequenceInfoNotification.py)
Linked: (/root/ros_ws/devel/.private/kortex_driver/lib/python3/dist-packages/kortex_driver/msg/_Base_CapSenseConfig.py, /root/ros_ws/devel/lib/python3/dist-packages/kortex_driver/msg/_Base_CapSenseConfig.py)
Linked: (/root/ros_ws/devel/.private/kortex_driver/lib/python3/dist-packages/kortex_driver/msg/_ServoingModeNotificationList.py, /root/ros_ws/devel/lib/python3/dist-packages/kortex_driver/msg/_ServoingModeNotificationList.py)
Linked: (/root/ros_ws/devel/.private/kortex_driver/lib/python3/dist-packages/kortex_driver/msg/_I2CRegisterAddressSize.py, /root/ros_ws/devel/lib/python3/dist-packages/kortex_driver/msg/_I2CRegisterAddressSize.py)
Linked: (/root/ros_ws/devel/.private/kortex_driver/lib/python3/dist-packages/kortex_driver/msg/_VisionConfig_RotationMatrix.py, /root/ros_ws/devel/lib/python3/dist-packages/kortex_driver/msg/_VisionConfig_RotationMatrix.py)
Linked: (/root/ros_ws/devel/.private/kortex_driver/lib/python3/dist-packages/kortex_driver/msg/_WrenchCommand.py, /root/ros_ws/devel/lib/python3/dist-packages/kortex_driver/msg/_WrenchCommand.py)
Linked: (/root/ros_ws/devel/.private/kortex_driver/lib/python3/dist-packages/kortex_driver/msg/_MapGroupList.py, /root/ros_ws/devel/lib/python3/dist-packages/kortex_driver/msg/_MapGroupList.py)
Linked: (/root/ros_ws/devel/.private/kortex_driver/lib/python3/dist-packages/kortex_driver/msg/_CartesianWaypoint.py, /root/ros_ws/devel/lib/python3/dist-packages/kortex_driver/msg/_CartesianWaypoint.py)
Linked: (/root/ros_ws/devel/.private/kortex_driver/lib/python3/dist-packages/kortex_driver/msg/_SafetyIdentifierBankA.py, /root/ros_ws/devel/lib/python3/dist-packages/kortex_driver/msg/_SafetyIdentifierBankA.py)
Linked: (/root/ros_ws/devel/.private/kortex_driver/lib/python3/dist-packages/kortex_driver/msg/_MapGroupHandle.py, /root/ros_ws/devel/lib/python3/dist-packages/kortex_driver/msg/_MapGroupHandle.py)
Linked: (/root/ros_ws/devel/.private/kortex_driver/lib/python3/dist-packages/kortex_driver/msg/_OperatingMode.py, /root/ros_ws/devel/lib/python3/dist-packages/kortex_driver/msg/_OperatingMode.py)
Linked: (/root/ros_ws/devel/.private/kortex_driver/lib/python3/dist-packages/kortex_driver/msg/_BackupEvent.py, /root/ros_ws/devel/lib/python3/dist-packages/kortex_driver/msg/_BackupEvent.py)
Linked: (/root/ros_ws/devel/.private/kortex_driver/lib/python3/dist-packages/kortex_driver/msg/_Mapping.py, /root/ros_ws/devel/lib/python3/dist-packages/kortex_driver/msg/_Mapping.py)
Linked: (/root/ros_ws/devel/.private/kortex_driver/lib/python3/dist-packages/kortex_driver/msg/_Query.py, /root/ros_ws/devel/lib/python3/dist-packages/kortex_driver/msg/_Query.py)
Linked: (/root/ros_ws/devel/.private/kortex_driver/lib/python3/dist-packages/kortex_driver/msg/_GpioCommand.py, /root/ros_ws/devel/lib/python3/dist-packages/kortex_driver/msg/_GpioCommand.py)
Linked: (/root/ros_ws/devel/.private/kortex_driver/lib/python3/dist-packages/kortex_driver/msg/_TwistAngularSoftLimit.py, /root/ros_ws/devel/lib/python3/dist-packages/kortex_driver/msg/_TwistAngularSoftLimit.py)
Linked: (/root/ros_ws/devel/.private/kortex_driver/lib/python3/dist-packages/kortex_driver/msg/_SystemTime.py, /root/ros_ws/devel/lib/python3/dist-packages/kortex_driver/msg/_SystemTime.py)
Linked: (/root/ros_ws/devel/.private/kortex_driver/lib/python3/dist-packages/kortex_driver/msg/_BridgeIdentifier.py, /root/ros_ws/devel/lib/python3/dist-packages/kortex_driver/msg/_BridgeIdentifier.py)
Linked: (/root/ros_ws/devel/.private/kortex_driver/lib/python3/dist-packages/kortex_driver/msg/_ControllerElementHandle.py, /root/ros_ws/devel/lib/python3/dist-packages/kortex_driver/msg/_ControllerElementHandle.py)
Linked: (/root/ros_ws/devel/.private/kortex_driver/lib/python3/dist-packages/kortex_driver/msg/_CommandMode.py, /root/ros_ws/devel/lib/python3/dist-packages/kortex_driver/msg/_CommandMode.py)
Linked: (/root/ros_ws/devel/.private/kortex_driver/lib/python3/dist-packages/kortex_driver/msg/_ActuatorConfig_ControlMode.py, /root/ros_ws/devel/lib/python3/dist-packages/kortex_driver/msg/_ActuatorConfig_ControlMode.py)
Linked: (/root/ros_ws/devel/.private/kortex_driver/lib/python3/dist-packages/kortex_driver/msg/_ControllerConfiguration.py, /root/ros_ws/devel/lib/python3/dist-packages/kortex_driver/msg/_ControllerConfiguration.py)
Linked: (/root/ros_ws/devel/.private/kortex_driver/lib/python3/dist-packages/kortex_driver/msg/_UARTDeviceIdentification.py, /root/ros_ws/devel/lib/python3/dist-packages/kortex_driver/msg/_UARTDeviceIdentification.py)
Linked: (/root/ros_ws/devel/.private/kortex_driver/lib/python3/dist-packages/kortex_driver/msg/_PositionCommand.py, /root/ros_ws/devel/lib/python3/dist-packages/kortex_driver/msg/_PositionCommand.py)
Linked: (/root/ros_ws/devel/.private/kortex_driver/lib/python3/dist-packages/kortex_driver/msg/_SequenceInfoNotification.py, /root/ros_ws/devel/lib/python3/dist-packages/kortex_driver/msg/_SequenceInfoNotification.py)
Linked: (/root/ros_ws/devel/.private/kortex_driver/lib/python3/dist-packages/kortex_driver/msg/_FollowCartesianTrajectoryActionFeedback.py, /root/ros_ws/devel/lib/python3/dist-packages/kortex_driver/msg/_FollowCartesianTrajectoryActionFeedback.py)
Linked: (/root/ros_ws/devel/.private/kortex_driver/lib/python3/dist-packages/kortex_driver/msg/_TrajectoryInfoType.py, /root/ros_ws/devel/lib/python3/dist-packages/kortex_driver/msg/_TrajectoryInfoType.py)
Linked: (/root/ros_ws/devel/.private/kortex_driver/lib/python3/dist-packages/kortex_driver/msg/_SafetyEnable.py, /root/ros_ws/devel/lib/python3/dist-packages/kortex_driver/msg/_SafetyEnable.py)
Linked: (/root/ros_ws/devel/.private/kortex_driver/lib/python3/dist-packages/kortex_driver/msg/_TransformationMatrix.py, /root/ros_ws/devel/lib/python3/dist-packages/kortex_driver/msg/_TransformationMatrix.py)
Linked: (/root/ros_ws/devel/.private/kortex_driver/lib/python3/dist-packages/kortex_driver/msg/__init__.py, /root/ros_ws/devel/lib/python3/dist-packages/kortex_driver/msg/__init__.py)
Linked: (/root/ros_ws/devel/.private/kortex_driver/lib/python3/dist-packages/kortex_driver/msg/_KinematicLimits.py, /root/ros_ws/devel/lib/python3/dist-packages/kortex_driver/msg/_KinematicLimits.py)
Linked: (/root/ros_ws/devel/.private/kortex_driver/lib/python3/dist-packages/kortex_driver/msg/_ControlConfig_JointSpeeds.py, /root/ros_ws/devel/lib/python3/dist-packages/kortex_driver/msg/_ControlConfig_JointSpeeds.py)
Linked: (/root/ros_ws/devel/.private/kortex_driver/lib/python3/dist-packages/kortex_driver/msg/_FactoryNotification.py, /root/ros_ws/devel/lib/python3/dist-packages/kortex_driver/msg/_FactoryNotification.py)
Linked: (/root/ros_ws/devel/.private/kortex_driver/lib/python3/dist-packages/kortex_driver/msg/_ConfigurationChangeNotificationList.py, /root/ros_ws/devel/lib/python3/dist-packages/kortex_driver/msg/_ConfigurationChangeNotificationList.py)
Linked: (/root/ros_ws/devel/.private/kortex_driver/lib/python3/dist-packages/kortex_driver/msg/_PayloadInformation.py, /root/ros_ws/devel/lib/python3/dist-packages/kortex_driver/msg/_PayloadInformation.py)
Linked: (/root/ros_ws/devel/.private/kortex_driver/lib/python3/dist-packages/kortex_driver/msg/_OptionInformation.py, /root/ros_ws/devel/lib/python3/dist-packages/kortex_driver/msg/_OptionInformation.py)
Linked: (/root/ros_ws/devel/.private/kortex_driver/lib/python3/dist-packages/kortex_driver/msg/_KinematicTrajectoryConstraints.py, /root/ros_ws/devel/lib/python3/dist-packages/kortex_driver/msg/_KinematicTrajectoryConstraints.py)
Linked: (/root/ros_ws/devel/.private/kortex_driver/lib/python3/dist-packages/kortex_driver/msg/_BaseCyclic_ServiceVersion.py, /root/ros_ws/devel/lib/python3/dist-packages/kortex_driver/msg/_BaseCyclic_ServiceVersion.py)
Linked: (/root/ros_ws/devel/.private/kortex_driver/lib/python3/dist-packages/kortex_driver/msg/_BaseType.py, /root/ros_ws/devel/lib/python3/dist-packages/kortex_driver/msg/_BaseType.py)
Linked: (/root/ros_ws/devel/.private/kortex_driver/lib/python3/dist-packages/kortex_driver/msg/_OperatingModeNotification.py, /root/ros_ws/devel/lib/python3/dist-packages/kortex_driver/msg/_OperatingModeNotification.py)
Linked: (/root/ros_ws/devel/.private/kortex_driver/lib/python3/dist-packages/kortex_driver/msg/_ActuatorConfig_SafetyLimitType.py, /root/ros_ws/devel/lib/python3/dist-packages/kortex_driver/msg/_ActuatorConfig_SafetyLimitType.py)
Linked: (/root/ros_ws/devel/.private/kortex_driver/lib/python3/dist-packages/kortex_driver/msg/_WifiEnableState.py, /root/ros_ws/devel/lib/python3/dist-packages/kortex_driver/msg/_WifiEnableState.py)
Linked: (/root/ros_ws/devel/.private/kortex_driver/lib/python3/dist-packages/kortex_driver/msg/_EmergencyStop.py, /root/ros_ws/devel/lib/python3/dist-packages/kortex_driver/msg/_EmergencyStop.py)
Linked: (/root/ros_ws/devel/.private/kortex_driver/lib/python3/dist-packages/kortex_driver/msg/_CartesianTrajectoryConstraint_type.py, /root/ros_ws/devel/lib/python3/dist-packages/kortex_driver/msg/_CartesianTrajectoryConstraint_type.py)
Linked: (/root/ros_ws/devel/.private/kortex_driver/lib/python3/dist-packages/kortex_driver/msg/_VisionModuleType.py, /root/ros_ws/devel/lib/python3/dist-packages/kortex_driver/msg/_VisionModuleType.py)
Linked: (/root/ros_ws/devel/.private/kortex_driver/lib/python3/dist-packages/kortex_driver/msg/_GripperCommand.py, /root/ros_ws/devel/lib/python3/dist-packages/kortex_driver/msg/_GripperCommand.py)
Linked: (/root/ros_ws/devel/.private/kortex_driver/lib/python3/dist-packages/kortex_driver/msg/_ControllerElementState.py, /root/ros_ws/devel/lib/python3/dist-packages/kortex_driver/msg/_ControllerElementState.py)
Linked: (/root/ros_ws/devel/.private/kortex_driver/lib/python3/dist-packages/kortex_driver/msg/_UARTWordLength.py, /root/ros_ws/devel/lib/python3/dist-packages/kortex_driver/msg/_UARTWordLength.py)
Linked: (/root/ros_ws/devel/.private/kortex_driver/lib/python3/dist-packages/kortex_driver/msg/_ActionList.py, /root/ros_ws/devel/lib/python3/dist-packages/kortex_driver/msg/_ActionList.py)
Linked: (/root/ros_ws/devel/.private/kortex_driver/lib/python3/dist-packages/kortex_driver/msg/_ConfigurationChangeNotification.py, /root/ros_ws/devel/lib/python3/dist-packages/kortex_driver/msg/_ConfigurationChangeNotification.py)
Linked: (/root/ros_ws/devel/.private/kortex_driver/lib/python3/dist-packages/kortex_driver/msg/_OperatingModeInformation.py, /root/ros_ws/devel/lib/python3/dist-packages/kortex_driver/msg/_OperatingModeInformation.py)
Linked: (/root/ros_ws/devel/.private/kortex_driver/lib/python3/dist-packages/kortex_driver/msg/_I2CConfiguration.py, /root/ros_ws/devel/lib/python3/dist-packages/kortex_driver/msg/_I2CConfiguration.py)
Linked: (/root/ros_ws/devel/.private/kortex_driver/lib/python3/dist-packages/kortex_driver/msg/_GripperCyclic_Feedback.py, /root/ros_ws/devel/lib/python3/dist-packages/kortex_driver/msg/_GripperCyclic_Feedback.py)
Linked: (/root/ros_ws/devel/.private/kortex_driver/lib/python3/dist-packages/kortex_driver/msg/_ControlLoopParameters.py, /root/ros_ws/devel/lib/python3/dist-packages/kortex_driver/msg/_ControlLoopParameters.py)
Linked: (/root/ros_ws/devel/.private/kortex_driver/lib/python3/dist-packages/kortex_driver/msg/_ControllerConfigurationList.py, /root/ros_ws/devel/lib/python3/dist-packages/kortex_driver/msg/_ControllerConfigurationList.py)
Linked: (/root/ros_ws/devel/.private/kortex_driver/lib/python3/dist-packages/kortex_driver/msg/_ConfigurationChangeNotification_configuration_change.py, /root/ros_ws/devel/lib/python3/dist-packages/kortex_driver/msg/_ConfigurationChangeNotification_configuration_change.py)
Linked: (/root/ros_ws/devel/.private/kortex_driver/lib/python3/dist-packages/kortex_driver/msg/_NavigationDirection.py, /root/ros_ws/devel/lib/python3/dist-packages/kortex_driver/msg/_NavigationDirection.py)
Linked: (/root/ros_ws/devel/.private/kortex_driver/lib/python3/dist-packages/kortex_driver/msg/_ControllerEvent.py, /root/ros_ws/devel/lib/python3/dist-packages/kortex_driver/msg/_ControllerEvent.py)
Linked: (/root/ros_ws/devel/.private/kortex_driver/lib/python3/dist-packages/kortex_driver/msg/_OptionValue.py, /root/ros_ws/devel/lib/python3/dist-packages/kortex_driver/msg/_OptionValue.py)
Linked: (/root/ros_ws/devel/.private/kortex_driver/lib/python3/dist-packages/kortex_driver/msg/_JointTorques.py, /root/ros_ws/devel/lib/python3/dist-packages/kortex_driver/msg/_JointTorques.py)
Linked: (/root/ros_ws/devel/.private/kortex_driver/lib/python3/dist-packages/kortex_driver/msg/_Option.py, /root/ros_ws/devel/lib/python3/dist-packages/kortex_driver/msg/_Option.py)
Linked: (/root/ros_ws/devel/.private/kortex_driver/lib/python3/dist-packages/kortex_driver/msg/_ServoingMode.py, /root/ros_ws/devel/lib/python3/dist-packages/kortex_driver/msg/_ServoingMode.py)
Linked: (/root/ros_ws/devel/.private/kortex_driver/lib/python3/dist-packages/kortex_driver/msg/_GripperCyclic_MessageId.py, /root/ros_ws/devel/lib/python3/dist-packages/kortex_driver/msg/_GripperCyclic_MessageId.py)
Linked: (/root/ros_ws/devel/.private/kortex_driver/lib/python3/dist-packages/kortex_driver/msg/_JointTrajectoryConstraint.py, /root/ros_ws/devel/lib/python3/dist-packages/kortex_driver/msg/_JointTrajectoryConstraint.py)
Linked: (/root/ros_ws/devel/.private/kortex_driver/lib/python3/dist-packages/kortex_driver/msg/_SerialNumber.py, /root/ros_ws/devel/lib/python3/dist-packages/kortex_driver/msg/_SerialNumber.py)
Linked: (/root/ros_ws/devel/.private/kortex_driver/lib/python3/dist-packages/kortex_driver/msg/_TranslationVector.py, /root/ros_ws/devel/lib/python3/dist-packages/kortex_driver/msg/_TranslationVector.py)
Linked: (/root/ros_ws/devel/.private/kortex_driver/lib/python3/dist-packages/kortex_driver/msg/_InterconnectCyclic_Command.py, /root/ros_ws/devel/lib/python3/dist-packages/kortex_driver/msg/_InterconnectCyclic_Command.py)
Linked: (/root/ros_ws/devel/.private/kortex_driver/lib/python3/dist-packages/kortex_driver/msg/_CustomDataIndex.py, /root/ros_ws/devel/lib/python3/dist-packages/kortex_driver/msg/_CustomDataIndex.py)
Linked: (/root/ros_ws/devel/.private/kortex_driver/lib/python3/dist-packages/kortex_driver/msg/_BitRate.py, /root/ros_ws/devel/lib/python3/dist-packages/kortex_driver/msg/_BitRate.py)
Linked: (/root/ros_ws/devel/.private/kortex_driver/lib/python3/dist-packages/kortex_driver/msg/_ControlModeNotificationList.py, /root/ros_ws/devel/lib/python3/dist-packages/kortex_driver/msg/_ControlModeNotificationList.py)
Linked: (/root/ros_ws/devel/.private/kortex_driver/lib/python3/dist-packages/kortex_driver/msg/_Twist.py, /root/ros_ws/devel/lib/python3/dist-packages/kortex_driver/msg/_Twist.py)
Linked: (/root/ros_ws/devel/.private/kortex_driver/lib/python3/dist-packages/kortex_driver/msg/_MACAddress.py, /root/ros_ws/devel/lib/python3/dist-packages/kortex_driver/msg/_MACAddress.py)
Linked: (/root/ros_ws/devel/.private/kortex_driver/lib/python3/dist-packages/kortex_driver/msg/_PreComputedJointTrajectory.py, /root/ros_ws/devel/lib/python3/dist-packages/kortex_driver/msg/_PreComputedJointTrajectory.py)
Linked: (/root/ros_ws/devel/.private/kortex_driver/lib/python3/dist-packages/kortex_driver/msg/_MotorFeedback.py, /root/ros_ws/devel/lib/python3/dist-packages/kortex_driver/msg/_MotorFeedback.py)
Linked: (/root/ros_ws/devel/.private/kortex_driver/lib/python3/dist-packages/kortex_driver/msg/_SafetyConfiguration.py, /root/ros_ws/devel/lib/python3/dist-packages/kortex_driver/msg/_SafetyConfiguration.py)
Linked: (/root/ros_ws/devel/.private/kortex_driver/lib/python3/dist-packages/kortex_driver/msg/_Point.py, /root/ros_ws/devel/lib/python3/dist-packages/kortex_driver/msg/_Point.py)
Linked: (/root/ros_ws/devel/.private/kortex_driver/lib/python3/dist-packages/kortex_driver/msg/_AdmittanceMode.py, /root/ros_ws/devel/lib/python3/dist-packages/kortex_driver/msg/_AdmittanceMode.py)
Linked: (/root/ros_ws/devel/.private/kortex_driver/lib/python3/dist-packages/kortex_driver/msg/_Orientation.py, /root/ros_ws/devel/lib/python3/dist-packages/kortex_driver/msg/_Orientation.py)
Linked: (/root/ros_ws/devel/.private/kortex_driver/lib/python3/dist-packages/kortex_driver/msg/_ActuatorCyclic_Command.py, /root/ros_ws/devel/lib/python3/dist-packages/kortex_driver/msg/_ActuatorCyclic_Command.py)
Linked: (/root/ros_ws/devel/.private/kortex_driver/lib/python3/dist-packages/kortex_driver/msg/_KortexError.py, /root/ros_ws/devel/lib/python3/dist-packages/kortex_driver/msg/_KortexError.py)
Linked: (/root/ros_ws/devel/.private/kortex_driver/lib/python3/dist-packages/kortex_driver/msg/_GPIOState.py, /root/ros_ws/devel/lib/python3/dist-packages/kortex_driver/msg/_GPIOState.py)
Linked: (/root/ros_ws/devel/.private/kortex_driver/lib/python3/dist-packages/kortex_driver/msg/_SequenceHandle.py, /root/ros_ws/devel/lib/python3/dist-packages/kortex_driver/msg/_SequenceHandle.py)
Linked: (/root/ros_ws/devel/.private/kortex_driver/lib/python3/dist-packages/kortex_driver/msg/_GripperMode.py, /root/ros_ws/devel/lib/python3/dist-packages/kortex_driver/msg/_GripperMode.py)
Linked: (/root/ros_ws/devel/.private/kortex_driver/lib/python3/dist-packages/kortex_driver/msg/_UserProfile.py, /root/ros_ws/devel/lib/python3/dist-packages/kortex_driver/msg/_UserProfile.py)
Linked: (/root/ros_ws/devel/.private/kortex_driver/lib/python3/dist-packages/kortex_driver/msg/_CartesianLimitation.py, /root/ros_ws/devel/lib/python3/dist-packages/kortex_driver/msg/_CartesianLimitation.py)
Linked: (/root/ros_ws/devel/.private/kortex_driver/lib/python3/dist-packages/kortex_driver/msg/_WristType.py, /root/ros_ws/devel/lib/python3/dist-packages/kortex_driver/msg/_WristType.py)
Linked: (/root/ros_ws/devel/.private/kortex_driver/lib/python3/dist-packages/kortex_driver/msg/_ControllerElementEventType.py, /root/ros_ws/devel/lib/python3/dist-packages/kortex_driver/msg/_ControllerElementEventType.py)
Linked: (/root/ros_ws/devel/.private/kortex_driver/lib/python3/dist-packages/kortex_driver/msg/_Base_GpioConfiguration.py, /root/ros_ws/devel/lib/python3/dist-packages/kortex_driver/msg/_Base_GpioConfiguration.py)
Linked: (/root/ros_ws/devel/.private/kortex_driver/lib/python3/dist-packages/kortex_driver/msg/_UserNotificationList.py, /root/ros_ws/devel/lib/python3/dist-packages/kortex_driver/msg/_UserNotificationList.py)
Linked: (/root/ros_ws/devel/.private/kortex_driver/lib/python3/dist-packages/kortex_driver/msg/_ControllerType.py, /root/ros_ws/devel/lib/python3/dist-packages/kortex_driver/msg/_ControllerType.py)
Linked: (/root/ros_ws/devel/.private/kortex_driver/lib/python3/dist-packages/kortex_driver/msg/_SafetyHandle.py, /root/ros_ws/devel/lib/python3/dist-packages/kortex_driver/msg/_SafetyHandle.py)
Linked: (/root/ros_ws/devel/.private/kortex_driver/lib/python3/dist-packages/kortex_driver/msg/_CalibrationParameter.py, /root/ros_ws/devel/lib/python3/dist-packages/kortex_driver/msg/_CalibrationParameter.py)
Linked: (/root/ros_ws/devel/.private/kortex_driver/lib/python3/dist-packages/kortex_driver/msg/_NetworkNotificationList.py, /root/ros_ws/devel/lib/python3/dist-packages/kortex_driver/msg/_NetworkNotificationList.py)
Linked: (/root/ros_ws/devel/.private/kortex_driver/lib/python3/dist-packages/kortex_driver/msg/_FirmwareVersion.py, /root/ros_ws/devel/lib/python3/dist-packages/kortex_driver/msg/_FirmwareVersion.py)
Linked: (/root/ros_ws/devel/.private/kortex_driver/lib/python3/dist-packages/kortex_driver/msg/_I2CDeviceAddressing.py, /root/ros_ws/devel/lib/python3/dist-packages/kortex_driver/msg/_I2CDeviceAddressing.py)
Linked: (/root/ros_ws/devel/.private/kortex_driver/lib/python3/dist-packages/kortex_driver/msg/_ControlConfigurationEvent.py, /root/ros_ws/devel/lib/python3/dist-packages/kortex_driver/msg/_ControlConfigurationEvent.py)
Linked: (/root/ros_ws/devel/.private/kortex_driver/lib/python3/dist-packages/kortex_driver/msg/_DeviceHandles.py, /root/ros_ws/devel/lib/python3/dist-packages/kortex_driver/msg/_DeviceHandles.py)
Linked: (/root/ros_ws/devel/.private/kortex_driver/lib/python3/dist-packages/kortex_driver/msg/_UARTParity.py, /root/ros_ws/devel/lib/python3/dist-packages/kortex_driver/msg/_UARTParity.py)
Linked: (/root/ros_ws/devel/.private/kortex_driver/lib/python3/dist-packages/kortex_driver/msg/_CartesianSpeed.py, /root/ros_ws/devel/lib/python3/dist-packages/kortex_driver/msg/_CartesianSpeed.py)
Linked: (/root/ros_ws/devel/.private/kortex_driver/lib/python3/dist-packages/kortex_driver/msg/_JointAccelerationSoftLimits.py, /root/ros_ws/devel/lib/python3/dist-packages/kortex_driver/msg/_JointAccelerationSoftLimits.py)
Linked: (/root/ros_ws/devel/.private/kortex_driver/lib/python3/dist-packages/kortex_driver/msg/_ActuatorCyclic_ServiceVersion.py, /root/ros_ws/devel/lib/python3/dist-packages/kortex_driver/msg/_ActuatorCyclic_ServiceVersion.py)
Linked: (/root/ros_ws/devel/.private/kortex_driver/lib/python3/dist-packages/kortex_driver/msg/_NetworkNotification.py, /root/ros_ws/devel/lib/python3/dist-packages/kortex_driver/msg/_NetworkNotification.py)
Linked: (/root/ros_ws/devel/.private/kortex_driver/lib/python3/dist-packages/kortex_driver/msg/_CountryCode.py, /root/ros_ws/devel/lib/python3/dist-packages/kortex_driver/msg/_CountryCode.py)
Linked: (/root/ros_ws/devel/.private/kortex_driver/lib/python3/dist-packages/kortex_driver/msg/_CapSenseRegister.py, /root/ros_ws/devel/lib/python3/dist-packages/kortex_driver/msg/_CapSenseRegister.py)
Linked: (/root/ros_ws/devel/.private/kortex_driver/lib/python3/dist-packages/kortex_driver/msg/_IPv4Information.py, /root/ros_ws/devel/lib/python3/dist-packages/kortex_driver/msg/_IPv4Information.py)
Linked: (/root/ros_ws/devel/.private/kortex_driver/lib/python3/dist-packages/kortex_driver/msg/_ActuatorCustomData.py, /root/ros_ws/devel/lib/python3/dist-packages/kortex_driver/msg/_ActuatorCustomData.py)
Linked: (/root/ros_ws/devel/.private/kortex_driver/lib/python3/dist-packages/kortex_driver/msg/_RunModes.py, /root/ros_ws/devel/lib/python3/dist-packages/kortex_driver/msg/_RunModes.py)
Linked: (/root/ros_ws/devel/.private/kortex_driver/lib/python3/dist-packages/kortex_driver/msg/_SafetyNotification.py, /root/ros_ws/devel/lib/python3/dist-packages/kortex_driver/msg/_SafetyNotification.py)
Linked: (/root/ros_ws/devel/.private/kortex_driver/lib/python3/dist-packages/kortex_driver/msg/_SignalQuality.py, /root/ros_ws/devel/lib/python3/dist-packages/kortex_driver/msg/_SignalQuality.py)
Linked: (/root/ros_ws/devel/.private/kortex_driver/lib/python3/dist-packages/kortex_driver/msg/_InterconnectCyclic_Feedback_tool_feedback.py, /root/ros_ws/devel/lib/python3/dist-packages/kortex_driver/msg/_InterconnectCyclic_Feedback_tool_feedback.py)
Linked: (/root/ros_ws/devel/.private/kortex_driver/lib/python3/dist-packages/kortex_driver/msg/_SafetyStatus.py, /root/ros_ws/devel/lib/python3/dist-packages/kortex_driver/msg/_SafetyStatus.py)
Linked: (/root/ros_ws/devel/.private/kortex_driver/lib/python3/dist-packages/kortex_driver/msg/_WifiSecurityType.py, /root/ros_ws/devel/lib/python3/dist-packages/kortex_driver/msg/_WifiSecurityType.py)
Linked: (/root/ros_ws/devel/.private/kortex_driver/lib/python3/dist-packages/kortex_driver/msg/_ModelId.py, /root/ros_ws/devel/lib/python3/dist-packages/kortex_driver/msg/_ModelId.py)
Linked: (/root/ros_ws/devel/.private/kortex_driver/lib/python3/dist-packages/kortex_driver/msg/_CompleteProductConfiguration.py, /root/ros_ws/devel/lib/python3/dist-packages/kortex_driver/msg/_CompleteProductConfiguration.py)
Linked: (/root/ros_ws/devel/.private/kortex_driver/lib/python3/dist-packages/kortex_driver/msg/_Timestamp.py, /root/ros_ws/devel/lib/python3/dist-packages/kortex_driver/msg/_Timestamp.py)
Linked: (/root/ros_ws/devel/.private/kortex_driver/lib/python3/dist-packages/kortex_driver/msg/_Xbox360DigitalInputIdentifier.py, /root/ros_ws/devel/lib/python3/dist-packages/kortex_driver/msg/_Xbox360DigitalInputIdentifier.py)
Linked: (/root/ros_ws/devel/.private/kortex_driver/lib/python3/dist-packages/kortex_driver/msg/_NetworkEvent.py, /root/ros_ws/devel/lib/python3/dist-packages/kortex_driver/msg/_NetworkEvent.py)
Linked: (/root/ros_ws/devel/.private/kortex_driver/lib/python3/dist-packages/kortex_driver/msg/_Resolution.py, /root/ros_ws/devel/lib/python3/dist-packages/kortex_driver/msg/_Resolution.py)
Linked: (/root/ros_ws/devel/.private/kortex_driver/lib/python3/dist-packages/kortex_driver/msg/_SafetyConfigurationList.py, /root/ros_ws/devel/lib/python3/dist-packages/kortex_driver/msg/_SafetyConfigurationList.py)
Linked: (/root/ros_ws/devel/.private/kortex_driver/lib/python3/dist-packages/kortex_driver/msg/_WifiConfiguration.py, /root/ros_ws/devel/lib/python3/dist-packages/kortex_driver/msg/_WifiConfiguration.py)
Linked: (/root/ros_ws/devel/.private/kortex_driver/lib/python3/dist-packages/kortex_driver/msg/_ControlConfigurationNotification.py, /root/ros_ws/devel/lib/python3/dist-packages/kortex_driver/msg/_ControlConfigurationNotification.py)
Linked: (/root/ros_ws/devel/.private/kortex_driver/lib/python3/dist-packages/kortex_driver/msg/_NetworkType.py, /root/ros_ws/devel/lib/python3/dist-packages/kortex_driver/msg/_NetworkType.py)
Linked: (/root/ros_ws/devel/.private/kortex_driver/lib/python3/dist-packages/kortex_driver/msg/_ControllerElementHandle_identifier.py, /root/ros_ws/devel/lib/python3/dist-packages/kortex_driver/msg/_ControllerElementHandle_identifier.py)
Linked: (/root/ros_ws/devel/.private/kortex_driver/lib/python3/dist-packages/kortex_driver/msg/_IntrinsicParameters.py, /root/ros_ws/devel/lib/python3/dist-packages/kortex_driver/msg/_IntrinsicParameters.py)
Linked: (/root/ros_ws/devel/.private/kortex_driver/lib/python3/dist-packages/kortex_driver/msg/_Sequence.py, /root/ros_ws/devel/lib/python3/dist-packages/kortex_driver/msg/_Sequence.py)
Linked: (/root/ros_ws/devel/.private/kortex_driver/lib/python3/dist-packages/kortex_driver/msg/_BridgePortConfig.py, /root/ros_ws/devel/lib/python3/dist-packages/kortex_driver/msg/_BridgePortConfig.py)
Linked: (/root/ros_ws/devel/.private/kortex_driver/lib/python3/dist-packages/kortex_driver/msg/_DeviceConfig_CapSenseMode.py, /root/ros_ws/devel/lib/python3/dist-packages/kortex_driver/msg/_DeviceConfig_CapSenseMode.py)
Linked: (/root/ros_ws/devel/.private/kortex_driver/lib/python3/dist-packages/kortex_driver/msg/_InterconnectConfig_ServiceVersion.py, /root/ros_ws/devel/lib/python3/dist-packages/kortex_driver/msg/_InterconnectConfig_ServiceVersion.py)
Linked: (/root/ros_ws/devel/.private/kortex_driver/lib/python3/dist-packages/kortex_driver/msg/_Base_ControlModeNotification.py, /root/ros_ws/devel/lib/python3/dist-packages/kortex_driver/msg/_Base_ControlModeNotification.py)
Linked: (/root/ros_ws/devel/.private/kortex_driver/lib/python3/dist-packages/kortex_driver/msg/_ModelNumber.py, /root/ros_ws/devel/lib/python3/dist-packages/kortex_driver/msg/_ModelNumber.py)
Linked: (/root/ros_ws/devel/.private/kortex_driver/lib/python3/dist-packages/kortex_driver/msg/_ControlLoopSelection.py, /root/ros_ws/devel/lib/python3/dist-packages/kortex_driver/msg/_ControlLoopSelection.py)
Linked: (/root/ros_ws/devel/.private/kortex_driver/lib/python3/dist-packages/kortex_driver/msg/_ControllerBehavior.py, /root/ros_ws/devel/lib/python3/dist-packages/kortex_driver/msg/_ControllerBehavior.py)
Linked: (/root/ros_ws/devel/.private/kortex_driver/lib/python3/dist-packages/kortex_driver/msg/_Base_SafetyIdentifier.py, /root/ros_ws/devel/lib/python3/dist-packages/kortex_driver/msg/_Base_SafetyIdentifier.py)
Linked: (/root/ros_ws/devel/.private/kortex_driver/lib/python3/dist-packages/kortex_driver/msg/_PartNumber.py, /root/ros_ws/devel/lib/python3/dist-packages/kortex_driver/msg/_PartNumber.py)
Linked: (/root/ros_ws/devel/.private/kortex_driver/lib/python3/dist-packages/kortex_driver/msg/_I2CDevice.py, /root/ros_ws/devel/lib/python3/dist-packages/kortex_driver/msg/_I2CDevice.py)
Linked: (/root/ros_ws/devel/.private/kortex_driver/lib/python3/dist-packages/kortex_driver/msg/_I2CDeviceIdentification.py, /root/ros_ws/devel/lib/python3/dist-packages/kortex_driver/msg/_I2CDeviceIdentification.py)
Linked: (/root/ros_ws/devel/.private/kortex_driver/lib/python3/dist-packages/kortex_driver/msg/_TwistLimitation.py, /root/ros_ws/devel/lib/python3/dist-packages/kortex_driver/msg/_TwistLimitation.py)
Linked: (/root/ros_ws/devel/.private/kortex_driver/lib/python3/dist-packages/kortex_driver/msg/_ActuatorCommand.py, /root/ros_ws/devel/lib/python3/dist-packages/kortex_driver/msg/_ActuatorCommand.py)
Linked: (/root/ros_ws/devel/.private/kortex_driver/lib/python3/dist-packages/kortex_driver/msg/_ShapeType.py, /root/ros_ws/devel/lib/python3/dist-packages/kortex_driver/msg/_ShapeType.py)
Linked: (/root/ros_ws/devel/.private/kortex_driver/lib/python3/dist-packages/kortex_driver/msg/_VisionNotification.py, /root/ros_ws/devel/lib/python3/dist-packages/kortex_driver/msg/_VisionNotification.py)
Linked: (/root/ros_ws/devel/.private/kortex_driver/lib/python3/dist-packages/kortex_driver/msg/_SequenceTasks.py, /root/ros_ws/devel/lib/python3/dist-packages/kortex_driver/msg/_SequenceTasks.py)
Linked: (/root/ros_ws/devel/.private/kortex_driver/lib/python3/dist-packages/kortex_driver/msg/_ServoingModeNotification.py, /root/ros_ws/devel/lib/python3/dist-packages/kortex_driver/msg/_ServoingModeNotification.py)
Linked: (/root/ros_ws/devel/.private/kortex_driver/lib/python3/dist-packages/kortex_driver/msg/_NotificationOptions.py, /root/ros_ws/devel/lib/python3/dist-packages/kortex_driver/msg/_NotificationOptions.py)
Linked: (/root/ros_ws/devel/.private/kortex_driver/lib/python3/dist-packages/kortex_driver/msg/_ConstrainedPosition.py, /root/ros_ws/devel/lib/python3/dist-packages/kortex_driver/msg/_ConstrainedPosition.py)
Linked: (/root/ros_ws/devel/.private/kortex_driver/lib/python3/dist-packages/kortex_driver/msg/_OptionIdentifier.py, /root/ros_ws/devel/lib/python3/dist-packages/kortex_driver/msg/_OptionIdentifier.py)
Linked: (/root/ros_ws/devel/.private/kortex_driver/lib/python3/dist-packages/kortex_driver/msg/_ActionNotificationList.py, /root/ros_ws/devel/lib/python3/dist-packages/kortex_driver/msg/_ActionNotificationList.py)
Linked: (/root/ros_ws/devel/.private/kortex_driver/lib/python3/dist-packages/kortex_driver/msg/_SnapshotType.py, /root/ros_ws/devel/lib/python3/dist-packages/kortex_driver/msg/_SnapshotType.py)
Linked: (/root/ros_ws/devel/.private/kortex_driver/lib/python3/dist-packages/kortex_driver/msg/_RobotiqGripperStatusFlags.py, /root/ros_ws/devel/lib/python3/dist-packages/kortex_driver/msg/_RobotiqGripperStatusFlags.py)
Linked: (/root/ros_ws/devel/.private/kortex_driver/lib/python3/dist-packages/kortex_driver/msg/_WifiEncryptionType.py, /root/ros_ws/devel/lib/python3/dist-packages/kortex_driver/msg/_WifiEncryptionType.py)
Linked: (/root/ros_ws/devel/.private/kortex_driver/lib/python3/dist-packages/kortex_driver/msg/_SequenceInformation.py, /root/ros_ws/devel/lib/python3/dist-packages/kortex_driver/msg/_SequenceInformation.py)
Linked: (/root/ros_ws/devel/.private/kortex_driver/lib/python3/dist-packages/kortex_driver/msg/_ControllerState.py, /root/ros_ws/devel/lib/python3/dist-packages/kortex_driver/msg/_ControllerState.py)
Linked: (/root/ros_ws/devel/.private/kortex_driver/lib/python3/dist-packages/kortex_driver/msg/_Base_RotationMatrixRow.py, /root/ros_ws/devel/lib/python3/dist-packages/kortex_driver/msg/_Base_RotationMatrixRow.py)
Linked: (/root/ros_ws/devel/.private/kortex_driver/lib/python3/dist-packages/kortex_driver/msg/_MapGroup.py, /root/ros_ws/devel/lib/python3/dist-packages/kortex_driver/msg/_MapGroup.py)
Linked: (/root/ros_ws/devel/.private/kortex_driver/lib/python3/dist-packages/kortex_driver/msg/_CommandModeInformation.py, /root/ros_ws/devel/lib/python3/dist-packages/kortex_driver/msg/_CommandModeInformation.py)
Linked: (/root/ros_ws/devel/.private/kortex_driver/lib/python3/dist-packages/kortex_driver/msg/_Base_Position.py, /root/ros_ws/devel/lib/python3/dist-packages/kortex_driver/msg/_Base_Position.py)
Linked: (/root/ros_ws/devel/.private/kortex_driver/lib/python3/dist-packages/kortex_driver/msg/_FollowCartesianTrajectoryFeedback.py, /root/ros_ws/devel/lib/python3/dist-packages/kortex_driver/msg/_FollowCartesianTrajectoryFeedback.py)
Linked: (/root/ros_ws/devel/.private/kortex_driver/lib/python3/dist-packages/kortex_driver/msg/_Connection.py, /root/ros_ws/devel/lib/python3/dist-packages/kortex_driver/msg/_Connection.py)
Linked: (/root/ros_ws/devel/.private/kortex_driver/lib/python3/dist-packages/kortex_driver/msg/_EthernetConfiguration.py, /root/ros_ws/devel/lib/python3/dist-packages/kortex_driver/msg/_EthernetConfiguration.py)
Linked: (/root/ros_ws/devel/.private/kortex_driver/lib/python3/dist-packages/kortex_driver/msg/_Base_JointSpeeds.py, /root/ros_ws/devel/lib/python3/dist-packages/kortex_driver/msg/_Base_JointSpeeds.py)
Linked: (/root/ros_ws/devel/.private/kortex_driver/lib/python3/dist-packages/kortex_driver/msg/_I2CReadRegisterParameter.py, /root/ros_ws/devel/lib/python3/dist-packages/kortex_driver/msg/_I2CReadRegisterParameter.py)
Linked: (/root/ros_ws/devel/.private/kortex_driver/lib/python3/dist-packages/kortex_driver/msg/_I2CWriteParameter.py, /root/ros_ws/devel/lib/python3/dist-packages/kortex_driver/msg/_I2CWriteParameter.py)
Linked: (/root/ros_ws/devel/.private/kortex_driver/lib/python3/dist-packages/kortex_driver/msg/_DeviceType.py, /root/ros_ws/devel/lib/python3/dist-packages/kortex_driver/msg/_DeviceType.py)
Linked: (/root/ros_ws/devel/.private/kortex_driver/lib/python3/dist-packages/kortex_driver/msg/_CartesianTrajectoryConstraint.py, /root/ros_ws/devel/lib/python3/dist-packages/kortex_driver/msg/_CartesianTrajectoryConstraint.py)
Linked: (/root/ros_ws/devel/.private/kortex_driver/lib/python3/dist-packages/kortex_driver/msg/_SubErrorCodes.py, /root/ros_ws/devel/lib/python3/dist-packages/kortex_driver/msg/_SubErrorCodes.py)
Linked: (/root/ros_ws/devel/.private/kortex_driver/lib/python3/dist-packages/kortex_driver/msg/_ConstrainedJointAngles.py, /root/ros_ws/devel/lib/python3/dist-packages/kortex_driver/msg/_ConstrainedJointAngles.py)
Linked: (/root/ros_ws/devel/.private/kortex_driver/lib/python3/dist-packages/kortex_driver/msg/_InterconnectCyclic_Feedback.py, /root/ros_ws/devel/lib/python3/dist-packages/kortex_driver/msg/_InterconnectCyclic_Feedback.py)
Linked: (/root/ros_ws/devel/.private/kortex_driver/lib/python3/dist-packages/kortex_driver/msg/_ProtectionZone.py, /root/ros_ws/devel/lib/python3/dist-packages/kortex_driver/msg/_ProtectionZone.py)
Linked: (/root/ros_ws/devel/.private/kortex_driver/lib/python3/dist-packages/kortex_driver/msg/_Calibration.py, /root/ros_ws/devel/lib/python3/dist-packages/kortex_driver/msg/_Calibration.py)
Linked: (/root/ros_ws/devel/.private/kortex_driver/lib/python3/dist-packages/kortex_driver/msg/_OperatingModeNotificationList.py, /root/ros_ws/devel/lib/python3/dist-packages/kortex_driver/msg/_OperatingModeNotificationList.py)
Linked: (/root/ros_ws/devel/.private/kortex_driver/lib/python3/dist-packages/kortex_driver/msg/_FollowCartesianTrajectoryActionResult.py, /root/ros_ws/devel/lib/python3/dist-packages/kortex_driver/msg/_FollowCartesianTrajectoryActionResult.py)
Linked: (/root/ros_ws/devel/.private/kortex_driver/lib/python3/dist-packages/kortex_driver/msg/_CustomDataUnit.py, /root/ros_ws/devel/lib/python3/dist-packages/kortex_driver/msg/_CustomDataUnit.py)
Linked: (/root/ros_ws/devel/.private/kortex_driver/lib/python3/dist-packages/kortex_driver/msg/_MappingInfoNotification.py, /root/ros_ws/devel/lib/python3/dist-packages/kortex_driver/msg/_MappingInfoNotification.py)
Linked: (/root/ros_ws/devel/.private/kortex_driver/lib/python3/dist-packages/kortex_driver/msg/_ProductConfigurationEndEffectorType.py, /root/ros_ws/devel/lib/python3/dist-packages/kortex_driver/msg/_ProductConfigurationEndEffectorType.py)
Linked: (/root/ros_ws/devel/.private/kortex_driver/lib/python3/dist-packages/kortex_driver/msg/_TrajectoryErrorReport.py, /root/ros_ws/devel/lib/python3/dist-packages/kortex_driver/msg/_TrajectoryErrorReport.py)
Linked: (/root/ros_ws/devel/.private/kortex_driver/lib/python3/dist-packages/kortex_driver/msg/_I2CReadParameter.py, /root/ros_ws/devel/lib/python3/dist-packages/kortex_driver/msg/_I2CReadParameter.py)
Linked: (/root/ros_ws/devel/.private/kortex_driver/lib/python3/dist-packages/kortex_driver/msg/_I2CData.py, /root/ros_ws/devel/lib/python3/dist-packages/kortex_driver/msg/_I2CData.py)
Linked: (/root/ros_ws/devel/.private/kortex_driver/lib/python3/dist-packages/kortex_driver/msg/_BrakeType.py, /root/ros_ws/devel/lib/python3/dist-packages/kortex_driver/msg/_BrakeType.py)
Linked: (/root/ros_ws/devel/.private/kortex_driver/lib/python3/dist-packages/kortex_driver/msg/_DeviceConfig_ServiceVersion.py, /root/ros_ws/devel/lib/python3/dist-packages/kortex_driver/msg/_DeviceConfig_ServiceVersion.py)
Linked: (/root/ros_ws/devel/.private/kortex_driver/lib/python3/dist-packages/kortex_driver/msg/_Admittance.py, /root/ros_ws/devel/lib/python3/dist-packages/kortex_driver/msg/_Admittance.py)
Linked: (/root/ros_ws/devel/.private/kortex_driver/lib/python3/dist-packages/kortex_driver/msg/_ConstrainedPose.py, /root/ros_ws/devel/lib/python3/dist-packages/kortex_driver/msg/_ConstrainedPose.py)
Linked: (/root/ros_ws/devel/.private/kortex_driver/lib/python3/dist-packages/kortex_driver/msg/_ConstrainedOrientation.py, /root/ros_ws/devel/lib/python3/dist-packages/kortex_driver/msg/_ConstrainedOrientation.py)
Linked: (/root/ros_ws/devel/.private/kortex_driver/lib/python3/dist-packages/kortex_driver/msg/_LinearTwist.py, /root/ros_ws/devel/lib/python3/dist-packages/kortex_driver/msg/_LinearTwist.py)
Linked: (/root/ros_ws/devel/.private/kortex_driver/lib/python3/dist-packages/kortex_driver/msg/_CalibrationResult.py, /root/ros_ws/devel/lib/python3/dist-packages/kortex_driver/msg/_CalibrationResult.py)
Linked: (/root/ros_ws/devel/.private/kortex_driver/lib/python3/dist-packages/kortex_driver/msg/_FullUserProfile.py, /root/ros_ws/devel/lib/python3/dist-packages/kortex_driver/msg/_FullUserProfile.py)
Linked: (/root/ros_ws/devel/.private/kortex_driver/lib/python3/dist-packages/kortex_driver/msg/_NotificationHandle.py, /root/ros_ws/devel/lib/python3/dist-packages/kortex_driver/msg/_NotificationHandle.py)
Linked: (/root/ros_ws/devel/.private/kortex_driver/lib/python3/dist-packages/kortex_driver/msg/_JointAngles.py, /root/ros_ws/devel/lib/python3/dist-packages/kortex_driver/msg/_JointAngles.py)
Linked: (/root/ros_ws/devel/.private/kortex_driver/lib/python3/dist-packages/kortex_driver/msg/_ProtectionZoneList.py, /root/ros_ws/devel/lib/python3/dist-packages/kortex_driver/msg/_ProtectionZoneList.py)
Linked: (/root/ros_ws/devel/.private/kortex_driver/lib/python3/dist-packages/kortex_driver/msg/_Unit.py, /root/ros_ws/devel/lib/python3/dist-packages/kortex_driver/msg/_Unit.py)
Linked: (/root/ros_ws/devel/.private/kortex_driver/lib/python3/dist-packages/kortex_driver/msg/_Waypoint_type_of_waypoint.py, /root/ros_ws/devel/lib/python3/dist-packages/kortex_driver/msg/_Waypoint_type_of_waypoint.py)
Linked: (/root/ros_ws/devel/.private/kortex_driver/lib/python3/dist-packages/kortex_driver/msg/_ControllerEventType.py, /root/ros_ws/devel/lib/python3/dist-packages/kortex_driver/msg/_ControllerEventType.py)
Linked: (/root/ros_ws/devel/.private/kortex_driver/lib/python3/dist-packages/kortex_driver/msg/_TrajectoryInfo.py, /root/ros_ws/devel/lib/python3/dist-packages/kortex_driver/msg/_TrajectoryInfo.py)
Linked: (/root/ros_ws/devel/.private/kortex_driver/lib/python3/dist-packages/kortex_driver/msg/_InterconnectConfig_GPIOConfiguration.py, /root/ros_ws/devel/lib/python3/dist-packages/kortex_driver/msg/_InterconnectConfig_GPIOConfiguration.py)
Linked: (/root/ros_ws/devel/.private/kortex_driver/lib/python3/dist-packages/kortex_driver/msg/_GpioPinConfiguration.py, /root/ros_ws/devel/lib/python3/dist-packages/kortex_driver/msg/_GpioPinConfiguration.py)
Linked: (/root/ros_ws/devel/.private/kortex_driver/lib/python3/dist-packages/kortex_driver/msg/_BridgeStatus.py, /root/ros_ws/devel/lib/python3/dist-packages/kortex_driver/msg/_BridgeStatus.py)
Linked: (/root/ros_ws/devel/.private/kortex_driver/lib/python3/dist-packages/kortex_driver/msg/_Xbox360AnalogInputIdentifier.py, /root/ros_ws/devel/lib/python3/dist-packages/kortex_driver/msg/_Xbox360AnalogInputIdentifier.py)
Linked: (/root/ros_ws/devel/.private/kortex_driver/lib/python3/dist-packages/kortex_driver/msg/_IPv4Configuration.py, /root/ros_ws/devel/lib/python3/dist-packages/kortex_driver/msg/_IPv4Configuration.py)
Linked: (/root/ros_ws/devel/.private/kortex_driver/lib/python3/dist-packages/kortex_driver/msg/_AngularTwist.py, /root/ros_ws/devel/lib/python3/dist-packages/kortex_driver/msg/_AngularTwist.py)
Linked: (/root/ros_ws/devel/.private/kortex_driver/lib/python3/dist-packages/kortex_driver/msg/_TransformationRow.py, /root/ros_ws/devel/lib/python3/dist-packages/kortex_driver/msg/_TransformationRow.py)
Linked: (/root/ros_ws/devel/.private/kortex_driver/lib/python3/dist-packages/kortex_driver/msg/_BluetoothEnableState.py, /root/ros_ws/devel/lib/python3/dist-packages/kortex_driver/msg/_BluetoothEnableState.py)
Linked: (/root/ros_ws/devel/.private/kortex_driver/lib/python3/dist-packages/kortex_driver/msg/_SequenceInfoNotificationList.py, /root/ros_ws/devel/lib/python3/dist-packages/kortex_driver/msg/_SequenceInfoNotificationList.py)
Linked: (/root/ros_ws/devel/.private/kortex_driver/lib/python3/dist-packages/kortex_driver/msg/_ControllerInputType.py, /root/ros_ws/devel/lib/python3/dist-packages/kortex_driver/msg/_ControllerInputType.py)
Linked: (/root/ros_ws/devel/.private/kortex_driver/lib/python3/dist-packages/kortex_driver/msg/_CartesianReferenceFrameInfo.py, /root/ros_ws/devel/lib/python3/dist-packages/kortex_driver/msg/_CartesianReferenceFrameInfo.py)
Linked: (/root/ros_ws/devel/.private/kortex_driver/lib/python3/dist-packages/kortex_driver/msg/_VisionConfig_RotationMatrixRow.py, /root/ros_ws/devel/lib/python3/dist-packages/kortex_driver/msg/_VisionConfig_RotationMatrixRow.py)
Linked: (/root/ros_ws/devel/.private/kortex_driver/lib/python3/dist-packages/kortex_driver/msg/_FollowCartesianTrajectoryGoal.py, /root/ros_ws/devel/lib/python3/dist-packages/kortex_driver/msg/_FollowCartesianTrajectoryGoal.py)
Linked: (/root/ros_ws/devel/.private/kortex_driver/lib/python3/dist-packages/kortex_driver/msg/_WaypointValidationReport.py, /root/ros_ws/devel/lib/python3/dist-packages/kortex_driver/msg/_WaypointValidationReport.py)
Linked: (/root/ros_ws/devel/.private/kortex_driver/lib/python3/dist-packages/kortex_driver/msg/_StatusFlags.py, /root/ros_ws/devel/lib/python3/dist-packages/kortex_driver/msg/_StatusFlags.py)
Linked: (/root/ros_ws/devel/.private/kortex_driver/lib/python3/dist-packages/kortex_driver/msg/_GripperRequest.py, /root/ros_ws/devel/lib/python3/dist-packages/kortex_driver/msg/_GripperRequest.py)
Linked: (/root/ros_ws/devel/.private/kortex_driver/lib/python3/dist-packages/kortex_driver/msg/_ActuatorConfig_ControlModeInformation.py, /root/ros_ws/devel/lib/python3/dist-packages/kortex_driver/msg/_ActuatorConfig_ControlModeInformation.py)
Linked: (/root/ros_ws/devel/.private/kortex_driver/lib/python3/dist-packages/kortex_driver/msg/_ControlLoop.py, /root/ros_ws/devel/lib/python3/dist-packages/kortex_driver/msg/_ControlLoop.py)
Linked: (/root/ros_ws/devel/.private/kortex_driver/lib/python3/dist-packages/kortex_driver/msg/_ActuatorInformation.py, /root/ros_ws/devel/lib/python3/dist-packages/kortex_driver/msg/_ActuatorInformation.py)
Linked: (/root/ros_ws/devel/.private/kortex_driver/lib/python3/dist-packages/kortex_driver/msg/_ConfigurationNotificationEvent.py, /root/ros_ws/devel/lib/python3/dist-packages/kortex_driver/msg/_ConfigurationNotificationEvent.py)
Linked: (/root/ros_ws/devel/.private/kortex_driver/lib/python3/dist-packages/kortex_driver/msg/_MappingInfoNotificationList.py, /root/ros_ws/devel/lib/python3/dist-packages/kortex_driver/msg/_MappingInfoNotificationList.py)
Linked: (/root/ros_ws/devel/.private/kortex_driver/lib/python3/dist-packages/kortex_driver/msg/_JointsLimitationsList.py, /root/ros_ws/devel/lib/python3/dist-packages/kortex_driver/msg/_JointsLimitationsList.py)
Linked: (/root/ros_ws/devel/.private/kortex_driver/lib/python3/dist-packages/kortex_driver/msg/_ChangeJointSpeeds.py, /root/ros_ws/devel/lib/python3/dist-packages/kortex_driver/msg/_ChangeJointSpeeds.py)
Linked: (/root/ros_ws/devel/.private/kortex_driver/lib/python3/dist-packages/kortex_driver/msg/_FirmwareComponentVersion.py, /root/ros_ws/devel/lib/python3/dist-packages/kortex_driver/msg/_FirmwareComponentVersion.py)
Linked: (/root/ros_ws/devel/.private/kortex_driver/lib/python3/dist-packages/kortex_driver/msg/_SafetyInformationList.py, /root/ros_ws/devel/lib/python3/dist-packages/kortex_driver/msg/_SafetyInformationList.py)
Linked: (/root/ros_ws/devel/.private/kortex_driver/lib/python3/dist-packages/kortex_driver/msg/_WifiConfigurationList.py, /root/ros_ws/devel/lib/python3/dist-packages/kortex_driver/msg/_WifiConfigurationList.py)
Linked: (/root/ros_ws/devel/.private/kortex_driver/lib/python3/dist-packages/kortex_driver/msg/_Gen3GpioPinId.py, /root/ros_ws/devel/lib/python3/dist-packages/kortex_driver/msg/_Gen3GpioPinId.py)
Linked: (/root/ros_ws/devel/.private/kortex_driver/lib/python3/dist-packages/kortex_driver/msg/_SequenceTasksRange.py, /root/ros_ws/devel/lib/python3/dist-packages/kortex_driver/msg/_SequenceTasksRange.py)
Linked: (/root/ros_ws/devel/.private/kortex_driver/lib/python3/dist-packages/kortex_driver/msg/_UARTConfiguration.py, /root/ros_ws/devel/lib/python3/dist-packages/kortex_driver/msg/_UARTConfiguration.py)
Linked: (/root/ros_ws/devel/.private/kortex_driver/lib/python3/dist-packages/kortex_driver/msg/_PartNumberRevision.py, /root/ros_ws/devel/lib/python3/dist-packages/kortex_driver/msg/_PartNumberRevision.py)
Linked: (/root/ros_ws/devel/.private/kortex_driver/lib/python3/dist-packages/kortex_driver/msg/_ActionEvent.py, /root/ros_ws/devel/lib/python3/dist-packages/kortex_driver/msg/_ActionEvent.py)
Linked: (/root/ros_ws/devel/.private/kortex_driver/lib/python3/dist-packages/kortex_driver/msg/_FullIPv4Configuration.py, /root/ros_ws/devel/lib/python3/dist-packages/kortex_driver/msg/_FullIPv4Configuration.py)
Linked: (/root/ros_ws/devel/.private/kortex_driver/lib/python3/dist-packages/kortex_driver/msg/_RunMode.py, /root/ros_ws/devel/lib/python3/dist-packages/kortex_driver/msg/_RunMode.py)
Linked: (/root/ros_ws/devel/.private/kortex_driver/lib/python3/dist-packages/kortex_driver/msg/_SequenceTasksConfiguration.py, /root/ros_ws/devel/lib/python3/dist-packages/kortex_driver/msg/_SequenceTasksConfiguration.py)
Linked: (/root/ros_ws/devel/.private/kortex_driver/lib/python3/dist-packages/kortex_driver/msg/_PreComputedJointTrajectoryElement.py, /root/ros_ws/devel/lib/python3/dist-packages/kortex_driver/msg/_PreComputedJointTrajectoryElement.py)
Linked: (/root/ros_ws/devel/.private/kortex_driver/lib/python3/dist-packages/kortex_driver/msg/_FrameRate.py, /root/ros_ws/devel/lib/python3/dist-packages/kortex_driver/msg/_FrameRate.py)
Linked: (/root/ros_ws/devel/.private/kortex_driver/lib/python3/dist-packages/kortex_driver/msg/_BaseCyclic_CustomData.py, /root/ros_ws/devel/lib/python3/dist-packages/kortex_driver/msg/_BaseCyclic_CustomData.py)
Linked: (/root/ros_ws/devel/.private/kortex_driver/lib/python3/dist-packages/kortex_driver/msg/_ControllerHandle.py, /root/ros_ws/devel/lib/python3/dist-packages/kortex_driver/msg/_ControllerHandle.py)
Linked: (/root/ros_ws/devel/.private/kortex_driver/lib/python3/dist-packages/kortex_driver/msg/_CartesianLimitationList.py, /root/ros_ws/devel/lib/python3/dist-packages/kortex_driver/msg/_CartesianLimitationList.py)
Linked: (/root/ros_ws/devel/.private/kortex_driver/lib/python3/dist-packages/kortex_driver/msg/_TrajectoryErrorIdentifier.py, /root/ros_ws/devel/lib/python3/dist-packages/kortex_driver/msg/_TrajectoryErrorIdentifier.py)
Linked: (/root/ros_ws/devel/.private/kortex_driver/lib/python3/dist-packages/kortex_driver/msg/_PowerOnSelfTestResult.py, /root/ros_ws/devel/lib/python3/dist-packages/kortex_driver/msg/_PowerOnSelfTestResult.py)
Linked: (/root/ros_ws/devel/.private/kortex_driver/lib/python3/dist-packages/kortex_driver/msg/_ActivateMapHandle.py, /root/ros_ws/devel/lib/python3/dist-packages/kortex_driver/msg/_ActivateMapHandle.py)
Linked: (/root/ros_ws/devel/.private/kortex_driver/lib/python3/dist-packages/kortex_driver/msg/_Action_action_parameters.py, /root/ros_ws/devel/lib/python3/dist-packages/kortex_driver/msg/_Action_action_parameters.py)
Linked: (/root/ros_ws/devel/.private/kortex_driver/lib/python3/dist-packages/kortex_driver/msg/_Map.py, /root/ros_ws/devel/lib/python3/dist-packages/kortex_driver/msg/_Map.py)
Linked: (/root/ros_ws/devel/.private/kortex_driver/lib/python3/dist-packages/kortex_driver/msg/_ActionType.py, /root/ros_ws/devel/lib/python3/dist-packages/kortex_driver/msg/_ActionType.py)
Linked: (/root/ros_ws/devel/.private/kortex_driver/lib/python3/dist-packages/kortex_driver/msg/_PasswordChange.py, /root/ros_ws/devel/lib/python3/dist-packages/kortex_driver/msg/_PasswordChange.py)
Linked: (/root/ros_ws/devel/.private/kortex_driver/lib/python3/dist-packages/kortex_driver/msg/_AngularWaypoint.py, /root/ros_ws/devel/lib/python3/dist-packages/kortex_driver/msg/_AngularWaypoint.py)
Linked: (/root/ros_ws/devel/.private/kortex_driver/lib/python3/dist-packages/kortex_driver/msg/_AxisOffsets.py, /root/ros_ws/devel/lib/python3/dist-packages/kortex_driver/msg/_AxisOffsets.py)
Linked: (/root/ros_ws/devel/.private/kortex_driver/lib/python3/dist-packages/kortex_driver/msg/_ChangeTwist.py, /root/ros_ws/devel/lib/python3/dist-packages/kortex_driver/msg/_ChangeTwist.py)
Linked: (/root/ros_ws/devel/.private/kortex_driver/lib/python3/dist-packages/kortex_driver/msg/_ChangeWrench.py, /root/ros_ws/devel/lib/python3/dist-packages/kortex_driver/msg/_ChangeWrench.py)
Linked: (/root/ros_ws/devel/.private/kortex_driver/lib/python3/dist-packages/kortex_driver/msg/_UserNotification.py, /root/ros_ws/devel/lib/python3/dist-packages/kortex_driver/msg/_UserNotification.py)
Linked: (/root/ros_ws/devel/.private/kortex_driver/lib/python3/dist-packages/kortex_driver/msg/_ControlConfig_ControlMode.py, /root/ros_ws/devel/lib/python3/dist-packages/kortex_driver/msg/_ControlConfig_ControlMode.py)
Linked: (/root/ros_ws/devel/.private/kortex_driver/lib/python3/dist-packages/kortex_driver/msg/_Base_Stop.py, /root/ros_ws/devel/lib/python3/dist-packages/kortex_driver/msg/_Base_Stop.py)
Linked: (/root/ros_ws/devel/.private/kortex_driver/lib/python3/dist-packages/kortex_driver/msg/_CommunicationInterfaceConfiguration.py, /root/ros_ws/devel/lib/python3/dist-packages/kortex_driver/msg/_CommunicationInterfaceConfiguration.py)
Linked: (/root/ros_ws/devel/.private/kortex_driver/lib/python3/dist-packages/kortex_driver/msg/_Timeout.py, /root/ros_ws/devel/lib/python3/dist-packages/kortex_driver/msg/_Timeout.py)
Linked: (/root/ros_ws/devel/.private/kortex_driver/lib/python3/dist-packages/kortex_driver/msg/_FactoryEvent.py, /root/ros_ws/devel/lib/python3/dist-packages/kortex_driver/msg/_FactoryEvent.py)
Linked: (/root/ros_ws/devel/.private/kortex_driver/lib/python3/dist-packages/kortex_driver/msg/_MappingList.py, /root/ros_ws/devel/lib/python3/dist-packages/kortex_driver/msg/_MappingList.py)
Linked: (/root/ros_ws/devel/.private/kortex_driver/lib/python3/dist-packages/kortex_driver/msg/_TwistLinearSoftLimit.py, /root/ros_ws/devel/lib/python3/dist-packages/kortex_driver/msg/_TwistLinearSoftLimit.py)
Linked: (/root/ros_ws/devel/.private/kortex_driver/lib/python3/dist-packages/kortex_driver/msg/_CommandFlags.py, /root/ros_ws/devel/lib/python3/dist-packages/kortex_driver/msg/_CommandFlags.py)
Linked: (/root/ros_ws/devel/.private/kortex_driver/lib/python3/dist-packages/kortex_driver/msg/_UserEvent.py, /root/ros_ws/devel/lib/python3/dist-packages/kortex_driver/msg/_UserEvent.py)
Linked: (/root/ros_ws/devel/.private/kortex_driver/lib/python3/dist-packages/kortex_driver/msg/_ProtectionZoneNotificationList.py, /root/ros_ws/devel/lib/python3/dist-packages/kortex_driver/msg/_ProtectionZoneNotificationList.py)
Linked: (/root/ros_ws/devel/.private/kortex_driver/lib/python3/dist-packages/kortex_driver/msg/_GpioBehavior.py, /root/ros_ws/devel/lib/python3/dist-packages/kortex_driver/msg/_GpioBehavior.py)
Linked: (/root/ros_ws/devel/.private/kortex_driver/lib/python3/dist-packages/kortex_driver/msg/_BridgeList.py, /root/ros_ws/devel/lib/python3/dist-packages/kortex_driver/msg/_BridgeList.py)
Linked: (/root/ros_ws/devel/.private/kortex_driver/lib/python3/dist-packages/kortex_driver/msg/_ManualFocus.py, /root/ros_ws/devel/lib/python3/dist-packages/kortex_driver/msg/_ManualFocus.py)
Linked: (/root/ros_ws/devel/.private/kortex_driver/lib/python3/dist-packages/kortex_driver/msg/_SensorFocusAction.py, /root/ros_ws/devel/lib/python3/dist-packages/kortex_driver/msg/_SensorFocusAction.py)
Linked: (/root/ros_ws/devel/.private/kortex_driver/lib/python3/dist-packages/kortex_driver/msg/_DeviceConfig_SafetyLimitType.py, /root/ros_ws/devel/lib/python3/dist-packages/kortex_driver/msg/_DeviceConfig_SafetyLimitType.py)
Linked: (/root/ros_ws/devel/.private/kortex_driver/lib/python3/dist-packages/kortex_driver/msg/_MapEvent_events.py, /root/ros_ws/devel/lib/python3/dist-packages/kortex_driver/msg/_MapEvent_events.py)
Linked: (/root/ros_ws/devel/.private/kortex_driver/lib/python3/dist-packages/kortex_driver/msg/_ProtectionZoneHandle.py, /root/ros_ws/devel/lib/python3/dist-packages/kortex_driver/msg/_ProtectionZoneHandle.py)
Linked: (/root/ros_ws/devel/.private/kortex_driver/lib/python3/dist-packages/kortex_driver/msg/_ActuatorCyclic_MessageId.py, /root/ros_ws/devel/lib/python3/dist-packages/kortex_driver/msg/_ActuatorCyclic_MessageId.py)
Linked: (/root/ros_ws/devel/.private/kortex_driver/lib/python3/dist-packages/kortex_driver/msg/_InterconnectCyclic_Command_tool_command.py, /root/ros_ws/devel/lib/python3/dist-packages/kortex_driver/msg/_InterconnectCyclic_Command_tool_command.py)
Linked: (/root/ros_ws/devel/.private/kortex_driver/lib/python3/dist-packages/kortex_driver/msg/_NotificationType.py, /root/ros_ws/devel/lib/python3/dist-packages/kortex_driver/msg/_NotificationType.py)
Linked: (/root/ros_ws/devel/.private/kortex_driver/lib/python3/dist-packages/kortex_driver/msg/_ZoneShape.py, /root/ros_ws/devel/lib/python3/dist-packages/kortex_driver/msg/_ZoneShape.py)
Linked: (/root/ros_ws/devel/.private/kortex_driver/lib/python3/dist-packages/kortex_driver/msg/_GpioEvent.py, /root/ros_ws/devel/lib/python3/dist-packages/kortex_driver/msg/_GpioEvent.py)
Linked: (/root/ros_ws/devel/.private/kortex_driver/lib/python3/dist-packages/kortex_driver/msg/_RobotEventNotification.py, /root/ros_ws/devel/lib/python3/dist-packages/kortex_driver/msg/_RobotEventNotification.py)
Linked: (/root/ros_ws/devel/.private/kortex_driver/lib/python3/dist-packages/kortex_driver/msg/_CalibrationStatus.py, /root/ros_ws/devel/lib/python3/dist-packages/kortex_driver/msg/_CalibrationStatus.py)
Linked: (/root/ros_ws/devel/.private/kortex_driver/lib/python3/dist-packages/kortex_driver/msg/_MapElement.py, /root/ros_ws/devel/lib/python3/dist-packages/kortex_driver/msg/_MapElement.py)
Linked: (/root/ros_ws/devel/.private/kortex_driver/lib/python3/dist-packages/kortex_driver/msg/_JointSpeedSoftLimits.py, /root/ros_ws/devel/lib/python3/dist-packages/kortex_driver/msg/_JointSpeedSoftLimits.py)
Linked: (/root/ros_ws/devel/.private/kortex_driver/lib/python3/dist-packages/kortex_driver/msg/_NetworkHandle.py, /root/ros_ws/devel/lib/python3/dist-packages/kortex_driver/msg/_NetworkHandle.py)
Linked: (/root/ros_ws/devel/.private/kortex_driver/lib/python3/dist-packages/kortex_driver/msg/_UserProfileHandle.py, /root/ros_ws/devel/lib/python3/dist-packages/kortex_driver/msg/_UserProfileHandle.py)
Linked: (/root/ros_ws/devel/.private/kortex_driver/lib/python3/dist-packages/kortex_driver/msg/_ArmStateNotification.py, /root/ros_ws/devel/lib/python3/dist-packages/kortex_driver/msg/_ArmStateNotification.py)
Linked: (/root/ros_ws/devel/.private/kortex_driver/lib/python3/dist-packages/kortex_driver/msg/_BaseFeedback.py, /root/ros_ws/devel/lib/python3/dist-packages/kortex_driver/msg/_BaseFeedback.py)
Linked: (/root/ros_ws/devel/.private/kortex_driver/lib/python3/dist-packages/kortex_driver/msg/_AppendActionInformation.py, /root/ros_ws/devel/lib/python3/dist-packages/kortex_driver/msg/_AppendActionInformation.py)
Linked: (/root/ros_ws/devel/.private/kortex_driver/lib/python3/dist-packages/kortex_driver/msg/_RebootRqst.py, /root/ros_ws/devel/lib/python3/dist-packages/kortex_driver/msg/_RebootRqst.py)
Linked: (/root/ros_ws/devel/.private/kortex_driver/lib/python3/dist-packages/kortex_driver/msg/_CountryCodeIdentifier.py, /root/ros_ws/devel/lib/python3/dist-packages/kortex_driver/msg/_CountryCodeIdentifier.py)
Linked: (/root/ros_ws/devel/.private/kortex_driver/lib/python3/dist-packages/kortex_driver/msg/_LedState.py, /root/ros_ws/devel/lib/python3/dist-packages/kortex_driver/msg/_LedState.py)
Linked: (/root/ros_ws/devel/.private/kortex_driver/lib/python3/dist-packages/kortex_driver/msg/_LoopSelection.py, /root/ros_ws/devel/lib/python3/dist-packages/kortex_driver/msg/_LoopSelection.py)
Linked: (/root/ros_ws/devel/.private/kortex_driver/lib/python3/dist-packages/kortex_driver/msg/_UARTPortId.py, /root/ros_ws/devel/lib/python3/dist-packages/kortex_driver/msg/_UARTPortId.py)
Linked: (/root/ros_ws/devel/.private/kortex_driver/lib/python3/dist-packages/kortex_driver/msg/_Finger.py, /root/ros_ws/devel/lib/python3/dist-packages/kortex_driver/msg/_Finger.py)
Linked: (/root/ros_ws/devel/.private/kortex_driver/lib/python3/dist-packages/kortex_driver/msg/_GpioAction.py, /root/ros_ws/devel/lib/python3/dist-packages/kortex_driver/msg/_GpioAction.py)
Linked: (/root/ros_ws/devel/.private/kortex_driver/lib/python3/dist-packages/kortex_driver/msg/_FollowCartesianTrajectoryAction.py, /root/ros_ws/devel/lib/python3/dist-packages/kortex_driver/msg/_FollowCartesianTrajectoryAction.py)
Linked: (/root/ros_ws/devel/.private/kortex_driver/lib/python3/dist-packages/kortex_driver/msg/_JointLimitation.py, /root/ros_ws/devel/lib/python3/dist-packages/kortex_driver/msg/_JointLimitation.py)
Linked: (/root/ros_ws/devel/.private/kortex_driver/lib/python3/dist-packages/kortex_driver/msg/_ProtectionZoneInformation.py, /root/ros_ws/devel/lib/python3/dist-packages/kortex_driver/msg/_ProtectionZoneInformation.py)
Linked: (/root/ros_ws/devel/.private/kortex_driver/lib/python3/dist-packages/kortex_driver/msg/_CustomDataSelection.py, /root/ros_ws/devel/lib/python3/dist-packages/kortex_driver/msg/_CustomDataSelection.py)
Linked: (/root/ros_ws/devel/.private/kortex_driver/lib/python3/dist-packages/kortex_driver/msg/_InterconnectCyclic_MessageId.py, /root/ros_ws/devel/lib/python3/dist-packages/kortex_driver/msg/_InterconnectCyclic_MessageId.py)
Linked: (/root/ros_ws/devel/.private/kortex_driver/lib/python3/dist-packages/kortex_driver/msg/_ErrorCodes.py, /root/ros_ws/devel/lib/python3/dist-packages/kortex_driver/msg/_ErrorCodes.py)
Linked: (/root/ros_ws/devel/.private/kortex_driver/lib/python3/dist-packages/kortex_driver/msg/_ActionHandle.py, /root/ros_ws/devel/lib/python3/dist-packages/kortex_driver/msg/_ActionHandle.py)
Linked: (/root/ros_ws/devel/.private/kortex_driver/lib/python3/dist-packages/kortex_driver/msg/_DeviceTypes.py, /root/ros_ws/devel/lib/python3/dist-packages/kortex_driver/msg/_DeviceTypes.py)
Linked: (/root/ros_ws/devel/.private/kortex_driver/lib/python3/dist-packages/kortex_driver/msg/_GripperCyclic_ServiceVersion.py, /root/ros_ws/devel/lib/python3/dist-packages/kortex_driver/msg/_GripperCyclic_ServiceVersion.py)
Linked: (/root/ros_ws/devel/.private/kortex_driver/lib/python3/dist-packages/kortex_driver/msg/_Base_RotationMatrix.py, /root/ros_ws/devel/lib/python3/dist-packages/kortex_driver/msg/_Base_RotationMatrix.py)
Linked: (/root/ros_ws/devel/.private/kortex_driver/lib/python3/dist-packages/kortex_driver/msg/_DeviceConfig_CapSenseConfig.py, /root/ros_ws/devel/lib/python3/dist-packages/kortex_driver/msg/_DeviceConfig_CapSenseConfig.py)
Linked: (/root/ros_ws/devel/.private/kortex_driver/lib/python3/dist-packages/kortex_driver/msg/_ControlConfig_ControlModeNotification.py, /root/ros_ws/devel/lib/python3/dist-packages/kortex_driver/msg/_ControlConfig_ControlModeNotification.py)
Linked: (/root/ros_ws/devel/.private/kortex_driver/lib/python3/dist-packages/kortex_driver/msg/_VisionEvent.py, /root/ros_ws/devel/lib/python3/dist-packages/kortex_driver/msg/_VisionEvent.py)
Linked: (/root/ros_ws/devel/.private/kortex_driver/lib/python3/dist-packages/kortex_driver/msg/_TrajectoryErrorType.py, /root/ros_ws/devel/lib/python3/dist-packages/kortex_driver/msg/_TrajectoryErrorType.py)
Linked: (/root/ros_ws/devel/.private/kortex_driver/lib/python3/dist-packages/kortex_driver/msg/_InterconnectCyclic_ServiceVersion.py, /root/ros_ws/devel/lib/python3/dist-packages/kortex_driver/msg/_InterconnectCyclic_ServiceVersion.py)
Linked: (/root/ros_ws/devel/.private/kortex_driver/lib/python3/dist-packages/kortex_driver/msg/_FollowCartesianTrajectoryResult.py, /root/ros_ws/devel/lib/python3/dist-packages/kortex_driver/msg/_FollowCartesianTrajectoryResult.py)
Linked: (/root/ros_ws/devel/.private/kortex_driver/lib/python3/dist-packages/kortex_driver/msg/_ApiOptions.py, /root/ros_ws/devel/lib/python3/dist-packages/kortex_driver/msg/_ApiOptions.py)
Linked: (/root/ros_ws/devel/.private/kortex_driver/lib/python3/dist-packages/kortex_driver/msg/_UARTStopBits.py, /root/ros_ws/devel/lib/python3/dist-packages/kortex_driver/msg/_UARTStopBits.py)
Linked: (/root/ros_ws/devel/.private/kortex_driver/lib/python3/dist-packages/kortex_driver/msg/_ControllerNotification_state.py, /root/ros_ws/devel/lib/python3/dist-packages/kortex_driver/msg/_ControllerNotification_state.py)
Linked: (/root/ros_ws/devel/.private/kortex_driver/lib/python3/dist-packages/kortex_driver/msg/_AxisPosition.py, /root/ros_ws/devel/lib/python3/dist-packages/kortex_driver/msg/_AxisPosition.py)
Linked: (/root/ros_ws/devel/.private/kortex_driver/lib/python3/dist-packages/kortex_driver/msg/_ActionExecutionState.py, /root/ros_ws/devel/lib/python3/dist-packages/kortex_driver/msg/_ActionExecutionState.py)
Linked: (/root/ros_ws/devel/.private/kortex_driver/lib/python3/dist-packages/kortex_driver/msg/_StepResponse.py, /root/ros_ws/devel/lib/python3/dist-packages/kortex_driver/msg/_StepResponse.py)
Linked: (/root/ros_ws/devel/.private/kortex_driver/lib/python3/dist-packages/kortex_driver/msg/_AdvancedSequenceHandle.py, /root/ros_ws/devel/lib/python3/dist-packages/kortex_driver/msg/_AdvancedSequenceHandle.py)
Linked: (/root/ros_ws/devel/.private/kortex_driver/lib/python3/dist-packages/kortex_driver/msg/_RobotEventNotificationList.py, /root/ros_ws/devel/lib/python3/dist-packages/kortex_driver/msg/_RobotEventNotificationList.py)
Linked: (/root/ros_ws/devel/.private/kortex_driver/lib/python3/dist-packages/kortex_driver/msg/_SafetyInformation.py, /root/ros_ws/devel/lib/python3/dist-packages/kortex_driver/msg/_SafetyInformation.py)
Linked: (/root/ros_ws/devel/.private/kortex_driver/lib/python3/dist-packages/kortex_driver/msg/_SequenceList.py, /root/ros_ws/devel/lib/python3/dist-packages/kortex_driver/msg/_SequenceList.py)
Linked: (/root/ros_ws/devel/.private/kortex_driver/lib/python3/dist-packages/kortex_driver/msg/_CartesianReferenceFrame.py, /root/ros_ws/devel/lib/python3/dist-packages/kortex_driver/msg/_CartesianReferenceFrame.py)
Linked: (/root/ros_ws/devel/.private/kortex_driver/lib/python3/dist-packages/kortex_driver/msg/_Base_ControlMode.py, /root/ros_ws/devel/lib/python3/dist-packages/kortex_driver/msg/_Base_ControlMode.py)
Linked: (/root/ros_ws/devel/.private/kortex_driver/lib/python3/dist-packages/kortex_driver/msg/_GPIOValue.py, /root/ros_ws/devel/lib/python3/dist-packages/kortex_driver/msg/_GPIOValue.py)
Linked: (/root/ros_ws/devel/.private/kortex_driver/lib/python3/dist-packages/kortex_driver/msg/_ControlConfig_ControlModeInformation.py, /root/ros_ws/devel/lib/python3/dist-packages/kortex_driver/msg/_ControlConfig_ControlModeInformation.py)
Linked: (/root/ros_ws/devel/.private/kortex_driver/lib/python3/dist-packages/kortex_driver/msg/_MotorCommand.py, /root/ros_ws/devel/lib/python3/dist-packages/kortex_driver/msg/_MotorCommand.py)
Linked: (/root/ros_ws/devel/.private/kortex_driver/lib/python3/dist-packages/kortex_driver/msg/_ProtectionZoneNotification.py, /root/ros_ws/devel/lib/python3/dist-packages/kortex_driver/msg/_ProtectionZoneNotification.py)
Linked: (/root/ros_ws/devel/.private/kortex_driver/lib/python3/dist-packages/kortex_driver/msg/_ArmState.py, /root/ros_ws/devel/lib/python3/dist-packages/kortex_driver/msg/_ArmState.py)
Linked: (/root/ros_ws/devel/.private/kortex_driver/lib/python3/dist-packages/kortex_driver/msg/_CalibrationItem.py, /root/ros_ws/devel/lib/python3/dist-packages/kortex_driver/msg/_CalibrationItem.py)
Linked: (/root/ros_ws/devel/.private/kortex_driver/lib/python3/dist-packages/kortex_driver/msg/_SafetyNotificationList.py, /root/ros_ws/devel/lib/python3/dist-packages/kortex_driver/msg/_SafetyNotificationList.py)
Linked: (/root/ros_ws/devel/.private/kortex_driver/lib/python3/dist-packages/kortex_driver/msg/_Waypoint.py, /root/ros_ws/devel/lib/python3/dist-packages/kortex_driver/msg/_Waypoint.py)
Linked: (/root/ros_ws/devel/.private/kortex_driver/lib/python3/dist-packages/kortex_driver/msg/_BaseCyclic_Feedback.py, /root/ros_ws/devel/lib/python3/dist-packages/kortex_driver/msg/_BaseCyclic_Feedback.py)
Linked: (/root/ros_ws/devel/.private/kortex_driver/lib/python3/dist-packages/kortex_driver/msg/_IntrinsicProfileIdentifier.py, /root/ros_ws/devel/lib/python3/dist-packages/kortex_driver/msg/_IntrinsicProfileIdentifier.py)
Linked: (/root/ros_ws/devel/.private/kortex_driver/lib/python3/dist-packages/kortex_driver/msg/_SafetyStatusValue.py, /root/ros_ws/devel/lib/python3/dist-packages/kortex_driver/msg/_SafetyStatusValue.py)
Linked: (/root/ros_ws/devel/.private/kortex_driver/lib/python3/dist-packages/kortex_driver/msg/_Base_CapSenseMode.py, /root/ros_ws/devel/lib/python3/dist-packages/kortex_driver/msg/_Base_CapSenseMode.py)
Linked: (/root/ros_ws/devel/.private/kortex_driver/lib/python3/dist-packages/kortex_driver/msg/_JointSpeed.py, /root/ros_ws/devel/lib/python3/dist-packages/kortex_driver/msg/_JointSpeed.py)
Linked: (/root/ros_ws/devel/.private/kortex_driver/lib/python3/dist-packages/kortex_driver/msg/_FirmwareBundleVersions.py, /root/ros_ws/devel/lib/python3/dist-packages/kortex_driver/msg/_FirmwareBundleVersions.py)
Linked: (/root/ros_ws/devel/.private/kortex_driver/lib/python3/dist-packages/kortex_driver/msg/_GPIOPull.py, /root/ros_ws/devel/lib/python3/dist-packages/kortex_driver/msg/_GPIOPull.py)
Linked: (/root/ros_ws/devel/.private/kortex_driver/lib/python3/dist-packages/kortex_driver/msg/_GripperCyclic_CustomData.py, /root/ros_ws/devel/lib/python3/dist-packages/kortex_driver/msg/_GripperCyclic_CustomData.py)
Linked: (/root/ros_ws/devel/.private/kortex_driver/lib/python3/dist-packages/kortex_driver/msg/_VectorDriveParameters.py, /root/ros_ws/devel/lib/python3/dist-packages/kortex_driver/msg/_VectorDriveParameters.py)
Linked: (/root/ros_ws/devel/.private/kortex_driver/lib/python3/dist-packages/kortex_driver/msg/_EthernetSpeed.py, /root/ros_ws/devel/lib/python3/dist-packages/kortex_driver/msg/_EthernetSpeed.py)
Linked: (/root/ros_ws/devel/.private/kortex_driver/lib/python3/dist-packages/kortex_driver/msg/_WrenchLimitation.py, /root/ros_ws/devel/lib/python3/dist-packages/kortex_driver/msg/_WrenchLimitation.py)
Linked: (/root/ros_ws/devel/.private/kortex_driver/lib/python3/dist-packages/kortex_driver/msg/_ControllerNotification.py, /root/ros_ws/devel/lib/python3/dist-packages/kortex_driver/msg/_ControllerNotification.py)
Linked: (/root/ros_ws/devel/.private/kortex_driver/lib/python3/dist-packages/kortex_driver/msg/_EncoderDerivativeParameters.py, /root/ros_ws/devel/lib/python3/dist-packages/kortex_driver/msg/_EncoderDerivativeParameters.py)
Linked: (/root/ros_ws/devel/.private/kortex_driver/lib/python3/dist-packages/kortex_driver/msg/_WristDigitalInputIdentifier.py, /root/ros_ws/devel/lib/python3/dist-packages/kortex_driver/msg/_WristDigitalInputIdentifier.py)
Linked: (/root/ros_ws/devel/.private/kortex_driver/lib/python3/dist-packages/kortex_driver/msg/_ProtectionZoneEvent.py, /root/ros_ws/devel/lib/python3/dist-packages/kortex_driver/msg/_ProtectionZoneEvent.py)
Linked: (/root/ros_ws/devel/.private/kortex_driver/lib/python3/dist-packages/kortex_driver/msg/_ToolConfiguration.py, /root/ros_ws/devel/lib/python3/dist-packages/kortex_driver/msg/_ToolConfiguration.py)
Linked: (/root/ros_ws/devel/.private/kortex_driver/lib/python3/dist-packages/kortex_driver/msg/_WifiInformation.py, /root/ros_ws/devel/lib/python3/dist-packages/kortex_driver/msg/_WifiInformation.py)
Linked: (/root/ros_ws/devel/.private/kortex_driver/lib/python3/dist-packages/kortex_driver/msg/_GPIOIdentification.py, /root/ros_ws/devel/lib/python3/dist-packages/kortex_driver/msg/_GPIOIdentification.py)
Linked: (/root/ros_ws/devel/.private/kortex_driver/lib/python3/dist-packages/kortex_driver/msg/_SequenceTaskConfiguration.py, /root/ros_ws/devel/lib/python3/dist-packages/kortex_driver/msg/_SequenceTaskConfiguration.py)
Linked: (/root/ros_ws/devel/.private/kortex_driver/lib/python3/dist-packages/kortex_driver/msg/_I2CMode.py, /root/ros_ws/devel/lib/python3/dist-packages/kortex_driver/msg/_I2CMode.py)
Linked: (/root/ros_ws/devel/.private/kortex_driver/lib/python3/dist-packages/kortex_driver/msg/_Permission.py, /root/ros_ws/devel/lib/python3/dist-packages/kortex_driver/msg/_Permission.py)
Linked: (/root/ros_ws/devel/.private/kortex_driver/lib/python3/dist-packages/kortex_driver/msg/_ActuatorCyclic_Feedback.py, /root/ros_ws/devel/lib/python3/dist-packages/kortex_driver/msg/_ActuatorCyclic_Feedback.py)
Linked: (/root/ros_ws/devel/.private/kortex_driver/lib/python3/dist-packages/kortex_driver/msg/_SafetyThreshold.py, /root/ros_ws/devel/lib/python3/dist-packages/kortex_driver/msg/_SafetyThreshold.py)
Linked: (/root/ros_ws/devel/.private/kortex_driver/lib/python3/dist-packages/kortex_driver/msg/_KinematicLimitsList.py, /root/ros_ws/devel/lib/python3/dist-packages/kortex_driver/msg/_KinematicLimitsList.py)
Linked: (/root/ros_ws/devel/.private/kortex_driver/lib/python3/dist-packages/kortex_driver/msg/_TorqueOffset.py, /root/ros_ws/devel/lib/python3/dist-packages/kortex_driver/msg/_TorqueOffset.py)
Linked: (/root/ros_ws/devel/.private/kortex_driver/lib/python3/dist-packages/kortex_driver/msg/_ActuatorConfig_ServiceVersion.py, /root/ros_ws/devel/lib/python3/dist-packages/kortex_driver/msg/_ActuatorConfig_ServiceVersion.py)
Linked: (/root/ros_ws/devel/.private/kortex_driver/lib/python3/dist-packages/kortex_driver/msg/_FocusAction.py, /root/ros_ws/devel/lib/python3/dist-packages/kortex_driver/msg/_FocusAction.py)
Linked: (/root/ros_ws/devel/.private/kortex_driver/lib/python3/dist-packages/kortex_driver/msg/_TorqueCalibration.py, /root/ros_ws/devel/lib/python3/dist-packages/kortex_driver/msg/_TorqueCalibration.py)
Linked: (/root/ros_ws/devel/.private/kortex_driver/lib/python3/dist-packages/kortex_driver/msg/_MapEvent.py, /root/ros_ws/devel/lib/python3/dist-packages/kortex_driver/msg/_MapEvent.py)
Linked: (/root/ros_ws/devel/.private/kortex_driver/lib/python3/dist-packages/kortex_driver/msg/_Action.py, /root/ros_ws/devel/lib/python3/dist-packages/kortex_driver/msg/_Action.py)
Linked: (/root/ros_ws/devel/.private/kortex_driver/lib/python3/dist-packages/kortex_driver/msg/_Snapshot.py, /root/ros_ws/devel/lib/python3/dist-packages/kortex_driver/msg/_Snapshot.py)
Linked: (/root/ros_ws/devel/.private/kortex_driver/lib/python3/dist-packages/kortex_driver/msg/_BootloaderVersion.py, /root/ros_ws/devel/lib/python3/dist-packages/kortex_driver/msg/_BootloaderVersion.py)
Linked: (/root/ros_ws/devel/.private/kortex_driver/lib/python3/dist-packages/kortex_driver/msg/_IKData.py, /root/ros_ws/devel/lib/python3/dist-packages/kortex_driver/msg/_IKData.py)
Linked: (/root/ros_ws/devel/.private/kortex_driver/lib/python3/dist-packages/kortex_driver/msg/_ActionNotification.py, /root/ros_ws/devel/lib/python3/dist-packages/kortex_driver/msg/_ActionNotification.py)
Linked: (/root/ros_ws/devel/.private/kortex_driver/lib/python3/dist-packages/kortex_driver/msg/_SwitchControlMapping.py, /root/ros_ws/devel/lib/python3/dist-packages/kortex_driver/msg/_SwitchControlMapping.py)
Linked: (/root/ros_ws/devel/.private/kortex_driver/lib/python3/dist-packages/kortex_driver/msg/_EthernetDeviceIdentification.py, /root/ros_ws/devel/lib/python3/dist-packages/kortex_driver/msg/_EthernetDeviceIdentification.py)
Linked: (/root/ros_ws/devel/.private/kortex_driver/lib/python3/dist-packages/kortex_driver/msg/_BridgeConfig.py, /root/ros_ws/devel/lib/python3/dist-packages/kortex_driver/msg/_BridgeConfig.py)
Linked: (/root/ros_ws/devel/.private/kortex_driver/lib/python3/dist-packages/kortex_driver/msg/_DistortionCoefficients.py, /root/ros_ws/devel/lib/python3/dist-packages/kortex_driver/msg/_DistortionCoefficients.py)
Linked: (/root/ros_ws/devel/.private/kortex_driver/lib/python3/dist-packages/kortex_driver/msg/_SequenceTasksPair.py, /root/ros_ws/devel/lib/python3/dist-packages/kortex_driver/msg/_SequenceTasksPair.py)
Linked: (/root/ros_ws/devel/.private/kortex_driver/lib/python3/dist-packages/kortex_driver/msg/_GripperConfig_SafetyIdentifier.py, /root/ros_ws/devel/lib/python3/dist-packages/kortex_driver/msg/_GripperConfig_SafetyIdentifier.py)
Linked: (/root/ros_ws/devel/.private/kortex_driver/lib/python3/dist-packages/kortex_driver/msg/_WifiInformationList.py, /root/ros_ws/devel/lib/python3/dist-packages/kortex_driver/msg/_WifiInformationList.py)
Linked: (/root/ros_ws/devel/.private/kortex_driver/lib/python3/dist-packages/kortex_driver/msg/_DesiredSpeeds.py, /root/ros_ws/devel/lib/python3/dist-packages/kortex_driver/msg/_DesiredSpeeds.py)
Linked: (/root/ros_ws/devel/.private/kortex_driver/lib/python3/dist-packages/kortex_driver/msg/_CartesianTransform.py, /root/ros_ws/devel/lib/python3/dist-packages/kortex_driver/msg/_CartesianTransform.py)
Linked: (/root/ros_ws/devel/.private/kortex_driver/lib/python3/dist-packages/kortex_driver/srv/_SelectCustomData.py, /root/ros_ws/devel/lib/python3/dist-packages/kortex_driver/srv/_SelectCustomData.py)
Linked: (/root/ros_ws/devel/.private/kortex_driver/lib/python3/dist-packages/kortex_driver/srv/_ExecuteWaypointTrajectory.py, /root/ros_ws/devel/lib/python3/dist-packages/kortex_driver/srv/_ExecuteWaypointTrajectory.py)
Linked: (/root/ros_ws/devel/.private/kortex_driver/lib/python3/dist-packages/kortex_driver/srv/_SetActivatedControlLoop.py, /root/ros_ws/devel/lib/python3/dist-packages/kortex_driver/srv/_SetActivatedControlLoop.py)
Linked: (/root/ros_ws/devel/.private/kortex_driver/lib/python3/dist-packages/kortex_driver/srv/_ResetToolConfiguration.py, /root/ros_ws/devel/lib/python3/dist-packages/kortex_driver/srv/_ResetToolConfiguration.py)
Linked: (/root/ros_ws/devel/.private/kortex_driver/lib/python3/dist-packages/kortex_driver/srv/_GetActuatorCount.py, /root/ros_ws/devel/lib/python3/dist-packages/kortex_driver/srv/_GetActuatorCount.py)
Linked: (/root/ros_ws/devel/.private/kortex_driver/lib/python3/dist-packages/kortex_driver/srv/_OnNotificationArmStateTopic.py, /root/ros_ws/devel/lib/python3/dist-packages/kortex_driver/srv/_OnNotificationArmStateTopic.py)
Linked: (/root/ros_ws/devel/.private/kortex_driver/lib/python3/dist-packages/kortex_driver/srv/_ApplyEmergencyStop.py, /root/ros_ws/devel/lib/python3/dist-packages/kortex_driver/srv/_ApplyEmergencyStop.py)
Linked: (/root/ros_ws/devel/.private/kortex_driver/lib/python3/dist-packages/kortex_driver/srv/_SetI2CConfiguration.py, /root/ros_ws/devel/lib/python3/dist-packages/kortex_driver/srv/_SetI2CConfiguration.py)
Linked: (/root/ros_ws/devel/.private/kortex_driver/lib/python3/dist-packages/kortex_driver/srv/_DeviceConfig_GetCapSenseConfig.py, /root/ros_ws/devel/lib/python3/dist-packages/kortex_driver/srv/_DeviceConfig_GetCapSenseConfig.py)
Linked: (/root/ros_ws/devel/.private/kortex_driver/lib/python3/dist-packages/kortex_driver/srv/_SendJointSpeedsJoystickCommand.py, /root/ros_ws/devel/lib/python3/dist-packages/kortex_driver/srv/_SendJointSpeedsJoystickCommand.py)
Linked: (/root/ros_ws/devel/.private/kortex_driver/lib/python3/dist-packages/kortex_driver/srv/_SetSafetyErrorThreshold.py, /root/ros_ws/devel/lib/python3/dist-packages/kortex_driver/srv/_SetSafetyErrorThreshold.py)
Linked: (/root/ros_ws/devel/.private/kortex_driver/lib/python3/dist-packages/kortex_driver/srv/_DeleteProtectionZone.py, /root/ros_ws/devel/lib/python3/dist-packages/kortex_driver/srv/_DeleteProtectionZone.py)
Linked: (/root/ros_ws/devel/.private/kortex_driver/lib/python3/dist-packages/kortex_driver/srv/_GetEthernetConfiguration.py, /root/ros_ws/devel/lib/python3/dist-packages/kortex_driver/srv/_GetEthernetConfiguration.py)
Linked: (/root/ros_ws/devel/.private/kortex_driver/lib/python3/dist-packages/kortex_driver/srv/_GetFirmwareVersion.py, /root/ros_ws/devel/lib/python3/dist-packages/kortex_driver/srv/_GetFirmwareVersion.py)
Linked: (/root/ros_ws/devel/.private/kortex_driver/lib/python3/dist-packages/kortex_driver/srv/_GetAllKinematicSoftLimits.py, /root/ros_ws/devel/lib/python3/dist-packages/kortex_driver/srv/_GetAllKinematicSoftLimits.py)
Linked: (/root/ros_ws/devel/.private/kortex_driver/lib/python3/dist-packages/kortex_driver/srv/_SendWrenchCommand.py, /root/ros_ws/devel/lib/python3/dist-packages/kortex_driver/srv/_SendWrenchCommand.py)
Linked: (/root/ros_ws/devel/.private/kortex_driver/lib/python3/dist-packages/kortex_driver/srv/_PlayAdvancedSequence.py, /root/ros_ws/devel/lib/python3/dist-packages/kortex_driver/srv/_PlayAdvancedSequence.py)
Linked: (/root/ros_ws/devel/.private/kortex_driver/lib/python3/dist-packages/kortex_driver/srv/_PlayCartesianTrajectory.py, /root/ros_ws/devel/lib/python3/dist-packages/kortex_driver/srv/_PlayCartesianTrajectory.py)
Linked: (/root/ros_ws/devel/.private/kortex_driver/lib/python3/dist-packages/kortex_driver/srv/_SetEthernetConfiguration.py, /root/ros_ws/devel/lib/python3/dist-packages/kortex_driver/srv/_SetEthernetConfiguration.py)
Linked: (/root/ros_ws/devel/.private/kortex_driver/lib/python3/dist-packages/kortex_driver/srv/_I2CReadRegister.py, /root/ros_ws/devel/lib/python3/dist-packages/kortex_driver/srv/_I2CReadRegister.py)
Linked: (/root/ros_ws/devel/.private/kortex_driver/lib/python3/dist-packages/kortex_driver/srv/_ResumeAction.py, /root/ros_ws/devel/lib/python3/dist-packages/kortex_driver/srv/_ResumeAction.py)
Linked: (/root/ros_ws/devel/.private/kortex_driver/lib/python3/dist-packages/kortex_driver/srv/_SetAdmittance.py, /root/ros_ws/devel/lib/python3/dist-packages/kortex_driver/srv/_SetAdmittance.py)
Linked: (/root/ros_ws/devel/.private/kortex_driver/lib/python3/dist-packages/kortex_driver/srv/_GetAllJointsSpeedSoftLimitation.py, /root/ros_ws/devel/lib/python3/dist-packages/kortex_driver/srv/_GetAllJointsSpeedSoftLimitation.py)
Linked: (/root/ros_ws/devel/.private/kortex_driver/lib/python3/dist-packages/kortex_driver/srv/_GetCoggingFeedforwardMode.py, /root/ros_ws/devel/lib/python3/dist-packages/kortex_driver/srv/_GetCoggingFeedforwardMode.py)
Linked: (/root/ros_ws/devel/.private/kortex_driver/lib/python3/dist-packages/kortex_driver/srv/_GetBridgeList.py, /root/ros_ws/devel/lib/python3/dist-packages/kortex_driver/srv/_GetBridgeList.py)
Linked: (/root/ros_ws/devel/.private/kortex_driver/lib/python3/dist-packages/kortex_driver/srv/_GetModelNumber.py, /root/ros_ws/devel/lib/python3/dist-packages/kortex_driver/srv/_GetModelNumber.py)
Linked: (/root/ros_ws/devel/.private/kortex_driver/lib/python3/dist-packages/kortex_driver/srv/_GetOperatingMode.py, /root/ros_ws/devel/lib/python3/dist-packages/kortex_driver/srv/_GetOperatingMode.py)
Linked: (/root/ros_ws/devel/.private/kortex_driver/lib/python3/dist-packages/kortex_driver/srv/_DeleteSequence.py, /root/ros_ws/devel/lib/python3/dist-packages/kortex_driver/srv/_DeleteSequence.py)
Linked: (/root/ros_ws/devel/.private/kortex_driver/lib/python3/dist-packages/kortex_driver/srv/_StartWifiScan.py, /root/ros_ws/devel/lib/python3/dist-packages/kortex_driver/srv/_StartWifiScan.py)
Linked: (/root/ros_ws/devel/.private/kortex_driver/lib/python3/dist-packages/kortex_driver/srv/_GetWifiEnableState.py, /root/ros_ws/devel/lib/python3/dist-packages/kortex_driver/srv/_GetWifiEnableState.py)
Linked: (/root/ros_ws/devel/.private/kortex_driver/lib/python3/dist-packages/kortex_driver/srv/_Stop.py, /root/ros_ws/devel/lib/python3/dist-packages/kortex_driver/srv/_Stop.py)
Linked: (/root/ros_ws/devel/.private/kortex_driver/lib/python3/dist-packages/kortex_driver/srv/_GetKinematicHardLimits.py, /root/ros_ws/devel/lib/python3/dist-packages/kortex_driver/srv/_GetKinematicHardLimits.py)
Linked: (/root/ros_ws/devel/.private/kortex_driver/lib/python3/dist-packages/kortex_driver/srv/_SetIPv4Settings.py, /root/ros_ws/devel/lib/python3/dist-packages/kortex_driver/srv/_SetIPv4Settings.py)
Linked: (/root/ros_ws/devel/.private/kortex_driver/lib/python3/dist-packages/kortex_driver/srv/_GetDesiredSpeeds.py, /root/ros_ws/devel/lib/python3/dist-packages/kortex_driver/srv/_GetDesiredSpeeds.py)
Linked: (/root/ros_ws/devel/.private/kortex_driver/lib/python3/dist-packages/kortex_driver/srv/_ReadAllSequenceTasks.py, /root/ros_ws/devel/lib/python3/dist-packages/kortex_driver/srv/_ReadAllSequenceTasks.py)
Linked: (/root/ros_ws/devel/.private/kortex_driver/lib/python3/dist-packages/kortex_driver/srv/_SetServoing.py, /root/ros_ws/devel/lib/python3/dist-packages/kortex_driver/srv/_SetServoing.py)
Linked: (/root/ros_ws/devel/.private/kortex_driver/lib/python3/dist-packages/kortex_driver/srv/_ReadMapping.py, /root/ros_ws/devel/lib/python3/dist-packages/kortex_driver/srv/_ReadMapping.py)
Linked: (/root/ros_ws/devel/.private/kortex_driver/lib/python3/dist-packages/kortex_driver/srv/_UpdateAction.py, /root/ros_ws/devel/lib/python3/dist-packages/kortex_driver/srv/_UpdateAction.py)
Linked: (/root/ros_ws/devel/.private/kortex_driver/lib/python3/dist-packages/kortex_driver/srv/_GetSafetyConfiguration.py, /root/ros_ws/devel/lib/python3/dist-packages/kortex_driver/srv/_GetSafetyConfiguration.py)
Linked: (/root/ros_ws/devel/.private/kortex_driver/lib/python3/dist-packages/kortex_driver/srv/_GetSelectedCustomData.py, /root/ros_ws/devel/lib/python3/dist-packages/kortex_driver/srv/_GetSelectedCustomData.py)
Linked: (/root/ros_ws/devel/.private/kortex_driver/lib/python3/dist-packages/kortex_driver/srv/_DisableBridge.py, /root/ros_ws/devel/lib/python3/dist-packages/kortex_driver/srv/_DisableBridge.py)
Linked: (/root/ros_ws/devel/.private/kortex_driver/lib/python3/dist-packages/kortex_driver/srv/_SetAxisOffsets.py, /root/ros_ws/devel/lib/python3/dist-packages/kortex_driver/srv/_SetAxisOffsets.py)
Linked: (/root/ros_ws/devel/.private/kortex_driver/lib/python3/dist-packages/kortex_driver/srv/_GetGravityVector.py, /root/ros_ws/devel/lib/python3/dist-packages/kortex_driver/srv/_GetGravityVector.py)
Linked: (/root/ros_ws/devel/.private/kortex_driver/lib/python3/dist-packages/kortex_driver/srv/_GetIPv4Settings.py, /root/ros_ws/devel/lib/python3/dist-packages/kortex_driver/srv/_GetIPv4Settings.py)
Linked: (/root/ros_ws/devel/.private/kortex_driver/lib/python3/dist-packages/kortex_driver/srv/_GetMeasuredJointAngles.py, /root/ros_ws/devel/lib/python3/dist-packages/kortex_driver/srv/_GetMeasuredJointAngles.py)
Linked: (/root/ros_ws/devel/.private/kortex_driver/lib/python3/dist-packages/kortex_driver/srv/_SendTwistCommand.py, /root/ros_ws/devel/lib/python3/dist-packages/kortex_driver/srv/_SendTwistCommand.py)
Linked: (/root/ros_ws/devel/.private/kortex_driver/lib/python3/dist-packages/kortex_driver/srv/_PauseAction.py, /root/ros_ws/devel/lib/python3/dist-packages/kortex_driver/srv/_PauseAction.py)
Linked: (/root/ros_ws/devel/.private/kortex_driver/lib/python3/dist-packages/kortex_driver/srv/_ResetGravityVector.py, /root/ros_ws/devel/lib/python3/dist-packages/kortex_driver/srv/_ResetGravityVector.py)
Linked: (/root/ros_ws/devel/.private/kortex_driver/lib/python3/dist-packages/kortex_driver/srv/_SetPayloadInformation.py, /root/ros_ws/devel/lib/python3/dist-packages/kortex_driver/srv/_SetPayloadInformation.py)
Linked: (/root/ros_ws/devel/.private/kortex_driver/lib/python3/dist-packages/kortex_driver/srv/_GetExtrinsicParameters.py, /root/ros_ws/devel/lib/python3/dist-packages/kortex_driver/srv/_GetExtrinsicParameters.py)
Linked: (/root/ros_ws/devel/.private/kortex_driver/lib/python3/dist-packages/kortex_driver/srv/_GetOptionInformation.py, /root/ros_ws/devel/lib/python3/dist-packages/kortex_driver/srv/_GetOptionInformation.py)
Linked: (/root/ros_ws/devel/.private/kortex_driver/lib/python3/dist-packages/kortex_driver/srv/_RebootRequest.py, /root/ros_ws/devel/lib/python3/dist-packages/kortex_driver/srv/_RebootRequest.py)
Linked: (/root/ros_ws/devel/.private/kortex_driver/lib/python3/dist-packages/kortex_driver/srv/_UpdateProtectionZone.py, /root/ros_ws/devel/lib/python3/dist-packages/kortex_driver/srv/_UpdateProtectionZone.py)
Linked: (/root/ros_ws/devel/.private/kortex_driver/lib/python3/dist-packages/kortex_driver/srv/_SetGPIOConfiguration.py, /root/ros_ws/devel/lib/python3/dist-packages/kortex_driver/srv/_SetGPIOConfiguration.py)
Linked: (/root/ros_ws/devel/.private/kortex_driver/lib/python3/dist-packages/kortex_driver/srv/_GetAllJointsSpeedHardLimitation.py, /root/ros_ws/devel/lib/python3/dist-packages/kortex_driver/srv/_GetAllJointsSpeedHardLimitation.py)
Linked: (/root/ros_ws/devel/.private/kortex_driver/lib/python3/dist-packages/kortex_driver/srv/_GetPayloadInformation.py, /root/ros_ws/devel/lib/python3/dist-packages/kortex_driver/srv/_GetPayloadInformation.py)
Linked: (/root/ros_ws/devel/.private/kortex_driver/lib/python3/dist-packages/kortex_driver/srv/_GetArmState.py, /root/ros_ws/devel/lib/python3/dist-packages/kortex_driver/srv/_GetArmState.py)
Linked: (/root/ros_ws/devel/.private/kortex_driver/lib/python3/dist-packages/kortex_driver/srv/_GetWrenchHardLimitation.py, /root/ros_ws/devel/lib/python3/dist-packages/kortex_driver/srv/_GetWrenchHardLimitation.py)
Linked: (/root/ros_ws/devel/.private/kortex_driver/lib/python3/dist-packages/kortex_driver/srv/__init__.py, /root/ros_ws/devel/lib/python3/dist-packages/kortex_driver/srv/__init__.py)
Linked: (/root/ros_ws/devel/.private/kortex_driver/lib/python3/dist-packages/kortex_driver/srv/_GetGPIOConfiguration.py, /root/ros_ws/devel/lib/python3/dist-packages/kortex_driver/srv/_GetGPIOConfiguration.py)
Linked: (/root/ros_ws/devel/.private/kortex_driver/lib/python3/dist-packages/kortex_driver/srv/_SetTwistAngularSoftLimit.py, /root/ros_ws/devel/lib/python3/dist-packages/kortex_driver/srv/_SetTwistAngularSoftLimit.py)
Linked: (/root/ros_ws/devel/.private/kortex_driver/lib/python3/dist-packages/kortex_driver/srv/_GetWrenchSoftLimitation.py, /root/ros_ws/devel/lib/python3/dist-packages/kortex_driver/srv/_GetWrenchSoftLimitation.py)
Linked: (/root/ros_ws/devel/.private/kortex_driver/lib/python3/dist-packages/kortex_driver/srv/_OnNotificationControllerTopic.py, /root/ros_ws/devel/lib/python3/dist-packages/kortex_driver/srv/_OnNotificationControllerTopic.py)
Linked: (/root/ros_ws/devel/.private/kortex_driver/lib/python3/dist-packages/kortex_driver/srv/_GetSafetyInformation.py, /root/ros_ws/devel/lib/python3/dist-packages/kortex_driver/srv/_GetSafetyInformation.py)
Linked: (/root/ros_ws/devel/.private/kortex_driver/lib/python3/dist-packages/kortex_driver/srv/_GetSafetyStatus.py, /root/ros_ws/devel/lib/python3/dist-packages/kortex_driver/srv/_GetSafetyStatus.py)
Linked: (/root/ros_ws/devel/.private/kortex_driver/lib/python3/dist-packages/kortex_driver/srv/_CreateSequence.py, /root/ros_ws/devel/lib/python3/dist-packages/kortex_driver/srv/_CreateSequence.py)
Linked: (/root/ros_ws/devel/.private/kortex_driver/lib/python3/dist-packages/kortex_driver/srv/_OnNotificationNetworkTopic.py, /root/ros_ws/devel/lib/python3/dist-packages/kortex_driver/srv/_OnNotificationNetworkTopic.py)
Linked: (/root/ros_ws/devel/.private/kortex_driver/lib/python3/dist-packages/kortex_driver/srv/_SendGripperCommand.py, /root/ros_ws/devel/lib/python3/dist-packages/kortex_driver/srv/_SendGripperCommand.py)
Linked: (/root/ros_ws/devel/.private/kortex_driver/lib/python3/dist-packages/kortex_driver/srv/_SetTorqueOffset.py, /root/ros_ws/devel/lib/python3/dist-packages/kortex_driver/srv/_SetTorqueOffset.py)
Linked: (/root/ros_ws/devel/.private/kortex_driver/lib/python3/dist-packages/kortex_driver/srv/_ChangePassword.py, /root/ros_ws/devel/lib/python3/dist-packages/kortex_driver/srv/_ChangePassword.py)
Linked: (/root/ros_ws/devel/.private/kortex_driver/lib/python3/dist-packages/kortex_driver/srv/_OnNotificationUserTopic.py, /root/ros_ws/devel/lib/python3/dist-packages/kortex_driver/srv/_OnNotificationUserTopic.py)
Linked: (/root/ros_ws/devel/.private/kortex_driver/lib/python3/dist-packages/kortex_driver/srv/_OnNotificationFactoryTopic.py, /root/ros_ws/devel/lib/python3/dist-packages/kortex_driver/srv/_OnNotificationFactoryTopic.py)
Linked: (/root/ros_ws/devel/.private/kortex_driver/lib/python3/dist-packages/kortex_driver/srv/_ReadAllDevices.py, /root/ros_ws/devel/lib/python3/dist-packages/kortex_driver/srv/_ReadAllDevices.py)
Linked: (/root/ros_ws/devel/.private/kortex_driver/lib/python3/dist-packages/kortex_driver/srv/_GetKinematicSoftLimits.py, /root/ros_ws/devel/lib/python3/dist-packages/kortex_driver/srv/_GetKinematicSoftLimits.py)
Linked: (/root/ros_ws/devel/.private/kortex_driver/lib/python3/dist-packages/kortex_driver/srv/_DeleteUserProfile.py, /root/ros_ws/devel/lib/python3/dist-packages/kortex_driver/srv/_DeleteUserProfile.py)
Linked: (/root/ros_ws/devel/.private/kortex_driver/lib/python3/dist-packages/kortex_driver/srv/_StopAction.py, /root/ros_ws/devel/lib/python3/dist-packages/kortex_driver/srv/_StopAction.py)
Linked: (/root/ros_ws/devel/.private/kortex_driver/lib/python3/dist-packages/kortex_driver/srv/_SetDesiredAngularTwist.py, /root/ros_ws/devel/lib/python3/dist-packages/kortex_driver/srv/_SetDesiredAngularTwist.py)
Linked: (/root/ros_ws/devel/.private/kortex_driver/lib/python3/dist-packages/kortex_driver/srv/_StopTeaching.py, /root/ros_ws/devel/lib/python3/dist-packages/kortex_driver/srv/_StopTeaching.py)
Linked: (/root/ros_ws/devel/.private/kortex_driver/lib/python3/dist-packages/kortex_driver/srv/_GetTwistHardLimitation.py, /root/ros_ws/devel/lib/python3/dist-packages/kortex_driver/srv/_GetTwistHardLimitation.py)
Linked: (/root/ros_ws/devel/.private/kortex_driver/lib/python3/dist-packages/kortex_driver/srv/_DeleteMap.py, /root/ros_ws/devel/lib/python3/dist-packages/kortex_driver/srv/_DeleteMap.py)
Linked: (/root/ros_ws/devel/.private/kortex_driver/lib/python3/dist-packages/kortex_driver/srv/_MoveToPosition.py, /root/ros_ws/devel/lib/python3/dist-packages/kortex_driver/srv/_MoveToPosition.py)
Linked: (/root/ros_ws/devel/.private/kortex_driver/lib/python3/dist-packages/kortex_driver/srv/_GetControllerState.py, /root/ros_ws/devel/lib/python3/dist-packages/kortex_driver/srv/_GetControllerState.py)
Linked: (/root/ros_ws/devel/.private/kortex_driver/lib/python3/dist-packages/kortex_driver/srv/_SetControlMode.py, /root/ros_ws/devel/lib/python3/dist-packages/kortex_driver/srv/_SetControlMode.py)
Linked: (/root/ros_ws/devel/.private/kortex_driver/lib/python3/dist-packages/kortex_driver/srv/_GetDeviceType.py, /root/ros_ws/devel/lib/python3/dist-packages/kortex_driver/srv/_GetDeviceType.py)
Linked: (/root/ros_ws/devel/.private/kortex_driver/lib/python3/dist-packages/kortex_driver/srv/_StopSequence.py, /root/ros_ws/devel/lib/python3/dist-packages/kortex_driver/srv/_StopSequence.py)
Linked: (/root/ros_ws/devel/.private/kortex_driver/lib/python3/dist-packages/kortex_driver/srv/_ActuatorConfig_ClearFaults.py, /root/ros_ws/devel/lib/python3/dist-packages/kortex_driver/srv/_ActuatorConfig_ClearFaults.py)
Linked: (/root/ros_ws/devel/.private/kortex_driver/lib/python3/dist-packages/kortex_driver/srv/_Base_SetCapSenseConfig.py, /root/ros_ws/devel/lib/python3/dist-packages/kortex_driver/srv/_Base_SetCapSenseConfig.py)
Linked: (/root/ros_ws/devel/.private/kortex_driver/lib/python3/dist-packages/kortex_driver/srv/_AddSequenceTasks.py, /root/ros_ws/devel/lib/python3/dist-packages/kortex_driver/srv/_AddSequenceTasks.py)
Linked: (/root/ros_ws/devel/.private/kortex_driver/lib/python3/dist-packages/kortex_driver/srv/_GetProductConfiguration.py, /root/ros_ws/devel/lib/python3/dist-packages/kortex_driver/srv/_GetProductConfiguration.py)
Linked: (/root/ros_ws/devel/.private/kortex_driver/lib/python3/dist-packages/kortex_driver/srv/_DeleteAction.py, /root/ros_ws/devel/lib/python3/dist-packages/kortex_driver/srv/_DeleteAction.py)
Linked: (/root/ros_ws/devel/.private/kortex_driver/lib/python3/dist-packages/kortex_driver/srv/_GetCartesianReferenceFrame.py, /root/ros_ws/devel/lib/python3/dist-packages/kortex_driver/srv/_GetCartesianReferenceFrame.py)
Linked: (/root/ros_ws/devel/.private/kortex_driver/lib/python3/dist-packages/kortex_driver/srv/_SetServoingMode.py, /root/ros_ws/devel/lib/python3/dist-packages/kortex_driver/srv/_SetServoingMode.py)
Linked: (/root/ros_ws/devel/.private/kortex_driver/lib/python3/dist-packages/kortex_driver/srv/_GetControllerConfigurationMode.py, /root/ros_ws/devel/lib/python3/dist-packages/kortex_driver/srv/_GetControllerConfigurationMode.py)
Linked: (/root/ros_ws/devel/.private/kortex_driver/lib/python3/dist-packages/kortex_driver/srv/_SetSafetyWarningThreshold.py, /root/ros_ws/devel/lib/python3/dist-packages/kortex_driver/srv/_SetSafetyWarningThreshold.py)
Linked: (/root/ros_ws/devel/.private/kortex_driver/lib/python3/dist-packages/kortex_driver/srv/_GetSensorSettings.py, /root/ros_ws/devel/lib/python3/dist-packages/kortex_driver/srv/_GetSensorSettings.py)
Linked: (/root/ros_ws/devel/.private/kortex_driver/lib/python3/dist-packages/kortex_driver/srv/_SetTwistLinearSoftLimit.py, /root/ros_ws/devel/lib/python3/dist-packages/kortex_driver/srv/_SetTwistLinearSoftLimit.py)
Linked: (/root/ros_ws/devel/.private/kortex_driver/lib/python3/dist-packages/kortex_driver/srv/_GetBootloaderVersion.py, /root/ros_ws/devel/lib/python3/dist-packages/kortex_driver/srv/_GetBootloaderVersion.py)
Linked: (/root/ros_ws/devel/.private/kortex_driver/lib/python3/dist-packages/kortex_driver/srv/_ConnectWifi.py, /root/ros_ws/devel/lib/python3/dist-packages/kortex_driver/srv/_ConnectWifi.py)
Linked: (/root/ros_ws/devel/.private/kortex_driver/lib/python3/dist-packages/kortex_driver/srv/_GetTorqueOffset.py, /root/ros_ws/devel/lib/python3/dist-packages/kortex_driver/srv/_GetTorqueOffset.py)
Linked: (/root/ros_ws/devel/.private/kortex_driver/lib/python3/dist-packages/kortex_driver/srv/_ReadMap.py, /root/ros_ws/devel/lib/python3/dist-packages/kortex_driver/srv/_ReadMap.py)
Linked: (/root/ros_ws/devel/.private/kortex_driver/lib/python3/dist-packages/kortex_driver/srv/_OnNotificationMappingInfoTopic.py, /root/ros_ws/devel/lib/python3/dist-packages/kortex_driver/srv/_OnNotificationMappingInfoTopic.py)
Linked: (/root/ros_ws/devel/.private/kortex_driver/lib/python3/dist-packages/kortex_driver/srv/_I2CWrite.py, /root/ros_ws/devel/lib/python3/dist-packages/kortex_driver/srv/_I2CWrite.py)
Linked: (/root/ros_ws/devel/.private/kortex_driver/lib/python3/dist-packages/kortex_driver/srv/_DuplicateMapping.py, /root/ros_ws/devel/lib/python3/dist-packages/kortex_driver/srv/_DuplicateMapping.py)
Linked: (/root/ros_ws/devel/.private/kortex_driver/lib/python3/dist-packages/kortex_driver/srv/_Base_Unsubscribe.py, /root/ros_ws/devel/lib/python3/dist-packages/kortex_driver/srv/_Base_Unsubscribe.py)
Linked: (/root/ros_ws/devel/.private/kortex_driver/lib/python3/dist-packages/kortex_driver/srv/_ReadAllMappings.py, /root/ros_ws/devel/lib/python3/dist-packages/kortex_driver/srv/_ReadAllMappings.py)
Linked: (/root/ros_ws/devel/.private/kortex_driver/lib/python3/dist-packages/kortex_driver/srv/_SetCartesianReferenceFrame.py, /root/ros_ws/devel/lib/python3/dist-packages/kortex_driver/srv/_SetCartesianReferenceFrame.py)
Linked: (/root/ros_ws/devel/.private/kortex_driver/lib/python3/dist-packages/kortex_driver/srv/_IsCommunicationInterfaceEnable.py, /root/ros_ws/devel/lib/python3/dist-packages/kortex_driver/srv/_IsCommunicationInterfaceEnable.py)
Linked: (/root/ros_ws/devel/.private/kortex_driver/lib/python3/dist-packages/kortex_driver/srv/_CreateMapping.py, /root/ros_ws/devel/lib/python3/dist-packages/kortex_driver/srv/_CreateMapping.py)
Linked: (/root/ros_ws/devel/.private/kortex_driver/lib/python3/dist-packages/kortex_driver/srv/_ReadAllMaps.py, /root/ros_ws/devel/lib/python3/dist-packages/kortex_driver/srv/_ReadAllMaps.py)
Linked: (/root/ros_ws/devel/.private/kortex_driver/lib/python3/dist-packages/kortex_driver/srv/_DeleteMapping.py, /root/ros_ws/devel/lib/python3/dist-packages/kortex_driver/srv/_DeleteMapping.py)
Linked: (/root/ros_ws/devel/.private/kortex_driver/lib/python3/dist-packages/kortex_driver/srv/_GetToolConfiguration.py, /root/ros_ws/devel/lib/python3/dist-packages/kortex_driver/srv/_GetToolConfiguration.py)
Linked: (/root/ros_ws/devel/.private/kortex_driver/lib/python3/dist-packages/kortex_driver/srv/_SetWifiEnableState.py, /root/ros_ws/devel/lib/python3/dist-packages/kortex_driver/srv/_SetWifiEnableState.py)
Linked: (/root/ros_ws/devel/.private/kortex_driver/lib/python3/dist-packages/kortex_driver/srv/_ResetJointSpeedSoftLimits.py, /root/ros_ws/devel/lib/python3/dist-packages/kortex_driver/srv/_ResetJointSpeedSoftLimits.py)
Linked: (/root/ros_ws/devel/.private/kortex_driver/lib/python3/dist-packages/kortex_driver/srv/_DisconnectWifi.py, /root/ros_ws/devel/lib/python3/dist-packages/kortex_driver/srv/_DisconnectWifi.py)
Linked: (/root/ros_ws/devel/.private/kortex_driver/lib/python3/dist-packages/kortex_driver/srv/_SetBluetoothEnableState.py, /root/ros_ws/devel/lib/python3/dist-packages/kortex_driver/srv/_SetBluetoothEnableState.py)
Linked: (/root/ros_ws/devel/.private/kortex_driver/lib/python3/dist-packages/kortex_driver/srv/_ValidateWaypointList.py, /root/ros_ws/devel/lib/python3/dist-packages/kortex_driver/srv/_ValidateWaypointList.py)
Linked: (/root/ros_ws/devel/.private/kortex_driver/lib/python3/dist-packages/kortex_driver/srv/_GetI2CConfiguration.py, /root/ros_ws/devel/lib/python3/dist-packages/kortex_driver/srv/_GetI2CConfiguration.py)
Linked: (/root/ros_ws/devel/.private/kortex_driver/lib/python3/dist-packages/kortex_driver/srv/_TakeSnapshot.py, /root/ros_ws/devel/lib/python3/dist-packages/kortex_driver/srv/_TakeSnapshot.py)
Linked: (/root/ros_ws/devel/.private/kortex_driver/lib/python3/dist-packages/kortex_driver/srv/_EnableBridge.py, /root/ros_ws/devel/lib/python3/dist-packages/kortex_driver/srv/_EnableBridge.py)
Linked: (/root/ros_ws/devel/.private/kortex_driver/lib/python3/dist-packages/kortex_driver/srv/_ComputeInverseKinematics.py, /root/ros_ws/devel/lib/python3/dist-packages/kortex_driver/srv/_ComputeInverseKinematics.py)
Linked: (/root/ros_ws/devel/.private/kortex_driver/lib/python3/dist-packages/kortex_driver/srv/_GetServoing.py, /root/ros_ws/devel/lib/python3/dist-packages/kortex_driver/srv/_GetServoing.py)
Linked: (/root/ros_ws/devel/.private/kortex_driver/lib/python3/dist-packages/kortex_driver/srv/_GetWifiInformation.py, /root/ros_ws/devel/lib/python3/dist-packages/kortex_driver/srv/_GetWifiInformation.py)
Linked: (/root/ros_ws/devel/.private/kortex_driver/lib/python3/dist-packages/kortex_driver/srv/_SetIntrinsicParameters.py, /root/ros_ws/devel/lib/python3/dist-packages/kortex_driver/srv/_SetIntrinsicParameters.py)
Linked: (/root/ros_ws/devel/.private/kortex_driver/lib/python3/dist-packages/kortex_driver/srv/_UpdateMapping.py, /root/ros_ws/devel/lib/python3/dist-packages/kortex_driver/srv/_UpdateMapping.py)
Linked: (/root/ros_ws/devel/.private/kortex_driver/lib/python3/dist-packages/kortex_driver/srv/_ResumeSequence.py, /root/ros_ws/devel/lib/python3/dist-packages/kortex_driver/srv/_ResumeSequence.py)
Linked: (/root/ros_ws/devel/.private/kortex_driver/lib/python3/dist-packages/kortex_driver/srv/_ExecuteCalibration.py, /root/ros_ws/devel/lib/python3/dist-packages/kortex_driver/srv/_ExecuteCalibration.py)
Linked: (/root/ros_ws/devel/.private/kortex_driver/lib/python3/dist-packages/kortex_driver/srv/_CreateUserProfile.py, /root/ros_ws/devel/lib/python3/dist-packages/kortex_driver/srv/_CreateUserProfile.py)
Linked: (/root/ros_ws/devel/.private/kortex_driver/lib/python3/dist-packages/kortex_driver/srv/_GetControllerConfiguration.py, /root/ros_ws/devel/lib/python3/dist-packages/kortex_driver/srv/_GetControllerConfiguration.py)
Linked: (/root/ros_ws/devel/.private/kortex_driver/lib/python3/dist-packages/kortex_driver/srv/_GetFirmwareBundleVersions.py, /root/ros_ws/devel/lib/python3/dist-packages/kortex_driver/srv/_GetFirmwareBundleVersions.py)
Linked: (/root/ros_ws/devel/.private/kortex_driver/lib/python3/dist-packages/kortex_driver/srv/_GetRunMode.py, /root/ros_ws/devel/lib/python3/dist-packages/kortex_driver/srv/_GetRunMode.py)
Linked: (/root/ros_ws/devel/.private/kortex_driver/lib/python3/dist-packages/kortex_driver/srv/_ClearAllSafetyStatus.py, /root/ros_ws/devel/lib/python3/dist-packages/kortex_driver/srv/_ClearAllSafetyStatus.py)
Linked: (/root/ros_ws/devel/.private/kortex_driver/lib/python3/dist-packages/kortex_driver/srv/_SetDesiredJointSpeeds.py, /root/ros_ws/devel/lib/python3/dist-packages/kortex_driver/srv/_SetDesiredJointSpeeds.py)
Linked: (/root/ros_ws/devel/.private/kortex_driver/lib/python3/dist-packages/kortex_driver/srv/_Base_GetControlMode.py, /root/ros_ws/devel/lib/python3/dist-packages/kortex_driver/srv/_Base_GetControlMode.py)
Linked: (/root/ros_ws/devel/.private/kortex_driver/lib/python3/dist-packages/kortex_driver/srv/_ReadSequence.py, /root/ros_ws/devel/lib/python3/dist-packages/kortex_driver/srv/_ReadSequence.py)
Linked: (/root/ros_ws/devel/.private/kortex_driver/lib/python3/dist-packages/kortex_driver/srv/_RestoreFactoryProductConfiguration.py, /root/ros_ws/devel/lib/python3/dist-packages/kortex_driver/srv/_RestoreFactoryProductConfiguration.py)
Linked: (/root/ros_ws/devel/.private/kortex_driver/lib/python3/dist-packages/kortex_driver/srv/_GetIntrinsicParameters.py, /root/ros_ws/devel/lib/python3/dist-packages/kortex_driver/srv/_GetIntrinsicParameters.py)
Linked: (/root/ros_ws/devel/.private/kortex_driver/lib/python3/dist-packages/kortex_driver/srv/_ControlConfig_OnNotificationControlModeTopic.py, /root/ros_ws/devel/lib/python3/dist-packages/kortex_driver/srv/_ControlConfig_OnNotificationControlModeTopic.py)
Linked: (/root/ros_ws/devel/.private/kortex_driver/lib/python3/dist-packages/kortex_driver/srv/_StartTeaching.py, /root/ros_ws/devel/lib/python3/dist-packages/kortex_driver/srv/_StartTeaching.py)
Linked: (/root/ros_ws/devel/.private/kortex_driver/lib/python3/dist-packages/kortex_driver/srv/_SwapSequenceTasks.py, /root/ros_ws/devel/lib/python3/dist-packages/kortex_driver/srv/_SwapSequenceTasks.py)
Linked: (/root/ros_ws/devel/.private/kortex_driver/lib/python3/dist-packages/kortex_driver/srv/_ReadAllUserProfiles.py, /root/ros_ws/devel/lib/python3/dist-packages/kortex_driver/srv/_ReadAllUserProfiles.py)
Linked: (/root/ros_ws/devel/.private/kortex_driver/lib/python3/dist-packages/kortex_driver/srv/_UpdateMap.py, /root/ros_ws/devel/lib/python3/dist-packages/kortex_driver/srv/_UpdateMap.py)
Linked: (/root/ros_ws/devel/.private/kortex_driver/lib/python3/dist-packages/kortex_driver/srv/_GetPartNumberRevision.py, /root/ros_ws/devel/lib/python3/dist-packages/kortex_driver/srv/_GetPartNumberRevision.py)
Linked: (/root/ros_ws/devel/.private/kortex_driver/lib/python3/dist-packages/kortex_driver/srv/_ResetPayloadInformation.py, /root/ros_ws/devel/lib/python3/dist-packages/kortex_driver/srv/_ResetPayloadInformation.py)
Linked: (/root/ros_ws/devel/.private/kortex_driver/lib/python3/dist-packages/kortex_driver/srv/_AddWifiConfiguration.py, /root/ros_ws/devel/lib/python3/dist-packages/kortex_driver/srv/_AddWifiConfiguration.py)
Linked: (/root/ros_ws/devel/.private/kortex_driver/lib/python3/dist-packages/kortex_driver/srv/_CreateProtectionZone.py, /root/ros_ws/devel/lib/python3/dist-packages/kortex_driver/srv/_CreateProtectionZone.py)
Linked: (/root/ros_ws/devel/.private/kortex_driver/lib/python3/dist-packages/kortex_driver/srv/_GetConfiguredWifi.py, /root/ros_ws/devel/lib/python3/dist-packages/kortex_driver/srv/_GetConfiguredWifi.py)
Linked: (/root/ros_ws/devel/.private/kortex_driver/lib/python3/dist-packages/kortex_driver/srv/_OnNotificationActionTopic.py, /root/ros_ws/devel/lib/python3/dist-packages/kortex_driver/srv/_OnNotificationActionTopic.py)
Linked: (/root/ros_ws/devel/.private/kortex_driver/lib/python3/dist-packages/kortex_driver/srv/_ControlConfig_GetControlMode.py, /root/ros_ws/devel/lib/python3/dist-packages/kortex_driver/srv/_ControlConfig_GetControlMode.py)
Linked: (/root/ros_ws/devel/.private/kortex_driver/lib/python3/dist-packages/kortex_driver/srv/_Base_OnNotificationControlModeTopic.py, /root/ros_ws/devel/lib/python3/dist-packages/kortex_driver/srv/_Base_OnNotificationControlModeTopic.py)
Linked: (/root/ros_ws/devel/.private/kortex_driver/lib/python3/dist-packages/kortex_driver/srv/_DuplicateMap.py, /root/ros_ws/devel/lib/python3/dist-packages/kortex_driver/srv/_DuplicateMap.py)
Linked: (/root/ros_ws/devel/.private/kortex_driver/lib/python3/dist-packages/kortex_driver/srv/_PlaySelectedJointTrajectory.py, /root/ros_ws/devel/lib/python3/dist-packages/kortex_driver/srv/_PlaySelectedJointTrajectory.py)
Linked: (/root/ros_ws/devel/.private/kortex_driver/lib/python3/dist-packages/kortex_driver/srv/_ReadAllUsers.py, /root/ros_ws/devel/lib/python3/dist-packages/kortex_driver/srv/_ReadAllUsers.py)
Linked: (/root/ros_ws/devel/.private/kortex_driver/lib/python3/dist-packages/kortex_driver/srv/_ReadAllSequences.py, /root/ros_ws/devel/lib/python3/dist-packages/kortex_driver/srv/_ReadAllSequences.py)
Linked: (/root/ros_ws/devel/.private/kortex_driver/lib/python3/dist-packages/kortex_driver/srv/_GetGPIOState.py, /root/ros_ws/devel/lib/python3/dist-packages/kortex_driver/srv/_GetGPIOState.py)
Linked: (/root/ros_ws/devel/.private/kortex_driver/lib/python3/dist-packages/kortex_driver/srv/_SetSafetyConfiguration.py, /root/ros_ws/devel/lib/python3/dist-packages/kortex_driver/srv/_SetSafetyConfiguration.py)
Linked: (/root/ros_ws/devel/.private/kortex_driver/lib/python3/dist-packages/kortex_driver/srv/_I2CRead.py, /root/ros_ws/devel/lib/python3/dist-packages/kortex_driver/srv/_I2CRead.py)
Linked: (/root/ros_ws/devel/.private/kortex_driver/lib/python3/dist-packages/kortex_driver/srv/_Base_ClearFaults.py, /root/ros_ws/devel/lib/python3/dist-packages/kortex_driver/srv/_Base_ClearFaults.py)
Linked: (/root/ros_ws/devel/.private/kortex_driver/lib/python3/dist-packages/kortex_driver/srv/_GetAllSafetyInformation.py, /root/ros_ws/devel/lib/python3/dist-packages/kortex_driver/srv/_GetAllSafetyInformation.py)
Linked: (/root/ros_ws/devel/.private/kortex_driver/lib/python3/dist-packages/kortex_driver/srv/_GetMeasuredCartesianPose.py, /root/ros_ws/devel/lib/python3/dist-packages/kortex_driver/srv/_GetMeasuredCartesianPose.py)
Linked: (/root/ros_ws/devel/.private/kortex_driver/lib/python3/dist-packages/kortex_driver/srv/_SetCommunicationInterfaceEnable.py, /root/ros_ws/devel/lib/python3/dist-packages/kortex_driver/srv/_SetCommunicationInterfaceEnable.py)
Linked: (/root/ros_ws/devel/.private/kortex_driver/lib/python3/dist-packages/kortex_driver/srv/_PlaySequence.py, /root/ros_ws/devel/lib/python3/dist-packages/kortex_driver/srv/_PlaySequence.py)
Linked: (/root/ros_ws/devel/.private/kortex_driver/lib/python3/dist-packages/kortex_driver/srv/_ReadAction.py, /root/ros_ws/devel/lib/python3/dist-packages/kortex_driver/srv/_ReadAction.py)
Linked: (/root/ros_ws/devel/.private/kortex_driver/lib/python3/dist-packages/kortex_driver/srv/_UpdateUserProfile.py, /root/ros_ws/devel/lib/python3/dist-packages/kortex_driver/srv/_UpdateUserProfile.py)
Linked: (/root/ros_ws/devel/.private/kortex_driver/lib/python3/dist-packages/kortex_driver/srv/_StopCalibration.py, /root/ros_ws/devel/lib/python3/dist-packages/kortex_driver/srv/_StopCalibration.py)
Linked: (/root/ros_ws/devel/.private/kortex_driver/lib/python3/dist-packages/kortex_driver/srv/_GetAvailableWifi.py, /root/ros_ws/devel/lib/python3/dist-packages/kortex_driver/srv/_GetAvailableWifi.py)
Linked: (/root/ros_ws/devel/.private/kortex_driver/lib/python3/dist-packages/kortex_driver/srv/_SetDeviceID.py, /root/ros_ws/devel/lib/python3/dist-packages/kortex_driver/srv/_SetDeviceID.py)
Linked: (/root/ros_ws/devel/.private/kortex_driver/lib/python3/dist-packages/kortex_driver/srv/_ExecuteActionFromReference.py, /root/ros_ws/devel/lib/python3/dist-packages/kortex_driver/srv/_ExecuteActionFromReference.py)
Linked: (/root/ros_ws/devel/.private/kortex_driver/lib/python3/dist-packages/kortex_driver/srv/_OnNotificationVisionTopic.py, /root/ros_ws/devel/lib/python3/dist-packages/kortex_driver/srv/_OnNotificationVisionTopic.py)
Linked: (/root/ros_ws/devel/.private/kortex_driver/lib/python3/dist-packages/kortex_driver/srv/_DeleteWifiConfiguration.py, /root/ros_ws/devel/lib/python3/dist-packages/kortex_driver/srv/_DeleteWifiConfiguration.py)
Linked: (/root/ros_ws/devel/.private/kortex_driver/lib/python3/dist-packages/kortex_driver/srv/_GetSerialNumber.py, /root/ros_ws/devel/lib/python3/dist-packages/kortex_driver/srv/_GetSerialNumber.py)
Linked: (/root/ros_ws/devel/.private/kortex_driver/lib/python3/dist-packages/kortex_driver/srv/_SetToolConfiguration.py, /root/ros_ws/devel/lib/python3/dist-packages/kortex_driver/srv/_SetToolConfiguration.py)
Linked: (/root/ros_ws/devel/.private/kortex_driver/lib/python3/dist-packages/kortex_driver/srv/_DoSensorFocusAction.py, /root/ros_ws/devel/lib/python3/dist-packages/kortex_driver/srv/_DoSensorFocusAction.py)
Linked: (/root/ros_ws/devel/.private/kortex_driver/lib/python3/dist-packages/kortex_driver/srv/_GetMeasuredGripperMovement.py, /root/ros_ws/devel/lib/python3/dist-packages/kortex_driver/srv/_GetMeasuredGripperMovement.py)
Linked: (/root/ros_ws/devel/.private/kortex_driver/lib/python3/dist-packages/kortex_driver/srv/_GetOptionValue.py, /root/ros_ws/devel/lib/python3/dist-packages/kortex_driver/srv/_GetOptionValue.py)
Linked: (/root/ros_ws/devel/.private/kortex_driver/lib/python3/dist-packages/kortex_driver/srv/_Base_GetCapSenseConfig.py, /root/ros_ws/devel/lib/python3/dist-packages/kortex_driver/srv/_Base_GetCapSenseConfig.py)
Linked: (/root/ros_ws/devel/.private/kortex_driver/lib/python3/dist-packages/kortex_driver/srv/_ResetJointAccelerationSoftLimits.py, /root/ros_ws/devel/lib/python3/dist-packages/kortex_driver/srv/_ResetJointAccelerationSoftLimits.py)
Linked: (/root/ros_ws/devel/.private/kortex_driver/lib/python3/dist-packages/kortex_driver/srv/_PlayCartesianTrajectoryPosition.py, /root/ros_ws/devel/lib/python3/dist-packages/kortex_driver/srv/_PlayCartesianTrajectoryPosition.py)
Linked: (/root/ros_ws/devel/.private/kortex_driver/lib/python3/dist-packages/kortex_driver/srv/_SetOperatingMode.py, /root/ros_ws/devel/lib/python3/dist-packages/kortex_driver/srv/_SetOperatingMode.py)
Linked: (/root/ros_ws/devel/.private/kortex_driver/lib/python3/dist-packages/kortex_driver/srv/_ControlConfig_Unsubscribe.py, /root/ros_ws/devel/lib/python3/dist-packages/kortex_driver/srv/_ControlConfig_Unsubscribe.py)
Linked: (/root/ros_ws/devel/.private/kortex_driver/lib/python3/dist-packages/kortex_driver/srv/_GetAllSafetyConfiguration.py, /root/ros_ws/devel/lib/python3/dist-packages/kortex_driver/srv/_GetAllSafetyConfiguration.py)
Linked: (/root/ros_ws/devel/.private/kortex_driver/lib/python3/dist-packages/kortex_driver/srv/_GetPartNumber.py, /root/ros_ws/devel/lib/python3/dist-packages/kortex_driver/srv/_GetPartNumber.py)
Linked: (/root/ros_ws/devel/.private/kortex_driver/lib/python3/dist-packages/kortex_driver/srv/_SendWrenchJoystickCommand.py, /root/ros_ws/devel/lib/python3/dist-packages/kortex_driver/srv/_SendWrenchJoystickCommand.py)
Linked: (/root/ros_ws/devel/.private/kortex_driver/lib/python3/dist-packages/kortex_driver/srv/_GetBridgeConfig.py, /root/ros_ws/devel/lib/python3/dist-packages/kortex_driver/srv/_GetBridgeConfig.py)
Linked: (/root/ros_ws/devel/.private/kortex_driver/lib/python3/dist-packages/kortex_driver/srv/_SetOptionValue.py, /root/ros_ws/devel/lib/python3/dist-packages/kortex_driver/srv/_SetOptionValue.py)
Linked: (/root/ros_ws/devel/.private/kortex_driver/lib/python3/dist-packages/kortex_driver/srv/_PauseSequence.py, /root/ros_ws/devel/lib/python3/dist-packages/kortex_driver/srv/_PauseSequence.py)
Linked: (/root/ros_ws/devel/.private/kortex_driver/lib/python3/dist-packages/kortex_driver/srv/_SetIPv4Configuration.py, /root/ros_ws/devel/lib/python3/dist-packages/kortex_driver/srv/_SetIPv4Configuration.py)
Linked: (/root/ros_ws/devel/.private/kortex_driver/lib/python3/dist-packages/kortex_driver/srv/_SendTwistJoystickCommand.py, /root/ros_ws/devel/lib/python3/dist-packages/kortex_driver/srv/_SendTwistJoystickCommand.py)
Linked: (/root/ros_ws/devel/.private/kortex_driver/lib/python3/dist-packages/kortex_driver/srv/_CreateAction.py, /root/ros_ws/devel/lib/python3/dist-packages/kortex_driver/srv/_CreateAction.py)
Linked: (/root/ros_ws/devel/.private/kortex_driver/lib/python3/dist-packages/kortex_driver/srv/_SetCoggingFeedforwardMode.py, /root/ros_ws/devel/lib/python3/dist-packages/kortex_driver/srv/_SetCoggingFeedforwardMode.py)
Linked: (/root/ros_ws/devel/.private/kortex_driver/lib/python3/dist-packages/kortex_driver/srv/_ReadAllActions.py, /root/ros_ws/devel/lib/python3/dist-packages/kortex_driver/srv/_ReadAllActions.py)
Linked: (/root/ros_ws/devel/.private/kortex_driver/lib/python3/dist-packages/kortex_driver/srv/_GetMACAddress.py, /root/ros_ws/devel/lib/python3/dist-packages/kortex_driver/srv/_GetMACAddress.py)
Linked: (/root/ros_ws/devel/.private/kortex_driver/lib/python3/dist-packages/kortex_driver/srv/_GetCalibrationResult.py, /root/ros_ws/devel/lib/python3/dist-packages/kortex_driver/srv/_GetCalibrationResult.py)
Linked: (/root/ros_ws/devel/.private/kortex_driver/lib/python3/dist-packages/kortex_driver/srv/_CreateMap.py, /root/ros_ws/devel/lib/python3/dist-packages/kortex_driver/srv/_CreateMap.py)
Linked: (/root/ros_ws/devel/.private/kortex_driver/lib/python3/dist-packages/kortex_driver/srv/_ComputeForwardKinematics.py, /root/ros_ws/devel/lib/python3/dist-packages/kortex_driver/srv/_ComputeForwardKinematics.py)
Linked: (/root/ros_ws/devel/.private/kortex_driver/lib/python3/dist-packages/kortex_driver/srv/_GetIntrinsicParametersProfile.py, /root/ros_ws/devel/lib/python3/dist-packages/kortex_driver/srv/_GetIntrinsicParametersProfile.py)
Linked: (/root/ros_ws/devel/.private/kortex_driver/lib/python3/dist-packages/kortex_driver/srv/_GetServoingMode.py, /root/ros_ws/devel/lib/python3/dist-packages/kortex_driver/srv/_GetServoingMode.py)
Linked: (/root/ros_ws/devel/.private/kortex_driver/lib/python3/dist-packages/kortex_driver/srv/_SetGravityVector.py, /root/ros_ws/devel/lib/python3/dist-packages/kortex_driver/srv/_SetGravityVector.py)
Linked: (/root/ros_ws/devel/.private/kortex_driver/lib/python3/dist-packages/kortex_driver/srv/_GetAllConnectedControllers.py, /root/ros_ws/devel/lib/python3/dist-packages/kortex_driver/srv/_GetAllConnectedControllers.py)
Linked: (/root/ros_ws/devel/.private/kortex_driver/lib/python3/dist-packages/kortex_driver/srv/_GetAllJointsTorqueHardLimitation.py, /root/ros_ws/devel/lib/python3/dist-packages/kortex_driver/srv/_GetAllJointsTorqueHardLimitation.py)
Linked: (/root/ros_ws/devel/.private/kortex_driver/lib/python3/dist-packages/kortex_driver/srv/_GetIPv4Configuration.py, /root/ros_ws/devel/lib/python3/dist-packages/kortex_driver/srv/_GetIPv4Configuration.py)
Linked: (/root/ros_ws/devel/.private/kortex_driver/lib/python3/dist-packages/kortex_driver/srv/_ClearSafetyStatus.py, /root/ros_ws/devel/lib/python3/dist-packages/kortex_driver/srv/_ClearSafetyStatus.py)
Linked: (/root/ros_ws/devel/.private/kortex_driver/lib/python3/dist-packages/kortex_driver/srv/_GetAllConfiguredWifis.py, /root/ros_ws/devel/lib/python3/dist-packages/kortex_driver/srv/_GetAllConfiguredWifis.py)
Linked: (/root/ros_ws/devel/.private/kortex_driver/lib/python3/dist-packages/kortex_driver/srv/_SetApiOptions.py, /root/ros_ws/devel/lib/python3/dist-packages/kortex_driver/srv/_SetApiOptions.py)
Linked: (/root/ros_ws/devel/.private/kortex_driver/lib/python3/dist-packages/kortex_driver/srv/_SetControllerConfiguration.py, /root/ros_ws/devel/lib/python3/dist-packages/kortex_driver/srv/_SetControllerConfiguration.py)
Linked: (/root/ros_ws/devel/.private/kortex_driver/lib/python3/dist-packages/kortex_driver/srv/_ActuatorConfig_GetControlMode.py, /root/ros_ws/devel/lib/python3/dist-packages/kortex_driver/srv/_ActuatorConfig_GetControlMode.py)
Linked: (/root/ros_ws/devel/.private/kortex_driver/lib/python3/dist-packages/kortex_driver/srv/_SetDesiredLinearTwist.py, /root/ros_ws/devel/lib/python3/dist-packages/kortex_driver/srv/_SetDesiredLinearTwist.py)
Linked: (/root/ros_ws/devel/.private/kortex_driver/lib/python3/dist-packages/kortex_driver/srv/_SetJointAccelerationSoftLimits.py, /root/ros_ws/devel/lib/python3/dist-packages/kortex_driver/srv/_SetJointAccelerationSoftLimits.py)
Linked: (/root/ros_ws/devel/.private/kortex_driver/lib/python3/dist-packages/kortex_driver/srv/_UpdateEndEffectorTypeConfiguration.py, /root/ros_ws/devel/lib/python3/dist-packages/kortex_driver/srv/_UpdateEndEffectorTypeConfiguration.py)
Linked: (/root/ros_ws/devel/.private/kortex_driver/lib/python3/dist-packages/kortex_driver/srv/_GetUARTConfiguration.py, /root/ros_ws/devel/lib/python3/dist-packages/kortex_driver/srv/_GetUARTConfiguration.py)
Linked: (/root/ros_ws/devel/.private/kortex_driver/lib/python3/dist-packages/kortex_driver/srv/_PlayCartesianTrajectoryOrientation.py, /root/ros_ws/devel/lib/python3/dist-packages/kortex_driver/srv/_PlayCartesianTrajectoryOrientation.py)
Linked: (/root/ros_ws/devel/.private/kortex_driver/lib/python3/dist-packages/kortex_driver/srv/_OnNotificationServoingModeTopic.py, /root/ros_ws/devel/lib/python3/dist-packages/kortex_driver/srv/_OnNotificationServoingModeTopic.py)
Linked: (/root/ros_ws/devel/.private/kortex_driver/lib/python3/dist-packages/kortex_driver/srv/_GetIPv4Information.py, /root/ros_ws/devel/lib/python3/dist-packages/kortex_driver/srv/_GetIPv4Information.py)
Linked: (/root/ros_ws/devel/.private/kortex_driver/lib/python3/dist-packages/kortex_driver/srv/_PlayJointTrajectory.py, /root/ros_ws/devel/lib/python3/dist-packages/kortex_driver/srv/_PlayJointTrajectory.py)
Linked: (/root/ros_ws/devel/.private/kortex_driver/lib/python3/dist-packages/kortex_driver/srv/_OnNotificationControlConfigurationTopic.py, /root/ros_ws/devel/lib/python3/dist-packages/kortex_driver/srv/_OnNotificationControlConfigurationTopic.py)
Linked: (/root/ros_ws/devel/.private/kortex_driver/lib/python3/dist-packages/kortex_driver/srv/_ReadUserProfile.py, /root/ros_ws/devel/lib/python3/dist-packages/kortex_driver/srv/_ReadUserProfile.py)
Linked: (/root/ros_ws/devel/.private/kortex_driver/lib/python3/dist-packages/kortex_driver/srv/_ExecuteAction.py, /root/ros_ws/devel/lib/python3/dist-packages/kortex_driver/srv/_ExecuteAction.py)
Linked: (/root/ros_ws/devel/.private/kortex_driver/lib/python3/dist-packages/kortex_driver/srv/_GetSafetyEnable.py, /root/ros_ws/devel/lib/python3/dist-packages/kortex_driver/srv/_GetSafetyEnable.py)
Linked: (/root/ros_ws/devel/.private/kortex_driver/lib/python3/dist-packages/kortex_driver/srv/_SetControllerConfigurationMode.py, /root/ros_ws/devel/lib/python3/dist-packages/kortex_driver/srv/_SetControllerConfigurationMode.py)
Linked: (/root/ros_ws/devel/.private/kortex_driver/lib/python3/dist-packages/kortex_driver/srv/_ReadProtectionZone.py, /root/ros_ws/devel/lib/python3/dist-packages/kortex_driver/srv/_ReadProtectionZone.py)
Linked: (/root/ros_ws/devel/.private/kortex_driver/lib/python3/dist-packages/kortex_driver/srv/_OnNotificationProtectionZoneTopic.py, /root/ros_ws/devel/lib/python3/dist-packages/kortex_driver/srv/_OnNotificationProtectionZoneTopic.py)
Linked: (/root/ros_ws/devel/.private/kortex_driver/lib/python3/dist-packages/kortex_driver/srv/_GetAllJointsTorqueSoftLimitation.py, /root/ros_ws/devel/lib/python3/dist-packages/kortex_driver/srv/_GetAllJointsTorqueSoftLimitation.py)
Linked: (/root/ros_ws/devel/.private/kortex_driver/lib/python3/dist-packages/kortex_driver/srv/_SetWifiCountryCode.py, /root/ros_ws/devel/lib/python3/dist-packages/kortex_driver/srv/_SetWifiCountryCode.py)
Linked: (/root/ros_ws/devel/.private/kortex_driver/lib/python3/dist-packages/kortex_driver/srv/_GetCommandMode.py, /root/ros_ws/devel/lib/python3/dist-packages/kortex_driver/srv/_GetCommandMode.py)
Linked: (/root/ros_ws/devel/.private/kortex_driver/lib/python3/dist-packages/kortex_driver/srv/_UpdateSequenceTask.py, /root/ros_ws/devel/lib/python3/dist-packages/kortex_driver/srv/_UpdateSequenceTask.py)
Linked: (/root/ros_ws/devel/.private/kortex_driver/lib/python3/dist-packages/kortex_driver/srv/_GetTwistSoftLimitation.py, /root/ros_ws/devel/lib/python3/dist-packages/kortex_driver/srv/_GetTwistSoftLimitation.py)
Linked: (/root/ros_ws/devel/.private/kortex_driver/lib/python3/dist-packages/kortex_driver/srv/_SetJointSpeedSoftLimits.py, /root/ros_ws/devel/lib/python3/dist-packages/kortex_driver/srv/_SetJointSpeedSoftLimits.py)
Linked: (/root/ros_ws/devel/.private/kortex_driver/lib/python3/dist-packages/kortex_driver/srv/_OnNotificationSequenceInfoTopic.py, /root/ros_ws/devel/lib/python3/dist-packages/kortex_driver/srv/_OnNotificationSequenceInfoTopic.py)
Linked: (/root/ros_ws/devel/.private/kortex_driver/lib/python3/dist-packages/kortex_driver/srv/_RestoreFactorySettings.py, /root/ros_ws/devel/lib/python3/dist-packages/kortex_driver/srv/_RestoreFactorySettings.py)
Linked: (/root/ros_ws/devel/.private/kortex_driver/lib/python3/dist-packages/kortex_driver/srv/_SetSensorSettings.py, /root/ros_ws/devel/lib/python3/dist-packages/kortex_driver/srv/_SetSensorSettings.py)
Linked: (/root/ros_ws/devel/.private/kortex_driver/lib/python3/dist-packages/kortex_driver/srv/_OnNotificationOperatingModeTopic.py, /root/ros_ws/devel/lib/python3/dist-packages/kortex_driver/srv/_OnNotificationOperatingModeTopic.py)
Linked: (/root/ros_ws/devel/.private/kortex_driver/lib/python3/dist-packages/kortex_driver/srv/_SetControlLoopParameters.py, /root/ros_ws/devel/lib/python3/dist-packages/kortex_driver/srv/_SetControlLoopParameters.py)
Linked: (/root/ros_ws/devel/.private/kortex_driver/lib/python3/dist-packages/kortex_driver/srv/_SetCommandMode.py, /root/ros_ws/devel/lib/python3/dist-packages/kortex_driver/srv/_SetCommandMode.py)
Linked: (/root/ros_ws/devel/.private/kortex_driver/lib/python3/dist-packages/kortex_driver/srv/_DeleteAllSequenceTasks.py, /root/ros_ws/devel/lib/python3/dist-packages/kortex_driver/srv/_DeleteAllSequenceTasks.py)
Linked: (/root/ros_ws/devel/.private/kortex_driver/lib/python3/dist-packages/kortex_driver/srv/_OnNotificationConfigurationChangeTopic.py, /root/ros_ws/devel/lib/python3/dist-packages/kortex_driver/srv/_OnNotificationConfigurationChangeTopic.py)
Linked: (/root/ros_ws/devel/.private/kortex_driver/lib/python3/dist-packages/kortex_driver/srv/_ReadAllProtectionZones.py, /root/ros_ws/devel/lib/python3/dist-packages/kortex_driver/srv/_ReadAllProtectionZones.py)
Linked: (/root/ros_ws/devel/.private/kortex_driver/lib/python3/dist-packages/kortex_driver/srv/_MoveSequenceTask.py, /root/ros_ws/devel/lib/python3/dist-packages/kortex_driver/srv/_MoveSequenceTask.py)
Linked: (/root/ros_ws/devel/.private/kortex_driver/lib/python3/dist-packages/kortex_driver/srv/_SetGPIOState.py, /root/ros_ws/devel/lib/python3/dist-packages/kortex_driver/srv/_SetGPIOState.py)
Linked: (/root/ros_ws/devel/.private/kortex_driver/lib/python3/dist-packages/kortex_driver/srv/_SetSafetyEnable.py, /root/ros_ws/devel/lib/python3/dist-packages/kortex_driver/srv/_SetSafetyEnable.py)
Linked: (/root/ros_ws/devel/.private/kortex_driver/lib/python3/dist-packages/kortex_driver/srv/_PlayPreComputedJointTrajectory.py, /root/ros_ws/devel/lib/python3/dist-packages/kortex_driver/srv/_PlayPreComputedJointTrajectory.py)
Linked: (/root/ros_ws/devel/.private/kortex_driver/lib/python3/dist-packages/kortex_driver/srv/_GetTrajectoryErrorReport.py, /root/ros_ws/devel/lib/python3/dist-packages/kortex_driver/srv/_GetTrajectoryErrorReport.py)
Linked: (/root/ros_ws/devel/.private/kortex_driver/lib/python3/dist-packages/kortex_driver/srv/_ReadSequenceTask.py, /root/ros_ws/devel/lib/python3/dist-packages/kortex_driver/srv/_ReadSequenceTask.py)
Linked: (/root/ros_ws/devel/.private/kortex_driver/lib/python3/dist-packages/kortex_driver/srv/_GetAllControllerConfigurations.py, /root/ros_ws/devel/lib/python3/dist-packages/kortex_driver/srv/_GetAllControllerConfigurations.py)
Linked: (/root/ros_ws/devel/.private/kortex_driver/lib/python3/dist-packages/kortex_driver/srv/_GetActivatedControlLoop.py, /root/ros_ws/devel/lib/python3/dist-packages/kortex_driver/srv/_GetActivatedControlLoop.py)
Linked: (/root/ros_ws/devel/.private/kortex_driver/lib/python3/dist-packages/kortex_driver/srv/_OnNotificationRobotEventTopic.py, /root/ros_ws/devel/lib/python3/dist-packages/kortex_driver/srv/_OnNotificationRobotEventTopic.py)
Linked: (/root/ros_ws/devel/.private/kortex_driver/lib/python3/dist-packages/kortex_driver/srv/_OnNotificationSafetyTopic.py, /root/ros_ws/devel/lib/python3/dist-packages/kortex_driver/srv/_OnNotificationSafetyTopic.py)
Linked: (/root/ros_ws/devel/.private/kortex_driver/lib/python3/dist-packages/kortex_driver/srv/_DeleteSequenceTask.py, /root/ros_ws/devel/lib/python3/dist-packages/kortex_driver/srv/_DeleteSequenceTask.py)
Linked: (/root/ros_ws/devel/.private/kortex_driver/lib/python3/dist-packages/kortex_driver/srv/_SendJointSpeedsCommand.py, /root/ros_ws/devel/lib/python3/dist-packages/kortex_driver/srv/_SendJointSpeedsCommand.py)
Linked: (/root/ros_ws/devel/.private/kortex_driver/lib/python3/dist-packages/kortex_driver/srv/_I2CWriteRegister.py, /root/ros_ws/devel/lib/python3/dist-packages/kortex_driver/srv/_I2CWriteRegister.py)
Linked: (/root/ros_ws/devel/.private/kortex_driver/lib/python3/dist-packages/kortex_driver/srv/_GetConnectedWifiInformation.py, /root/ros_ws/devel/lib/python3/dist-packages/kortex_driver/srv/_GetConnectedWifiInformation.py)
Linked: (/root/ros_ws/devel/.private/kortex_driver/lib/python3/dist-packages/kortex_driver/srv/_SetExtrinsicParameters.py, /root/ros_ws/devel/lib/python3/dist-packages/kortex_driver/srv/_SetExtrinsicParameters.py)
Linked: (/root/ros_ws/devel/.private/kortex_driver/lib/python3/dist-packages/kortex_driver/srv/_SetRunMode.py, /root/ros_ws/devel/lib/python3/dist-packages/kortex_driver/srv/_SetRunMode.py)
Linked: (/root/ros_ws/devel/.private/kortex_driver/lib/python3/dist-packages/kortex_driver/srv/_GetBluetoothEnableState.py, /root/ros_ws/devel/lib/python3/dist-packages/kortex_driver/srv/_GetBluetoothEnableState.py)
Linked: (/root/ros_ws/devel/.private/kortex_driver/lib/python3/dist-packages/kortex_driver/srv/_GetControlLoopParameters.py, /root/ros_ws/devel/lib/python3/dist-packages/kortex_driver/srv/_GetControlLoopParameters.py)
Linked: (/root/ros_ws/devel/.private/kortex_driver/lib/python3/dist-packages/kortex_driver/srv/_ResetTwistLinearSoftLimit.py, /root/ros_ws/devel/lib/python3/dist-packages/kortex_driver/srv/_ResetTwistLinearSoftLimit.py)
Linked: (/root/ros_ws/devel/.private/kortex_driver/lib/python3/dist-packages/kortex_driver/srv/_UpdateSequence.py, /root/ros_ws/devel/lib/python3/dist-packages/kortex_driver/srv/_UpdateSequence.py)
Linked: (/root/ros_ws/devel/.private/kortex_driver/lib/python3/dist-packages/kortex_driver/srv/_ResetSafetyDefaults.py, /root/ros_ws/devel/lib/python3/dist-packages/kortex_driver/srv/_ResetSafetyDefaults.py)
Linked: (/root/ros_ws/devel/.private/kortex_driver/lib/python3/dist-packages/kortex_driver/srv/_DeviceConfig_SetCapSenseConfig.py, /root/ros_ws/devel/lib/python3/dist-packages/kortex_driver/srv/_DeviceConfig_SetCapSenseConfig.py)
Linked: (/root/ros_ws/devel/.private/kortex_driver/lib/python3/dist-packages/kortex_driver/srv/_ResetTwistAngularSoftLimit.py, /root/ros_ws/devel/lib/python3/dist-packages/kortex_driver/srv/_ResetTwistAngularSoftLimit.py)
Linked: (/root/ros_ws/devel/.private/kortex_driver/lib/python3/dist-packages/kortex_driver/srv/_ActivateMap.py, /root/ros_ws/devel/lib/python3/dist-packages/kortex_driver/srv/_ActivateMap.py)
Linked: (/root/ros_ws/devel/.private/kortex_driver/lib/python3/dist-packages/kortex_driver/srv/_SendSelectedJointSpeedCommand.py, /root/ros_ws/devel/lib/python3/dist-packages/kortex_driver/srv/_SendSelectedJointSpeedCommand.py)
Linked: (/root/ros_ws/devel/.private/kortex_driver/lib/python3/dist-packages/kortex_driver/srv/_GetWifiCountryCode.py, /root/ros_ws/devel/lib/python3/dist-packages/kortex_driver/srv/_GetWifiCountryCode.py)
Linked: (/root/ros_ws/devel/.private/kortex_driver/lib/python3/dist-packages/kortex_driver/srv/_SendSelectedJointSpeedJoystickCommand.py, /root/ros_ws/devel/lib/python3/dist-packages/kortex_driver/srv/_SendSelectedJointSpeedJoystickCommand.py)
Linked: (/root/ros_ws/devel/.private/kortex_driver/lib/python3/dist-packages/kortex_driver/srv/_GetAxisOffsets.py, /root/ros_ws/devel/lib/python3/dist-packages/kortex_driver/srv/_GetAxisOffsets.py)
Linked: (/root/ros_ws/devel/.private/kortex_driver/lib/python3/dist-packages/kortex_driver/srv/_SetUARTConfiguration.py, /root/ros_ws/devel/lib/python3/dist-packages/kortex_driver/srv/_SetUARTConfiguration.py)
Linked: (/root/ros_ws/devel/.private/kortex_driver/lib/kortex_driver/kortex_arm_driver, /root/ros_ws/devel/lib/kortex_driver/kortex_arm_driver)
Linked: (/root/ros_ws/devel/.private/kortex_driver/lib/pkgconfig/kortex_driver.pc, /root/ros_ws/devel/lib/pkgconfig/kortex_driver.pc)
